term,category,subcategory,priority,shortDefinition,tusPearl,differentialPoint,safeNestedTerms,occurrenceCount,sourceExamples
Uterin inversiyon,Kadın Hastalıkları ve Doğum,Doğum sonu aciller,P0,Fundusun içe dönerek serviks/vajinaya doğru prolabe olmasıdır.,Postpartum kanama + fundus palpe edilemiyor/prolapsus = uterin inversiyon düşün.,Uterin atonide uterus gevşek ama inversiyon yoktur; inversiyonda anatomik yer değiştirme vardır.,Postpartum kanama | Uterin atoni | Plasenta,0,
Metotreksat tedavisi,Kadın Hastalıkları ve Doğum,Ektopik gebelik tedavisi,P0,Uygun stabil ektopik gebelikte trofoblast proliferasyonunu durdurmak için kullanılan medikal tedavidir.,"Ektopikte önce hemodinamiye bak: stabil seçilmiş olgu metotreksat, instabil/rüptüre olgu cerrahidir.",İntrauterin gebelikte kontrendikedir; rüptür şüphesinde zaman kaybettirebilir.,Ektopik gebelik | Seri beta-hCG | Rüptüre ektopik gebelik,99,"Tek doz metotreksatla ayaktan tedavi planlanması || Ektopik gebelikte yönetimi tanı etiketinden çok stabilite belirler: instabilite, peritoneal bulgu veya belirgin serbest sıvı varsa seri beta-hCG/metotreksat değil resüsitasyon ve cerrahi önceliklidir."
Endometrial hiperplazi,Kadın Hastalıkları ve Doğum,Endometrium patolojisi,P0,Karşılanmamış östrojen etkisiyle endometrial bez/stroma oranının artmasıdır.,Anovulasyon/obezite + AUK = endometrial hiperplazi ve kanser riskini düşün.,Leiomyom yapısal kanama nedeni olabilir; hiperplazi hormonal proliferasyon patolojisidir.,Anovulasyon | Endometrial biyopsi | Endometrium kanseri,52,"Bu vakada karar noktası kanamayı geçici olarak durdurmak değil, endometriyal hiperplazi veya karsinomu dışlayacak doku tanısını almaktır. TVUSG bulgusu ve risk faktörleri izlem eşiğini aşmıştır. || Obezite ve hipertansiyon endometriyal hiperplazi/karsinom riskini artırır."
Gebeliği bilinmeyen lokalizasyon,Kadın Hastalıkları ve Doğum,Erken gebelik / ektopik gebelik,P0,Gebelik testi pozitifken gebeliğin rahim içinde mi dışında mı olduğunun henüz gösterilemediği durumdur.,Pozitif β-hCG + intrauterin kese yokluğu = lokalizasyon belirsizliği; instabilite varsa ektopik rüptür gibi yönet.,Stabil hastada seri β-hCG/USG yapılabilir; instabil hastada aynı ifade rüptüre ektopik olasılığını geciktirmemelidir.,Ektopik gebelik | Seri beta-hCG | Transvajinal ultrasonografi,75,"Seri beta-hCG ve kontrol ultrasonografi, hemodinamik olarak stabil ve peritoneal bulgusu olmayan gebeliği bilinmeyen lokalizasyon olgularında kullanılabilir. Bu hastada hipotansiyon, belirgin taşikardi, defans ve serbest sıvı bulunduğu için bekleme yaklaşımı olası intraperitoneal kanamayı geciktirir. || Küretaj, stabil gebeliği bilinmeyen lokalizasyon olgularında seçilmiş tanısal durumlarda gündeme gelebilir; akut batın ve hipovolemi bulgusu olan hastada ilk basamak değildir. Ayrıca kanama odağı intrauterin değilse zaman kaybettirir."
Septik abortus,Kadın Hastalıkları ve Doğum,Erken gebelik enfeksiyonu,P0,Abortus sürecine uterin enfeksiyon ve sistemik enfeksiyon bulgularının eşlik ettiği acil tablodur.,Düşük + ateş/kötü kokulu akıntı/uterin hassasiyet = septik abortus; antibiyotik + boşaltım gerekir.,PID pelvik ağrı yapabilir ama pozitif gebelik ve abortus materyali bağlamında enfekte gebelik ürünü önceliklidir.,Dilatasyon-küretaj | Puerperal sepsis | Geniş spektrumlu antibiyotik,0,
İntrauterin gelişme kısıtlılığı,Kadın Hastalıkları ve Doğum,Fetal büyüme,P0,Fetüsün beklenen genetik büyüme potansiyeline ulaşamamasıdır.,Küçük fetus + preeklampsi/oligohidramnios/anormal Doppler = patolojik IUGR.,SGA konstitüsyonel olabilir; IUGR’de plasental/fetal patoloji ve fetal risk vardır.,Uteroplasental yetmezlik | Oligohidramnios | Umbilikal arter Doppler,0,
Umbilikal arter Doppler,Kadın Hastalıkları ve Doğum,Fetal büyüme izlemi,P0,Umbilikal arter akım direncini değerlendirerek plasental direnç ve fetal risk hakkında bilgi veren Doppler incelemesidir.,IUGR + absent/reversed end-diastolic flow = yüksek riskli plasental yetmezlik.,Normal Doppler konstitüsyonel küçük fetus lehine olabilir; anormal Doppler patolojik IUGR lehinedir.,İntrauterin gelişme kısıtlılığı | Uteroplasental yetmezlik | Oligohidramnios,0,
Rh izoimmünizasyonu,Kadın Hastalıkları ve Doğum,Fetal-maternal immünoloji,P0,Rh-negatif annenin Rh-pozitif fetal eritrositlere karşı anti-D antikoru geliştirmesidir.,Rh-negatif anne + duyarlanma yoksa anti-D profilaksisi; duyarlanma varsa fetal anemi izlemi.,ABO uygunsuzluğu genellikle daha hafiftir; Rh izoimmünizasyonu hidropsa ilerleyebilir.,Anti-D immünoglobulin | Hidrops fetalis | İndirekt Coombs testi,28,"Postpartum Rh uygunsuzluğu riskini anne antikor durumu ve yenidoğan kan grubuyla birlikte değerlendirerek uygun immünoprofilaksiyi seçme. || Doğru yaklaşımdır. Anne Rh negatif ve indirekt Coombs negatif, bebek Rh pozitiftir; bu nedenle anti-D immünglobulin anneye postpartum ilk 72 saat içinde verilerek sonraki gebeliklerde Rh alloimmünizasyonu önlenir."
Gestasyonel trofoblastik neoplazi,Kadın Hastalıkları ve Doğum,Gestasyonel trofoblastik hastalık,P0,Molar gebelik veya gebelik sonrası trofoblastik dokunun persistan/progresif malign proliferasyonudur.,Mol sonrası β-hCG düşmüyor/yükseliyor = gestasyonel trofoblastik neoplazi açısından alarm.,"Normal gebelik sonrası β-hCG düşer; persistan yükselme yeni gebelik, rezidüel trofoblast veya neoplazi ayrımı gerektirir.",Hidatidiform mol | Koryokarsinom | Metotreksat,31,"Gestasyonel trofoblastik hastalıkların tanı ve tedavi sonrası takibinde beta-hCG düzeyleri kullanılır. CA-125 over epitel tümörleriyle, AFP germ hücreli tümörler ve hepatoselüler karsinomla, CEA gastrointestinal malignitelerle daha çok ilişkilidir. Gestasyonel trofoblastik hastalıklar trofoblastik dokudan kaynaklandığı için izlemde seri beta-hCG ölçümü temel belirteçtir. Beta-hCG trofoblastik doku aktivitesini yansıttığı için gestasyonel trofoblastik hastalık izleminin temel belirtecidir. TUS açısından ayırıcı nokt || Mol gebelik ve gestasyonel trofoblastik neoplazi takibinde seri beta-hCG düşüş paterni kritik sınav bilgisidir."
Hidatidiform mol,Kadın Hastalıkları ve Doğum,Gestasyonel trofoblastik hastalık,P0,Anormal fertilizasyon sonrası trofoblast proliferasyonu ve hidropik villuslarla seyreden molar gebeliktir.,Çok yüksek β-hCG + üzüm tanesi/kar fırtınası USG + erken preeklampsi = mol gebelik düşün.,Komplet molde fetal doku yoktur ve malignite riski daha yüksektir; parsiyel molde fetal doku olabilir.,Komplet mol | Parsiyel mol | β-hCG,81,Komplet hidatidiform mol || Komplet hidatidiform mol
Virilizasyon,Kadın Hastalıkları ve Doğum,Hiperandrojenizm,P0,"Kadında derin ses, klitoromegali, belirgin kaslanma gibi ağır androjen fazlalığı bulgularıdır.",Hızlı virilizasyon = androjen salgılayan tümör dışlanmalı.,Basit hirsutizm PKOS ile sık; virilizasyon daha ciddi androjen fazlalığıdır.,Hirsutizm | Sertoli-Leydig hücreli tümör | Hiperandrojenizm,9,"46,XX karyotip, adrenal androjen fazlalığına bağlı dış genital virilizasyon || 45,X streak gonad Turner sendromunu, 46,XY testis ve androjen reseptör direnci komplet androjen duyarsızlığını, anosmi ile hipogonadotropik hipogonadizm Kallmann sendromunu, virilizasyon ise konjenital adrenal hiperplaziyi düşündürür. Müllerian agenezi/MRKH sendromunda karyotip 46,XX’tir, overler işlevseldir ve sekonder seks karakterleri genellikle normal gelişir; uterus ve üst vajina konjenital olarak yoktur veya hipoplaziktir. Seçilmelidir; müllerian agenezide genetik ve gonadal yapı kadın tipindedir, over fonksi"
Adneksiyal torsiyon,Kadın Hastalıkları ve Doğum,Jinekolojik acil,P0,Over ve/veya tuba pedikülünün dönerek vasküler akımı bozmasıdır.,Ani tek taraflı pelvik ağrı + over kisti/kitle = torsiyon; Doppler normal olsa da dışlama.,PID ateş/akıntı ve bilateral hassasiyet yapabilir; torsiyon ani ve kolik/ağır ağrılıdır.,Adneksiyal kitle | Ovaryan torsiyon | Detorsiyon,46,"Akut tek taraflı pelvik ağrıda adneksiyal torsiyon şüphesini gebelik testi, enfeksiyon bulguları ve Doppler USG ile ayırıp zaman kaybettirmeyen yönetimi seçme. || Over torsiyonunda normal veya kısmen korunmuş arteriyel akımın tanıyı dışlamadığını ve over fonksiyonunu korumak için acil laparoskopik değerlendirme gerektiğini kavrama."
Pelvik inflamatuvar hastalık,Kadın Hastalıkları ve Doğum,Jinekolojik enfeksiyon,P0,Üst genital traktın çoğunlukla cinsel yolla ilişkili polimikrobiyal enfeksiyonudur.,Pelvik ağrı + servikal hareket hassasiyeti = PID tedavisini geciktirme.,Ektopik gebelik pozitif β-hCG ile ayrılır; torsiyon ani ağrı ve kitleyle öne çıkar.,Servisit | Tuboovaryan apse | Cervical motion tenderness,149,"Son adet tarihine göre yaklaşık 7 haftalık gebelik olasılığı olan hasta, iki gündür hafif koyu lekelenmesi varken bugün sağ alt kadran ağrısının aniden arttığını ve ayağa kalkınca bayılacak gibi olduğunu anlatmaktadır. Daha önce pelvik inflamatuvar hastalık nedeniyle tedavi görmüş, bilinen intrauterin gebelik görüntülemesi henüz yapılmamıştır. Ateş, kötü kokulu akıntı veya idrar yakınması tariflememektedir. || Son adet tarihine göre yaklaşık 7 haftalık gebelik olasılığı olduğunu söyleyen hasta iki gündür hafif koyu lekelenme fark etmiştir. Bugün sağ alt kadran ağrısı kısa sürede şiddetlenmiş, ayağa kalkınca göz kararması ve bayılacak gibi olma hissi gelişmiştir. Daha önce pelvik inflamatuvar hastalık nedeniyle tedavi görmüş olması tubal patoloji riskini artırmaktadır. Bilinen intrauterin gebelik görüntülemesi henüz yoktur; ateş, kötü kokulu akıntı ve belirgin dizüri tariflememektedir."
Adneksiyal kitle,Kadın Hastalıkları ve Doğum,Jinekolojik görüntüleme,P0,"Over, tuba veya çevre dokulardan kaynaklanan adneks bölgesinde kitle saptanmasıdır.",Pozitif β-hCG + adneksiyal kitle + serbest sıvı = ektopik gebelik için güçlü kombinasyon.,Akut ağrılı adneksiyal kitle torsiyon veya rüptür; ateş ve hassasiyet tuboovaryan apse; solid-papiller yapı malignite lehinedir.,Ektopik gebelik | Ovaryan torsiyon | Tuboovaryan apse,84,"Sağ adneksiyal kitle, Douglas’ta serbest sıvı ve peritoneal irritasyon → rüptür/hemoperitoneum paternini destekler. || Sağ adneksiyal kitle, Douglas’ta serbest sıvı ve peritoneal irritasyon → rüptür/hemoperitoneum paternini destekler."
Anormal uterin kanama,Kadın Hastalıkları ve Doğum,Jinekolojik kanama,P0,"Gebelik dışı uterin kanamanın miktar, süre, sıklık veya zamanlama açısından normalden sapmasıdır.",AUK’da ilk dışlanacak şey gebelik; sonra PALM-COEIN ile nedenleri ayır.,Postmenopozal kanama kanser dışlanana kadar önemlidir; genç anovulatuvar kanama farklı değerlendirilir.,PALM-COEIN sınıflaması | Endometrial biyopsi | Gebelik testi,19,"Bu seçenek doğrudur. Anormal uterin kanama, bası semptomları, düzensiz büyümüş uterus ve myometrial iyi sınırlı kitleler leiomyom paternidir. || Bu seçenek doğrudur. Anormal uterin kanama, bası semptomları, düzensiz büyümüş uterus ve myometrial iyi sınırlı kitleler leiomyom paternidir."
Endometriyal karsinom,Kadın Hastalıkları ve Doğum,Jinekolojik onkoloji,P0,Endometrium epitelinden kaynaklanan uterin malignitedir.,Postmenopozal kanama = endometriyal karsinom dışlanana kadar önemli.,Serviks kanseri Pap smear ile taranır; endometrium kanserinde tanı endometrial biyopsidir.,Postmenopozal kanama | Endometrial biyopsi | Endometrial hiperplazi,20,Endometrial hiperplazi ve endometrium kanseri riski. || Endometrial hiperplazi ve endometrium kanseri riski.
HPV 16/18,Kadın Hastalıkları ve Doğum,Jinekolojik onkoloji,P0,Serviks kanseriyle en güçlü ilişkili yüksek riskli human papillomavirus tipleridir.,Serviks kanseri taramasında HPV 16/18 pozitifliği yüksek riskli sonuçtur.,Düşük riskli HPV tipleri kondilom yapar; 16/18 kanser riskiyle öne çıkar.,Servikal intraepitelyal neoplazi | Pap smear | Serviks kanseri,8,yüksek riskli HPV || Serviks kanseri taramasında yüksek riskli HPV testinin klinik değeri nedir?
Servikal intraepitelyal neoplazi,Kadın Hastalıkları ve Doğum,Jinekolojik onkoloji,P0,Serviks epitelinde invazyon olmadan gelişen HPV ilişkili premalign lezyon spektrumudur.,HPV 16/18 + anormal tarama = CIN ve serviks kanseri öncülü akla gelir.,İnvaziv serviks kanserinde bazal membran aşılmıştır; CIN intraepitelyaldir.,HPV 16/18 | Pap smear | Kolposkopi,779,"Seri beta-hCG ve kontrol ultrasonografi, hemodinamik olarak stabil ve peritoneal bulgusu olmayan gebeliği bilinmeyen lokalizasyon olgularında kullanılabilir. Bu hastada hipotansiyon, belirgin taşikardi, defans ve serbest sıvı bulunduğu için bekleme yaklaşımı olası intraperitoneal kanamayı geciktirir. || Seri beta-hCG ve kontrol ultrasonografi, hemodinamik olarak stabil ve peritoneal bulgusu olmayan gebeliği bilinmeyen lokalizasyon olgularında kullanılabilir. Bu hastada hipotansiyon, belirgin taşikardi, defans ve serbest sıvı bulunduğu için bekleme yaklaşımı olası intraperitoneal kanamayı geciktirir."
Seröz over karsinomu,Kadın Hastalıkları ve Doğum,Jinekolojik onkoloji,P0,Overin yüksek dereceli epiteliyal malign tümörlerinden biridir ve sıklıkla ileri evrede tanınır.,Postmenopozal adneksiyal kitle + asit/CA-125 = over malignitesi düşün.,Granüloza tümör östrojen; germ hücre tümörleri genç yaş ve AFP/LDH gibi belirteçlerle ayrılır.,Over kanseri | CA-125 | BRCA1/2,0,
Postmenopozal kanama,Kadın Hastalıkları ve Doğum,Jinekolojik onkoloji alarmı,P0,Menopoz sonrası vajinal/uterin kanama görülmesidir.,Postmenopozal kanama = endometrium kanseri dışlanana kadar alarm bulgusu.,Premenopozal düzensiz kanama hormonal olabilir; postmenopozal kanama daha yüksek malignite uyarısı taşır.,Endometrial biyopsi | Endometrium kanseri | Transvajinal ultrasonografi,54,"Jinekolojik onkoloji - postmenopozal kanamada risk faktörleri, TVUSG bulgusu ve endometriyal doku tanısı kararını birlikte değerlendirme. || Postmenopozal kanaması olan ve endometrium kalınlığı artmış hastada izlem veya ampirik tedavi yerine endometriyal örnekleme gerektiğini ayırt etme."
Endometrial biyopsi,Kadın Hastalıkları ve Doğum,Jinekolojik tanı,P0,Endometriumdan histopatolojik değerlendirme için doku örneği alınmasıdır.,Postmenopozal kanama veya riskli AUK = endometrial biyopsi düşün.,Pap smear serviksi tarar; endometrial biyopsi uterin kaviteyi değerlendirir.,Postmenopozal kanama | Endometrial hiperplazi | Endometrium kanseri,0,
Uteroplasental yetmezlik,Kadın Hastalıkları ve Doğum,Maternal-fetal dolaşım,P0,Plasental perfüzyonun fetal gereksinimi karşılayamamasıyla gelişen maternal-fetal risk durumudur.,Preeklampsi + büyüme geriliği/oligohidramnios = uteroplasental yetmezlik paternidir.,Konstitüsyonel küçük fetüste Doppler ve amniyon sıvısı normal olabilir; yetmezlikte akım bozukluğu beklenir.,Preeklampsi | İntrauterin gelişme kısıtlılığı | Umbilikal arter Doppler,9,"Uteroplasental yetmezlik lehine || Bu vaka hipertansiyon zemininde gelişen klasik geç gebelik ağrılı kanama tablosudur. Koyu kanama, sürekli karın ağrısı ve sert-hassas uterus plasenta previa gibi ağrısız kanama nedenlerinden ayrılır. Fetal hareket azalması, CTG bozulması ve gebelikte beklenenden düşük fibrinojen ablasyo ile ilişkili uteroplasental yetmezlik ve tüketim koagülopatisi riskini destekler. Bu nedenle en olası tanı ablatio plasentadır."
Amniyon sıvı embolisi,Kadın Hastalıkları ve Doğum,Obstetrik acil,P0,Amniyon sıvısı/fetal materyale karşı gelişen ani kardiyopulmoner kollaps ve koagülopati tablosudur.,Doğumda ani hipoksi + şok + DIC = amniyon sıvı embolisi düşün.,Pulmoner emboli de dispne/şok yapabilir; amniyon embolisinde obstetrik bağlam ve DIC belirgindir.,DIC obstetrik | Postpartum kanama | Kardiyopulmoner kollaps,0,
Kord prolapsusu,Kadın Hastalıkları ve Doğum,Obstetrik acil,P0,Umbilikal kordun fetal prezente kısmın önüne geçerek basıya uğramasıdır.,Membran rüptürü sonrası ani fetal bradikardi = kord prolapsusu alarmı.,Plasenta dekolmanı kanama/ağrı ile; kord prolapsusu akut fetal kalp hızı bozulmasıyla öne çıkar.,Amniyotomi | Fetal bradikardi | Acil sezaryen,0,
Hemoperitoneum,Kadın Hastalıkları ve Doğum,Obstetrik/jinekolojik acil,P0,Periton boşluğunda kan birikmesidir.,Gebelik + serbest sıvı + dolaşım bozukluğu = hemoperitoneum ve rüptür olasılığı.,Basit serbest sıvı ovulasyon sonrası olabilir; hemodinamik bozulma ve hemoglobin düşüşü kanama lehinedir.,Rüptüre ektopik gebelik | Serbest sıvı | Acil cerrahi eksplorasyon,65,İntraperitoneal kanama olasılığını artırır || Hemoperitoneum açısından uyarıcı
Preterm eylem,Kadın Hastalıkları ve Doğum,Preterm doğum,P0,Gebeliğin 37. haftasından önce düzenli uterin kontraksiyonlarla servikal değişikliğin başlamasıdır.,Preterm kasılma + servikal değişiklik = preterm eylem; amaç zamanı steroid/nöroproteksiyon için kazanmaktır.,Braxton Hicks kontraksiyonları servikal değişiklik yapmaz.,Tokoliz | Servikal uzunluk | Kortikosteroid fetal akciğer maturasyonu,7,"Preterm eylem bulgusu yok || Düzenli kontraksiyon, ateş, kötü kokulu akıntı ve CRP/lökosit artışı olmaması → preterm eylem veya enfeksiyonu geri plana iter."
Kortikosteroid fetal akciğer maturasyonu,Kadın Hastalıkları ve Doğum,Preterm doğum yönetimi,P0,Preterm doğum riski olan gebelikte fetal akciğer olgunlaşmasını hızlandırmak için verilen antenatal kortikosteroid uygulamasıdır.,Preterm doğum riski + uygun hafta = antenatal steroid; tokoliz çoğu kez bu zamanı kazandırmak içindir.,Magnezyum sülfat fetal akciğer için değil nöroproteksiyon için verilir.,Betametazon | Preterm eylem | Respiratuvar distres sendromu,30,"Kortikosteroid fetal akciğer matürasyonu için preterm doğum riski belirgin olduğunda düşünülür; Rh alloimmünizasyonunu önlemez. Bu hastada düzenli kontraksiyon, membran rüptürü veya fetal distres baskın değildir. || Kortikosteroid fetal akciğer matürasyonu için preterm doğum riski belirgin olduğunda düşünülür; Rh alloimmünizasyonunu önlemez. Bu hastada düzenli kontraksiyon, membran rüptürü veya fetal distres baskın değildir."
Tokoliz,Kadın Hastalıkları ve Doğum,Preterm doğum yönetimi,P0,Uterin kontraksiyonları kısa süre baskılayarak preterm doğumu geciktirme yaklaşımıdır.,"Tokoliz “doğumu durdurma” değil, steroid/transfer için 48 saat kazandırma mantığıdır.",PPROM veya koryoamniyonitte tokoliz enfeksiyon riskini artırabilir; kontrendikasyonları değerlendir.,Preterm eylem | Nifedipin | Antenatal kortikosteroid,15,Kısa süreli tokoliz seçilmiş durumlarda steroid tamamlanması için düşünülebilir; fakat sık dijital muayene PPROM’da enfeksiyon riskini artırır. Bu seçenek yönetimin temelini yanlış kurar. || Kısa süreli tokoliz seçilmiş durumlarda steroid tamamlanması için düşünülebilir; fakat sık dijital muayene PPROM’da enfeksiyon riskini artırır. Bu seçenek yönetimin temelini yanlış kurar.
Serklaj,Kadın Hastalıkları ve Doğum,Preterm doğum önleme,P0,Servikal yetmezlikte serviksi mekanik olarak desteklemek için atılan dikiştir.,Ağrısız ikinci trimester servikal açılma/kayıp = servikal yetmezlik ve serklaj düşün.,Preterm eylem kontraksiyonla gelir; servikal yetmezlik çoğu kez ağrısız açılmayla belirgindir.,Servikal yetmezlik | Servikal uzunluk | Preterm eylem,15,"Servikal yetmezlikte öyküye dayalı risk, transvajinal servikal uzunluk, enfeksiyon/eylem dışlama ve serklaj endikasyonunu ayırt edebilme. || Servikal serklaj değerlendirilmesi"
Primer amenore,Kadın Hastalıkları ve Doğum,Amenore değerlendirmesi,P1,Menarşın beklenen yaşa kadar hiç başlamamasıdır.,Primer amenorede ilk ayrım: sekonder seks karakterleri var mı ve uterus var mı?,Sekonder amenorede daha önce adet görmüş olmak tanımı değiştirir.,Müllerian agenezi | Turner sendromu | Imperfore hymen,11,"45,X streak gonad Turner sendromunu, 46,XY testis ve androjen reseptör direnci komplet androjen duyarsızlığını, anosmi ile hipogonadotropik hipogonadizm Kallmann sendromunu, virilizasyon ise konjenital adrenal hiperplaziyi düşündürür. Müllerian agenezi/MRKH sendromunda karyotip 46,XX’tir, overler işlevseldir ve sekonder seks karakterleri genellikle normal gelişir; uterus ve üst vajina konjenital olarak yoktur veya hipoplaziktir. Seçilmelidir; müllerian agenezide genetik ve gonadal yapı kadın tipindedir, over fonksi || Primer amenore ayırıcı tanısında Müllerian agenezide “46,XX + normal sekonder seks karakterleri + uterus yokluğu” anahtar kombinasyondur."
Sekonder amenore,Kadın Hastalıkları ve Doğum,Amenore değerlendirmesi,P1,Daha önce adet gören kişide adetlerin belirli süre kesilmesidir.,Sekonder amenorede ilk test gebelik testidir.,Primer amenorede hiç menarş olmamıştır; sekonderde daha önce menstruasyon vardır.,Gebelik testi | Hiperprolaktinemi | Asherman sendromu,2,"Kırk yaş altında sekonder amenore, hipoöstrojenik semptomlar ve yüksek FSH hangi tanıyı düşündürür? || Kırk yaş altında sekonder amenore, hipoöstrojenik semptomlar ve yüksek FSH hangi tanıyı düşündürür?"
Endometrial polip,Kadın Hastalıkları ve Doğum,Anormal uterin kanama,P1,Endometriumdan kaynaklanan lokalize benign mukozal çıkıntıdır.,AUK’da yapısal nedenlerden P = polip.,Endometrial hiperplazi diffüz proliferasyon; polip fokal lezyondur.,Anormal uterin kanama | PALM-COEIN sınıflaması | Histeroskopi,7,"Endometriyal polip || Endometriyal polip intermenstrüel veya postkoital lekelenme ve fokal intrakaviter polipoid lezyonla öne çıkar. Burada bası semptomları, düzensiz büyümüş uterus ve büyük myometrial kitleler polipten daha açıklayıcıdır."
Dermoid kist,Kadın Hastalıkları ve Doğum,Benign over kisti,P1,"Matür kistik teratomun klinikte sık kullanılan adıdır; ektodermal yapılardan saç, yağ veya diş içerebilir.",Genç kadın + over kitlesinde yağ/diş/saç içeriği = dermoid kist.,Endometrioma çikolata kisti görünümüyle; dermoid yağ/kalsifikasyonla ayrılır.,Matür kistik teratom | Adneksiyal torsiyon | Adneksiyal kitle,2,Dermoid kist yağ/kalsifikasyon içerebilir; endometrioma eski kan ve siklik ağrı bağlamıyla ayrılır. || Dermoid kist yağ/kalsifikasyon içerebilir; endometrioma eski kan ve siklik ağrı bağlamıyla ayrılır.
Fonksiyonel over kisti,Kadın Hastalıkları ve Doğum,Benign over kisti,P1,Normal ovulatuvar siklusla ilişkili folliküler veya korpus luteum kaynaklı geçici over kistidir.,Premenopozal basit kist çoğu kez fonksiyoneldir; torsiyon/rüptür semptomu varsa acildir.,Solid papiller komponent veya postmenopozal kitle malignite açısından daha dikkat gerektirir.,Korpus luteum kisti | Adneksiyal kitle | Adneksiyal torsiyon,1,Fonksiyonel over kisti
Aktif doğum eylemi,Kadın Hastalıkları ve Doğum,Doğum fazları,P1,Düzenli kontraksiyonlarla servikal dilatasyonun belirgin hızlandığı doğum fazıdır.,Aktif fazı erken tanımak sezaryen/oksitosin kararını gereksiz hızlandırabilir.,Latent fazda dilatasyon yavaş olabilir; tek başına uzama patoloji değildir.,Latent faz | Servikal dilatasyon | Partograf,25,"Hasta 39+1 haftalık gebeliğinde aktif doğum eylemindedir ve gebeliği gestasyonel diyabet nedeniyle takip edilmiştir. Son kontrolde fetal ağırlığın yüksek olabileceği söylenmiş, ancak doğum eylemi vajinal doğumla ilerlemiştir. Fetal baş doğduktan sonra başın perineye doğru geri çekildiği fark edilmiş ve hafif standart traksiyona rağmen omuzlar doğmamıştır. Bu sırada yoğun vajinal kanama veya uterin rüptür düşündüren ani maternal kötüleşme yoktur. Ekip neonatal değerlendirme için hazır beklemektedir. || Hasta 39+1 haftalık gebeliğinde aktif doğum eylemindedir ve gebeliği gestasyonel diyabet nedeniyle takip edilmiştir. Son kontrolde fetal ağırlığın yüksek olabileceği söylenmiş, ancak doğum eylemi vajinal doğumla ilerlemiştir. Fetal baş doğduktan sonra başın perineye doğru geri çekildiği fark edilmiş ve hafif standart traksiyona rağmen omuzlar doğmamıştır. Bu sırada yoğun vajinal kanama veya uterin rüptür düşündüren ani maternal kötüleşme yoktur. Ekip neonatal değerlendirme için hazır beklemektedir."
İstasyon,Kadın Hastalıkları ve Doğum,Doğum mekaniği,P1,Fetal başın spina ischiadica düzeyine göre kaç santimetre yukarıda/aşağıda olduğunu gösterir.,Operatif vajinal doğum için başın yeterince inmiş olması gerekir; istasyon bunu gösterir.,Dilatasyon serviks açıklığıdır; istasyon fetal baş seviyesidir.,Bishop skoru | Operatif vajinal doğum | Fetal baş angajmanı,7,"Uterin rüptür özellikle geçirilmiş uterin cerrahi, doğum eyleminde ani ağrı, fetal istasyon kaybı ve maternal şokla düşünülür. Bu hastada önceki sezaryen yoktur ve baskın tablo hipertansiyon zemininde ağrılı koyu kanama/hipertonik uterustur. || Uterin rüptür özellikle geçirilmiş uterin cerrahi, doğum eyleminde ani ağrı, fetal istasyon kaybı ve maternal şokla düşünülür. Bu hastada önceki sezaryen yoktur ve baskın tablo hipertansiyon zemininde ağrılı koyu kanama/hipertonik uterustur."
Epizyotomi,Kadın Hastalıkları ve Doğum,Doğum müdahalesi,P1,Doğumda perinenin kontrollü cerrahi kesiyle genişletilmesidir.,Epizyotomi rutin değildir; seçilmiş doğum koşullarında uygulanır.,Spontan birinci-ikinci derece yırtıklarla üçüncü-dördüncü derece anal sfinkter/rektum yaralanması ayrılır.,Pudendal sinir bloğu | Operatif vajinal doğum | Perine yırtığı,2,Epizyotomi kemik engeli çözmez; yalnızca iç manevralar için alan gerektiğinde yardımcı olabilir. || Epizyotomi kemik engeli çözmez; yalnızca iç manevralar için alan gerektiğinde yardımcı olabilir.
Amniyotomi,Kadın Hastalıkları ve Doğum,Doğum yönetimi,P1,Amniyon zarlarının yapay olarak açılmasıdır.,Amniyotomi öncesi baş angajmanı önemlidir; yüksek başta kord prolapsusu riski artar.,Spontan membran rüptürü ile karıştırma; amniyotomi planlı yapay rüptürdür.,Doğum indüksiyonu | Kord prolapsusu | Fetal baş angajmanı,16,Amniyotomi yapılarak kanamanın azaltılması || Amniyotomi previa şüphesinde kanamayı azaltmaz; aksine fetal-maternal riski artırabilir. Membran müdahalesi ancak plasenta yerleşimi ve doğum planı netleştikten sonra uygun obstetrik koşullarda düşünülür.
Doğum indüksiyonu,Kadın Hastalıkları ve Doğum,Doğum yönetimi,P1,Doğum eylemini spontan başlamadan tıbbi yöntemlerle başlatma işlemidir.,İndüksiyon kararı = endikasyon + Bishop skoru + fetal/maternal güvenlik.,Acil fetal distreste indüksiyon değil hızlı doğum/sezaryen gerekebilir.,Bishop skoru | Oksitosin | Amniyotomi,29,Hemen doğum indüksiyonu veya sezaryenle gebeliği sonlandırmak || v189-new-297-ovulasyon-induksiyonu-sonrasi-karin-sisligi
Dilatasyon-küretaj,Kadın Hastalıkları ve Doğum,Erken gebelik / jinekolojik işlem,P1,Serviksin genişletilip uterin kavitenin küretajla boşaltıldığı işlemdir.,Stabil olmayan ektopik şüphesinde küretaj değil resüsitasyon ve cerrahi değerlendirme önceliklidir.,İntrauterin gebelik kaybında tedavi olabilir; ektopik gebeliği tedavi etmez.,Gebeliği bilinmeyen lokalizasyon | Spontan abortus | Ektopik gebelik,28,"Dilatasyon-küretaj ile intrauterin gebelik dokusu aranması || Küretaj, stabil gebeliği bilinmeyen lokalizasyon olgularında seçilmiş tanısal durumlarda gündeme gelebilir; akut batın ve hipovolemi bulgusu olan hastada ilk basamak değildir. Ayrıca kanama odağı intrauterin değilse zaman kaybettirir."
Missed abortus,Kadın Hastalıkları ve Doğum,Erken gebelik kaybı,P1,Embriyo/fetüs canlılığını kaybetmiş olmasına rağmen uterin atılımın henüz gerçekleşmediği düşük tipidir.,Kapalı serviks + canlılık yokluğu = missed abortus; açık serviks ve aktif atılım başka düşük tiplerini düşündürür.,"Septik abortusta ateş, uterin hassasiyet ve kötü kokulu akıntı eşlik eder; acil antibiyotik ve boşaltım gerekir.",Spontan abortus | Dilatasyon-küretaj | Transvajinal ultrasonografi,11,"Missed abortus || Bu olguda erken gebelik kanamasına şiddetli bulantı-kusma, haftasına göre büyük uterus, çok yüksek beta-hCG, düşük TSH/hafif yüksek serbest T4 ve transvajinal ultrasonografide canlı embriyo seçilmeyen diffüz kistik intrauterin doku paterni eşlik etmektedir. Bu bulgular ektopik gebelik, missed abortus veya çoğul gebelikten çok hidatidiform molü destekler."
Spontan abortus,Kadın Hastalıkları ve Doğum,Erken gebelik kaybı,P1,Gebeliğin viabilite sınırından önce kendiliğinden sonlanmasıdır.,İlk trimester kanama + pozitif β-hCG: abortus olasılığı var ama ektopik gebelik mutlaka dışlanır.,Komplet abortusta uterin kavite boşalır; missed abortusta embriyonik ölüm vardır ama atılım olmamıştır.,Ektopik gebelik | Transvajinal ultrasonografi | Seri beta-hCG,221,Düşük || Düşük
İntrauterin kese,Kadın Hastalıkları ve Doğum,Erken gebelik ultrasonografisi,P1,Transvajinal ultrasonografide rahim içinde gebelik kesesinin görülmesidir.,β-hCG pozitif + intrauterin kese yok + ağrı/kanama = ektopik gebelik dışlanmadan rahatlama yok.,Psödokese gerçek intrauterin gebelik kesesi değildir; yolk sac veya embriyo görülmesi özgüllüğü artırır.,Transvajinal ultrasonografi | Ektopik gebelik | Diskriminatuvar zon,33,"Erken gebelik olasılığı olan hastada ani şiddetlenen tek taraflı pelvik ağrı, presenkop, hipotansiyon, taşikardi, peritoneal irritasyon ve transvajinal ultrasonografide intrauterin kese olmamasıyla birlikte serbest sıvı bulunması kanayan ektopik gebelik paternini oluşturur. Bu klinik tabloda tanısal izlem veya medikal tedavi yerine maternal resüsitasyonla eş zamanlı acil cerrahi değerlendirme gerekir; amaç kanama kontrolünü geciktirmemektir. || Erken gebelik olasılığı olan hastada ani şiddetlenen tek taraflı pelvik ağrı, presenkop, hipotansiyon, taşikardi, peritoneal irritasyon ve transvajinal ultrasonografide intrauterin kese olmamasıyla birlikte serbest sıvı bulunması kanayan ektopik gebelik paternini oluşturur. Bu klinik tabloda tanısal izlem veya medikal tedavi yerine maternal resüsitasyonla eş zamanlı acil cerrahi değerlendirme gerekir; amaç kanama kontrolünü geciktirmemektir."
Non-stres test,Kadın Hastalıkları ve Doğum,Fetal iyilik hali,P1,Fetal kalp hızının fetal hareketlerle reaktif hızlanma gösterip göstermediğini değerlendiren testtir.,"Reaktif NST güven verici; nonreaktif NST tek başına acil doğum demek değildir, bağlamla değerlendirilir.",Geç deselerasyon uteroplasental yetmezliği düşündürür; NST reaktivitesi farklı bir parametredir.,Fetal kalp hızı trasesi | Biyofizik profil | Geç deselerasyon,101,"Ektopik gebelik şüphesinde stabil hasta izlemi ile rüptür/instabilite varlığında acil cerrahi-resüsitasyon önceliğini ayırt edebilme. || Ektopik gebelikte yönetimi tanı etiketinden çok stabilite belirler: instabilite, peritoneal bulgu veya belirgin serbest sıvı varsa seri beta-hCG/metotreksat değil resüsitasyon ve cerrahi önceliklidir."
Hidralazin,Kadın Hastalıkları ve Doğum,Gebelikte antihipertansif,P1,Gebelikte ağır hipertansiyonun akut kontrolünde kullanılabilen arteriyel vazodilatördür.,Ağır preeklampside hipertansiyon kontrolü hidralazin/labetalol/nifedipin; nöbet profilaksisi MgSO4.,Magnezyum sülfat antihipertansif değil nöbet profilaksisidir.,Ağır özellikli preeklampsi | Labetalol | Magnezyum sülfat,9,Ağır preeklampside nörolojik semptom varsa nöbet profilaksisi magnezyum sülfattır; labetalol/hidralazin kan basıncını düşürür ama nöbet profilaksisinin yerine geçmez. || Ağır preeklampside nörolojik semptom varsa nöbet profilaksisi magnezyum sülfattır; labetalol/hidralazin kan basıncını düşürür ama nöbet profilaksisinin yerine geçmez.
Labetalol,Kadın Hastalıkları ve Doğum,Gebelikte antihipertansif,P1,Gebelikte ağır hipertansiyon tedavisinde kullanılabilen alfa/beta bloker ilaçtır.,"Gebelikte akut ağır hipertansiyon: labetalol, hidralazin veya oral nifedipin sık seçeneklerdir.",Magnezyum sülfat nöbeti önler ama kan basıncını primer kontrol etmez.,Ağır özellikli preeklampsi | Hidralazin | Nifedipin,33,İntravenöz labetalol ile nöbet profilaksisi || Ağır preeklampside nörolojik semptom varsa nöbet profilaksisi magnezyum sülfattır; labetalol/hidralazin kan basıncını düşürür ama nöbet profilaksisinin yerine geçmez.
Nifedipin,Kadın Hastalıkları ve Doğum,Gebelikte antihipertansif/tokoliz,P1,Kalsiyum kanal blokeri olup gebelikte hipertansiyon kontrolünde ve bazı tokoliz durumlarında kullanılabilir.,Nifedipin hem gebelik hipertansiyonunda hem tokolizde karşına çıkabilir; bağlamı ayır.,Magnezyum sülfat tokolitik gibi değil nöroproteksiyon/nöbet profilaksisi bağlamında daha kritik sınav bilgisidir.,Tokoliz | Preeklampsi | Kalsiyum kanal blokeri,4,"Doğru cevap A’dır. Ağır özellikli preeklampside nöbet gelişme riski artar ve eklampsi maternal-fetal morbidite açısından kritik bir tablodur. Magnezyum sülfat nöromüsküler ve santral sinir sistemi üzerinden antikonvülzan etki sağlar; temel amaç eklamptik nöbeti önlemek veya tedavi etmektir. Kan basıncını kontrol etmek için labetalol, hidralazin veya nifedipin gibi antihipertansifler ayrıca düşünülür. Fetal akciğer maturasyonu antenatal kortikosteroidlerle, rh profilaksisi anti-D immünoglobulinle, postpartum atoni u || Doğru cevap A’dır. Ağır özellikli preeklampside nöbet gelişme riski artar ve eklampsi maternal-fetal morbidite açısından kritik bir tablodur. Magnezyum sülfat nöromüsküler ve santral sinir sistemi üzerinden antikonvülzan etki sağlar; temel amaç eklamptik nöbeti önlemek veya tedavi etmektir. Kan basıncını kontrol etmek için labetalol, hidralazin veya nifedipin gibi antihipertansifler ayrıca düşünülür. Fetal akciğer maturasyonu antenatal kortikosteroidlerle, rh profilaksisi anti-D immünoglobulinle, postpartum atoni u"
Parsiyel mol,Kadın Hastalıkları ve Doğum,Gestasyonel trofoblastik hastalık,P1,"Genellikle triploid konseptusla ilişkili, fetal doku bulunabilen molar gebelik tipidir.",Fetal doku varlığı parsiyel mol lehinedir; komplet molde fetal doku beklenmez.,Komplet mol daha yüksek β-hCG ve daha yüksek neoplazi riskiyle ayrılır.,Hidatidiform mol | Gestasyonel trofoblastik neoplazi | β-hCG,38,"Komplet molü parsiyel mol, ektopik gebelik, izole hiperemezis ve leiomyom dejenerasyonundan ayıran klinik-USG-laboratuvar zincirini kurma. || Bu olguda 10 haftalık gebelikte aralıklı vajinal kanama, beklenenden büyük uterus, belirgin bulantı-kusma, ketonüri, baskılanmış TSH ve çok yüksek beta-hCG trofoblastik proliferasyonu düşündürür. Transvajinal ultrasonografide embriyo seçilmeden uterin kaviteyi dolduran diffüz kistik heterojen doku görülmesi komplet hidatidiform molü en olası tanı yapar. Parsiyel mol, ektopik gebelik ve izole hiperemezis bu bulguların tamamını aynı güçte açıklamaz."
Hirsutizm,Kadın Hastalıkları ve Doğum,Hiperandrojenizm,P1,Kadında androjen duyarlı bölgelerde terminal kıllanmanın artmasıdır.,Hirsutizm + oligomenore = PKOS; hızlı virilizasyon = tümör alarmı.,Hipertrikoz androjen bağımsız yaygın kıllanmadır; hirsutizm androjen paternindedir.,Polikistik over sendromu | Hiperandrojenizm | Virilizasyon,6,"Doğru cevap A’dır. PCOS patofizyolojisinde insülin direnci merkezi önemdedir. Hiperinsülinemi over teka hücrelerinde androjen üretimini artırır ve aynı zamanda hepatik SHBG sentezini azaltarak serbest testosteron düzeyini yükseltir. Bu süreç hirsutizm, akne, ovulatuvar disfonksiyon ve polikistik over morfolojisiyle ilişkili klinik tabloya katkıda bulunur. FSH’nin belirgin artması beklenen temel mekanizma değildir; aksine relatif FSH yetersizliği folikül gelişimini aksatabilir. Prolaktin, kortizol veya tiroid eksenl || Doğru cevap A’dır. PCOS patofizyolojisinde insülin direnci merkezi önemdedir. Hiperinsülinemi over teka hücrelerinde androjen üretimini artırır ve aynı zamanda hepatik SHBG sentezini azaltarak serbest testosteron düzeyini yükseltir. Bu süreç hirsutizm, akne, ovulatuvar disfonksiyon ve polikistik over morfolojisiyle ilişkili klinik tabloya katkıda bulunur. FSH’nin belirgin artması beklenen temel mekanizma değildir; aksine relatif FSH yetersizliği folikül gelişimini aksatabilir. Prolaktin, kortizol veya tiroid eksenl"
Servisit,Kadın Hastalıkları ve Doğum,Jinekolojik enfeksiyon,P1,Serviks mukozasının sıklıkla Chlamydia trachomatis veya Neisseria gonorrhoeae ile gelişen inflamasyonudur.,Mukopürülan servikal akıntı + temasla kanama = servisit; klamidya/gonore kapsanır.,Vajinit daha çok vajinal pH/akıntı/kaşıntı paternidir; servisit servikal inflamasyonla öne çıkar.,Pelvik inflamatuvar hastalık | Chlamydia trachomatis | Neisseria gonorrhoeae,6,Servisit bulgusu || Servisit bulgusu
Dismenore,Kadın Hastalıkları ve Doğum,Jinekolojik semptom,P1,Menstruasyonla ilişkili ağrılı kramp tarzı pelvik ağrıdır.,Genç yaşta başlayan primer dismenore NSAİİ’ye yanıt verir; progresif ağrı/endometriozis ipuçlarına dikkat.,"Endometriozis sekonder dismenore, disparoni ve infertilite ile öne çıkar.",Endometriozis | Adenomyozis | NSAİİ,31,"Endometrioziste ağrı döngüselliği, infertilite, pelvik muayene ve transvajinal USG bulgularını primer dismenore, PID, adenomyozis ve fonksiyonel kistlerden ayırabilme. || Primer dismenore"
Disparoni,Kadın Hastalıkları ve Doğum,Jinekolojik semptom,P1,Cinsel ilişki sırasında ağrı olmasıdır.,Derin disparoni + dismenore/infertilite = endometriozis düşün.,Vajinismus penetrasyon girişinde kasılma/korku ile; derin disparoni pelvik patolojiyle ayrılır.,Endometriozis | Atrofik vajinit | Vajinismus,60,"Kronik siklik pelvik ağrı, derin disparoni, infertilite ve endometrioma görünümünü jinekolojik ayırıcı tanı içinde yorumlama. || 32 yaşında G0 hasta, son 2 yıldır giderek artan ve adetinden 1-2 gün önce başlayıp ilk günlerde şiddetlenen pelvik ağrı tarifler. Ağrıya derin disparoni eşlik etmekte, bazı sikluslarda dışkılama sırasında pelvik baskı hissi artmaktadır. Yaklaşık 14 aydır düzenli korunmasız ilişkiye rağmen gebelik oluşmamıştır. Adetleri düzenlidir; ara kanama, postkoital kanama, kötü kokulu akıntı veya ateş tariflemez. Daha önce pelvik inflamatuvar hastalık tanısı almamış, acil başlayan tek taraflı şiddetli ağrı atağı geçirmemiştir."
Atrofik vajinit,Kadın Hastalıkları ve Doğum,Menopoz / hipoöstrojenizm,P1,"Östrojen azalmasına bağlı vajinal epitel incelmesi, kuruluk ve irritasyonla seyreden tablodur.",Postmenopozal kuruluk/disparoni + ince frajil vajen = atrofik vajinit.,Postmenopozal kanama sadece atrofi denip geçilmez; endometrium değerlendirilir.,Postmenopozal kanama | Hipoöstrojenizm | Disparoni,2,Atrofik vajinit sık nedendir ancak malignite dışlanmadan güvenli kabul edilmez. || Atrofik vajinit sık nedendir ancak malignite dışlanmadan güvenli kabul edilmez.
Disgerminom,Kadın Hastalıkları ve Doğum,Over germ hücreli tümörü,P1,Genç kadınlarda görülebilen malign over germ hücreli tümörüdür.,Genç hasta + solid over germ hücre tümörü + LDH = disgerminom akla gelir.,Yolk sac tümöründe AFP yüksekliği daha belirgindir.,Yolk sac tümörü | Adneksiyal kitle | LDH,43,"Seröz borderline tümör ve disgerminom || Endometrioid ve berrak hücreli karsinom endometriozis ilişkili over kanseri alt tipleridir. Disgerminom, yolk sac tümörü ve koryokarsinom germ hücreli; granüloza hücreli tümör ve fibrom seks kord-stromal tümörlerdir. Over endometriozisi özellikle endometrioid ve berrak hücreli over karsinomu gelişimiyle ilişkilidir; bu ilişki seröz germ hücreli veya seks kord-stromal tümörler için klasik değildir. Doğru cevaptır; endometriozisle en klasik ilişkilendirilen epitelyal over kanseri alt tipleridir. TUS açısından ayırıcı"
Yolk sac tümörü,Kadın Hastalıkları ve Doğum,Over germ hücreli tümörü,P1,AFP yüksekliğiyle ilişkili malign over germ hücreli tümörüdür.,Genç hasta + over kitlesi + AFP yüksekliği = yolk sac tümörü.,Disgerminomda LDH; granüloza tümörde östrojen; Sertoli-Leydig’de androjen ipucu verir.,AFP | Disgerminom | Adneksiyal kitle,39,Alfa-fetoprotein yolk sac tümörü ve hepatoselüler karsinom gibi durumlarla ilişkilidir. || Alfa-fetoprotein yolk sac tümörü ve hepatoselüler karsinom gibi durumlarla ilişkilidir.
Anovulasyon,Kadın Hastalıkları ve Doğum,Ovulasyon bozukluğu,P1,Ovulasyonun gerçekleşmemesi veya düzenli olmamasıdır.,Düzensiz adet + infertilite + hiperandrojenizm = anovulatuvar PKOS paterni.,"Düzenli sikluslu infertilitede tubal, erkek faktörü veya luteal sorunlar da düşünülür.",Polikistik over sendromu | Endometrial hiperplazi | Oligomenore,18,"Oligo-anovulasyon ve klinik/biyokimyasal hiperandrojenizm olan hastada infertilite ve metabolik risk açısından hangi sendrom düşünülür? || PCOS kronik anovulasyon, hiperandrojenizm ve sıklıkla insülin direnciyle seyreder. Hastada düzensiz kanama, hirsutizm/akne, infertilite ve uzun dönemde endometrial hiperplazi riski birlikte değerlendirilmelidir."
Bakri balon,Kadın Hastalıkları ve Doğum,Postpartum kanama,P1,Uterin kaviteye yerleştirilen balon tamponad sistemiyle postpartum kanamayı kontrol etmeye yarayan araçtır.,Postpartum atoni kanaması + uterotonik yetersiz = Bakri balon tamponadı düşün.,Retained plasenta veya uterin rüptürde tamponad tek başına yeterli değildir; neden düzeltilmelidir.,Uterin atoni | Postpartum kanama | B-Lynch sütürü,2,Uterin balon tamponadı yerleştirilmesi || Uterin balon tamponadını ilk basamak olarak yerleştirmek
Amniyosentez,Kadın Hastalıkları ve Doğum,Prenatal tanı,P1,Amniyon sıvısından fetal hücre/DNA örneği alınan invaziv prenatal tanı işlemidir.,Tarama yüksek riskli ise tanısal doğrulama için amniyosentez/CVS düşünülür.,NIPT tarama; amniyosentez tanısal testtir.,NIPT | Koryon villus örneklemesi | Prenatal tanı,3,Uygun endikasyondur. Amniyosentez veya koryon villus örneklemesi gibi invaziv prenatal işlemler fetomaternal kanama riski taşır. || Uygun endikasyondur. Amniyosentez veya koryon villus örneklemesi gibi invaziv prenatal işlemler fetomaternal kanama riski taşır.
Koryon villus örneklemesi,Kadın Hastalıkları ve Doğum,Prenatal tanı,P1,Plasental koryon villus dokusundan fetal genetik analiz için örnek alınmasıdır.,Erken invaziv genetik tanı = CVS; amniyosentez daha geç ama amniyon sıvısı bilgisi verir.,CVS plasental doku örnekler; amniyosentez amniyon sıvısı örnekler.,NIPT | Amniyosentez | Prenatal tanı,3,Uygun endikasyondur. Amniyosentez veya koryon villus örneklemesi gibi invaziv prenatal işlemler fetomaternal kanama riski taşır. || Uygun endikasyondur. Amniyosentez veya koryon villus örneklemesi gibi invaziv prenatal işlemler fetomaternal kanama riski taşır.
Nuchal translucency,Kadın Hastalıkları ve Doğum,Prenatal tarama,P1,İlk trimesterde fetal ense saydamlığının ultrasonografik ölçümüdür.,Artmış NT + anormal serum markerları = anöploidi risk artışı.,NIPT tarama duyarlılığı yüksek DNA testidir; NT ultrasonografik risk belirtecidir.,PAPP-A | Serbest beta-hCG | NIPT,2100,"Son adet tarihine göre yaklaşık 7 haftalık gebelik olasılığı olan hasta, iki gündür hafif koyu lekelenmesi varken bugün sağ alt kadran ağrısının aniden arttığını ve ayağa kalkınca bayılacak gibi olduğunu anlatmaktadır. Daha önce pelvik inflamatuvar hastalık nedeniyle tedavi görmüş, bilinen intrauterin gebelik görüntülemesi henüz yapılmamıştır. Ateş, kötü kokulu akıntı veya idrar yakınması tariflememektedir. || Son adet tarihine göre yaklaşık 7 haftalık gebelik olasılığı olduğunu söyleyen hasta iki gündür hafif koyu lekelenme fark etmiştir. Bugün sağ alt kadran ağrısı kısa sürede şiddetlenmiş, ayağa kalkınca göz kararması ve bayılacak gibi olma hissi gelişmiştir. Daha önce pelvik inflamatuvar hastalık nedeniyle tedavi görmüş olması tubal patoloji riskini artırmaktadır. Bilinen intrauterin gebelik görüntülemesi henüz yoktur; ateş, kötü kokulu akıntı ve belirgin dizüri tariflememektedir."
Servikal uzunluk,Kadın Hastalıkları ve Doğum,Preterm doğum öngörüsü,P1,Transvajinal USG ile ölçülen serviks uzunluğudur ve kısa serviks preterm doğum riskini artırır.,Kısa serviks + preterm doğum öyküsü = serklaj/progesteron değerlendirmesi.,Fetal fibronectin biyokimyasal testtir; servikal uzunluk anatomik risk ölçümüdür.,Preterm eylem | Serklaj | Fetal fibronectin,16,"Servikal yetmezlikte öyküye dayalı risk, transvajinal servikal uzunluk, enfeksiyon/eylem dışlama ve serklaj endikasyonunu ayırt edebilme. || Transvajinal servikal uzunluk ölçümü"
Mayer-Rokitansky-Küster-Hauser sendromu,Kadın Hastalıkları ve Doğum,Primer amenore,P1,"46,XX bireyde Müllerian yapıların gelişmemesine bağlı uterus ve üst vajen yokluğu ile seyreden sendromdur.",Primer amenore + normal meme gelişimi + uterus yok = MRKH düşün.,"Androjen duyarsızlığında karyotip 46,XY ve testis vardır; MRKH 46,XX ve overler normaldir.",Primer amenore | Müllerian agenezi | Uterus yokluğu,33,Müllerian ageneziyi gonadal disgenezi ve androjen duyarsızlığından ayırt edebilme || Müllerian ageneziyi gonadal disgenezi ve androjen duyarsızlığından ayırt edebilme
Kolposkopi,Kadın Hastalıkları ve Doğum,Serviks tanısı,P1,Serviksin büyütme altında asetik asit/Lugol gibi yöntemlerle değerlendirilmesidir.,Anormal smear/HPV sonrası kolposkopi + hedefli biyopsi tanısal adımdır.,Pap smear tarama testidir; kolposkopi lezyonu görüp biyopsiye yönlendirir.,Pap smear | Servikal intraepitelyal neoplazi | LEEP,16,kolposkopi || Serviks kanserlerinin büyük kısmı persistan yüksek riskli HPV enfeksiyonu ile ilişkilidir. HPV testi sitolojiyle birlikte veya uygun yaş/algoritmada primer test olarak risk sınıflamasını güçlendirir; pozitiflik kolposkopi veya yakın izlem kararını etkiler.
Pap smear,Kadın Hastalıkları ve Doğum,Serviks taraması,P1,Serviksten alınan hücre örneğinin sitolojik olarak incelendiği tarama testidir.,Pap smear serviks kanseri taramasıdır; tanı şüphede kolposkopi-biyopsiyle netleşir.,"Endometrial biyopsi uterin kaviteyi, Pap smear serviks epitelini değerlendirir.",Servikal intraepitelyal neoplazi | HPV 16/18 | Kolposkopi,2,Pap smear || Pap smear
Asherman sendromu,Kadın Hastalıkları ve Doğum,Uterin faktör / amenore,P1,Uterin kavitede intrauterin adezyonlara bağlı hipomenore/amenore ve infertilite tablosudur.,Küretaj öyküsü + sekonder amenore + çekilme kanaması yok = Asherman düşün.,Hipotalamik amenorede endometrium sağlamdır ama hormonal uyarı azdır; Asherman’da kavite adezyonu vardır.,Sekonder amenore | Dilatasyon-küretaj | İntrauterin adezyon,22,Asherman sendromunda FSH normal olabilir ve öyküde küretaj/uterin adezyon bulunur; over yetmezliğinde FSH yüksektir. || Asherman sendromu
Vulvovajinal kandidiyazis,Kadın Hastalıkları ve Doğum,Vajinal enfeksiyon,P1,"Candida türlerine bağlı kaşıntı, eritem ve peynirimsi akıntı ile seyreden vulvovajinal enfeksiyondur.",Peynirimsi akıntı + kaşıntı + normal pH = kandidiyazis.,BV ve Trichomonas pH yükseltir; kandidiyaziste inflamasyon/kaşıntı belirgindir.,Candida | Vajinal pH | Azol antifungal,11,Flukonazol kandidal vajinit gibi mantar enfeksiyonlarını hedefler; postpartum uterin hassasiyet ve kötü kokulu loşiyle seyreden polimikrobiyal endometriti kapsamaz. || Flukonazol kandidal vajinit gibi mantar enfeksiyonlarını hedefler; postpartum uterin hassasiyet ve kötü kokulu loşiyle seyreden polimikrobiyal endometriti kapsamaz.
Bartholin apsesi,Kadın Hastalıkları ve Doğum,Vulvar enfeksiyon,P1,Bartholin bez kanalının tıkanması ve enfekte olmasıyla vestibülde ağrılı şişlik oluşmasıdır.,Ağrılı posterior vestibüler şişlik = Bartholin apsesi.,Bartholin kisti ağrısız olabilir; apse inflamasyon ve ağrıyla ayrılır.,Vulvar kitle | Word kateter | Marsupializasyon,2,"Bartholin apsesi vulvar ağrılı kitle ve lokal hassasiyet yapar. Yoğun adet kanaması, pelvik bası ve uterin kitle paterniyle uyumlu değildir. || Bartholin apsesi vulvar ağrılı kitle ve lokal hassasiyet yapar. Yoğun adet kanaması, pelvik bası ve uterin kitle paterniyle uyumlu değildir."
Hiperprolaktinemi,Kadın Hastalıkları ve Doğum,Üreme endokrinolojisi,P1,"Prolaktin yüksekliğine bağlı ovulasyon baskılanması, amenore ve galaktore yapabilen durumdur.",Amenore + galaktore = prolaktin bak; hipotiroidi ve ilaçları unutma.,PKOS hirsutizm ve oligoovulasyon yapar; galaktore hiperprolaktinemi lehinedir.,Galaktore | Sekonder amenore | GnRH,5,Yanlıştır. Prolaktin azalması PCOS’un tipik mekanizması değildir. Hiperprolaktinemi adet düzensizliği yapabilir ancak PCOS’tan ayrı bir ayırıcı tanıdır. || Yanlıştır. Prolaktin azalması PCOS’un tipik mekanizması değildir. Hiperprolaktinemi adet düzensizliği yapabilir ancak PCOS’tan ayrı bir ayırıcı tanıdır.
Pelvik organ prolapsusu,Kadın Hastalıkları ve Doğum,Ürojinekoloji,P1,"Uterus, mesane, rektum veya vajinal apeksin pelvik destek kaybıyla aşağı doğru yer değiştirmesidir.",Vajenden kitle gelmesi/bası hissi = pelvik organ prolapsusu düşün.,"Sistosel mesane, rektosel rektum kaynaklı ön/arka vajinal duvar prolapsusudur.",Sistosel | Rektosel | Rahim sarkması,11,"Müllerian agenezi/MRKH sendromunda karyotip 46,XX’tir, overler işlevseldir ve sekonder seks karakterleri genellikle normal gelişir; uterus ve üst vajina konjenital olarak yoktur veya hipoplaziktir. || Müllerian agenezi/MRKH sendromunda karyotip 46,XX’tir, overler işlevseldir ve sekonder seks karakterleri genellikle normal gelişir; uterus ve üst vajina konjenital olarak yoktur veya hipoplaziktir."
