id,term,aliases,category,subcategory,priority,occurrenceCount,shortDefinition,postAnswerExplanation,tusPearl,differentialPoint,safeNestedTerms,sourceFilePath
v398-histoembryo-kardiyak-noral-krest,Kardiyak nöral krest,Kardiyak nöral krest; cardiac neural crest; kardiyak nöral krest hücreleri,Histoloji ve embriyoloji,Nöral krest ve kalp çıkış yolu,P0,19,Kalbin çıkış yolu ve aortopulmoner septasyonuna katkı veren nöral krest hücre grubudur.,"Bu hücrelerin göç veya farklılaşma kusuru konotrunkal çıkış yolu defektleriyle ilişkilidir. Yenidoğanda santral siyanoz, çıkış yolu darlığı ve septal defekt birlikteyse embriyolojik yorumda kardiyak nöral krest düşünülür.",Konotrunkal defekt + timus/paratiroid/kraniofasiyal ipuçları nöral krest-faringeal ark bağlantısını güçlendirir.,Endokardiyal yastık AV septasyonla; kardiyak nöral krest konotrunkal çıkış yolu ayrımıyla daha yakından ilişkilidir.,Konotrunkal septasyon; Aortopulmoner septum; Faringeal ark,src/data/cases.js; src/data/tusPearlCards.js; src/data/tusPearlHistologyEmbryologyFirst34Overrides.js
v398-histoembryo-noral-krest-migrasyonu,Nöral krest migrasyonu,Nöral krest migrasyonu; nöral krest göçü; neural crest migration,Histoloji ve embriyoloji,Nöral krest ve göç,P1,5,Nöral krest hücrelerinin doğdukları bölgeden hedef dokulara kontrollü göç sürecidir.,"Göç aksarsa aynı anda bağırsak ganglion hücresi yokluğu, kraniofasiyal defekt, konotrunkal kalp anomalisi veya pigment hücresi problemleri görülebilir. Bu yüzden soru tek organı değil göç eden hücre serisini test eder.","Hirschsprung, konotrunkal defekt ve DiGeorge benzeri tablolar nöral krest migrasyon mantığıyla bağlanır.",Lokal organ yetmezliği gibi görünse de embriyolojik cevap çoğu kez hücre göç bozukluğudur.,Nöral krest hücreleri; Hirschsprung hastalığı; Enterik ganglion hücreleri,src/data/cases.js; src/data/tusPearlCards.js; src/data/tusPearlHistologyEmbryologyFirst34Overrides.js
v398-histoembryo-norulasyon,Nörülasyon,Nörülasyon; neurulation; nöral tüp oluşumu,Histoloji ve embriyoloji,Nöral tüp gelişimi,P1,14,Nöral plağın katlanıp nöral tüpü oluşturduğu erken embriyolojik süreçtir.,"Nörülasyon bozulursa kranial veya kaudal nöropor kapanma kusurları ortaya çıkar. Bu mekanizma anensefali, spina bifida ve açık nöral tüp defektlerinin temelidir.","Kranial nöropor anensefaliye, kaudal nöropor spina bifidaya bağlanır.",Nörülasyon MSS tüpünü kurar; nöral krest bu tüpün kenarından ayrılıp göç eden ayrı popülasyondur.,Nöral plaka; Kranial nöropor; Kaudal nöropor,src/data/cases.js; src/data/tusPearlCards.js; src/data/tusPearlHistologyEmbryologyFirst34Overrides.js
v398-histoembryo-kranial-noropor,Kranial nöropor,Kranial nöropor; rostral nöropor; cranial neuropore,Histoloji ve embriyoloji,Nöral tüp gelişimi,P1,27,Nöral tüpün baş tarafındaki geçici açıklığıdır.,Kranial nöroporun kapanmaması anensefali gibi ağır kranial nöral tüp defektleriyle ilişkilidir. Kaudal nöropordan farklı olarak baş ve beyin gelişimi ön plandadır.,Kranial nöropor = anensefali; kaudal nöropor = spina bifida.,Kaudal nöropor omurga/omurilik arka elemanlarıyla ilişkilidir.,Anensefali; Nörülasyon; Nöral tüp defekti,src/data/cases.js; src/data/tusPearlCards.js; src/data/tusPearlHistologyEmbryologyFirst34Overrides.js
v398-histoembryo-meningomiyelosel,Meningomiyelosel,Meningomiyelosel; myelomeningocele; meningomyelosel,Histoloji ve embriyoloji,Nöral tüp defekti,P0,18,Meninges ve spinal kord/ sinir dokusunun vertebral defektten dışarı herniasyonudur.,Açık nöral tüp defekti olduğu için AFP artışı ve amniyon sıvısında asetilkolinesteraz pozitifliği beklenebilir. Spina bifida occulta’dan daha ağırdır çünkü nöral doku defekte katılır.,Lumbosakral kese + AFP artışı + nörolojik etkilenme meningomiyelosel lehinedir.,Meningoselde yalnız meninges herniasyonu; meningomiyeloselde nöral doku da defekt içindedir.,Kaudal nöropor; Spina bifida; Maternal serum AFP,src/data/cases.js; src/data/tusPearlCards.js; src/data/tusPearlHistologyEmbryologyFirst34Overrides.js
v398-histoembryo-amniyon-sivisinda-asetilkolinesteraz,Amniyon sıvısında asetilkolinesteraz,Amniyon sıvısında asetilkolinesteraz; amniyotik sıvıda asetilkolinesteraz; amniyon asetilkolinesteraz; AChE pozitifliği,Histoloji ve embriyoloji,Prenatal tarama,P1,38,Amniyon sıvısında açık nöral doku ile ilişkili olabilen asetilkolinesteraz pozitifliğidir.,Açık nöral tüp defektlerinde amniyon sıvısına nöral doku enzimleri geçebilir. AFP yüksekliğini destekleyen daha spesifik bir prenatal ipucu olarak kullanılır.,AFP yüksekliği + amniyon AChE pozitifliği açık nöral tüp defekti lehinedir.,AChE pozitifliği kapalı spina bifida occulta’dan çok açık defektlerle ilişkilidir.,Maternal serum AFP; Açık nöral tüp defekti; Meningomiyelosel,src/data/cases.js; src/data/tusPearlCards.js; src/data/tusPearlHistologyEmbryologyFirst34Overrides.js
v398-histoembryo-faringeal-ark,Faringeal ark,Faringeal ark; branchial arch; brankial ark; yutak arkı,Histoloji ve embriyoloji,Faringeal aparat,P1,31,"Baş-boyun bölgesinin kemik, kas, damar ve sinir gelişimine katkı veren segmental embriyonik yapılardır.","Her ark belirli bir kıkırdak/kemik, kas, arter ve kranial sinir ilişkisi taşır. TUS sorularında ark numarası çoğu zaman hangi sinirin veya kas grubunun geliştiğini ayırır.","Ark sorularında kas-sinir eşleşmesi ezberden daha değerlidir: 1. ark V, 2. ark VII, 3. ark IX, 4-6. ark X ile ilişkilidir.",Faringeal poş endodermal iç yapıları; faringeal yarık ektodermal dış yapıları verir.,Birinci faringeal ark; Faringeal poş; Faringeal yarık,src/data/cases.js; src/data/tusPearlCards.js; src/data/tusPearlHistologyEmbryologyFirst34Overrides.js
v398-histoembryo-birinci-faringeal-ark,Birinci faringeal ark,Birinci faringeal ark; 1. faringeal ark; mandibular ark; birinci brankial ark,Histoloji ve embriyoloji,Faringeal aparat,P1,21,Mandibula-maksilla gelişimi ve çiğneme kaslarıyla ilişkili ilk faringeal arktır.,"Birinci ark Meckel kıkırdağı, çiğneme kasları ve trigeminal sinirle ilişkilidir. Mandibula, malleus-incus ve çiğneme kası sorularında ayırıcı değeri yüksektir.",1. ark = çiğneme kasları + CN V; 2. ark = mimik kasları + CN VII.,Birinci poş orta kulak/eustachi tüpüne gider; birinci ark kas-sinir-iskelet ilişkisi taşır.,Meckel kıkırdağı; Trigeminal sinir; Çiğneme kasları,src/data/cases.js; src/data/tusPearlCards.js; src/data/tusPearlHistologyEmbryologyFirst34Overrides.js
v398-histoembryo-ikinci-faringeal-ark,İkinci faringeal ark,İkinci faringeal ark; 2. faringeal ark; hyoid ark; ikinci brankial ark,Histoloji ve embriyoloji,Faringeal aparat,P1,4,"Mimik kasları, stapes ve yüz siniriyle ilişkilendirilen faringeal arktır.","İkinci ark Reichert kıkırdağı türevleri, mimik kasları ve fasiyal sinirle ilişkilidir. Boyun kisti/yarık sorularında da ikinci ark yarıklarının kapanma kusuru önemlidir.",2. ark = mimik kasları + CN VII + stapes.,Birinci ark çiğneme kasları ve trigeminal sinirle ayrılır.,Reichert kıkırdağı; Fasiyal sinir; Brankial yarık kisti,src/data/cases.js; src/data/tusPearlCards.js; src/data/tusPearlHistologyEmbryologyFirst34Overrides.js
v398-histoembryo-ucuncu-faringeal-pos,Üçüncü faringeal poş,Üçüncü faringeal poş; 3. faringeal poş; üçüncü poş,Histoloji ve embriyoloji,Faringeal poşlar,P0,80,Timus ve inferior paratiroid gelişimiyle ilişkili endodermal poştur.,"Dorsal kanadı inferior paratiroide, ventral kanadı timusa gelişir. Timusun kaudale göç etmesi nedeniyle inferior paratiroidin kökeni isimlendirmeye göre ters gibi görünebilir.",3. poş = timus + inferior paratiroid.,4. poş superior paratiroid ve ultimobrankial cisim ilişkisiyle ayrılır.,Timus; İnferior paratiroid; DiGeorge sendromu,src/data/cases.js; src/data/tusPearlCards.js; src/data/tusPearlHistologyEmbryologyFirst34Overrides.js
v398-histoembryo-dorduncu-faringeal-pos,Dördüncü faringeal poş,Dördüncü faringeal poş; 4. faringeal poş; dördüncü poş,Histoloji ve embriyoloji,Faringeal poşlar,P1,89,Superior paratiroid ve ultimobrankial cisim/parafoliküler C hücre hattıyla ilişkilendirilen poştur.,Dördüncü poşun dorsal kısmı superior paratiroide katkı verir; ultimobrankial cisim ise tiroid C hücreleriyle ilişkilendirilir. Timus-inferior paratiroid ilişkisini üçüncü poştan ayırmak için önemlidir.,4. poş = superior paratiroid; 3. poş = timus + inferior paratiroid.,Parafoliküler C hücrelerinin kendisi nöral krest katkısıyla ilişkilendirilir; poş yapısı göç ve yerleşim ortamını sağlar.,Superior paratiroid; Ultimobrankial cisim; Parafoliküler C hücresi,src/data/cases.js; src/data/tusPearlCards.js; src/data/tusPearlHistologyEmbryologyFirst34Overrides.js
v398-histoembryo-faringeal-yarik,Faringeal yarık,Faringeal yarık; brankial yarık; pharyngeal cleft,Histoloji ve embriyoloji,Faringeal aparat,P0,69,Faringeal arkların dış yüzündeki ektodermal oluklardır.,İnsanda birinci yarık dış kulak yolu gibi yapılara katkı verir; diğer yarıkların kalıntıları brankial yarık kisti/sinüsü oluşturabilir. Poş-yarık ayrımı embriyoloji sorularında sık tuzaktır.,Yarık ektodermal dış yapı; poş endodermal iç yapı olarak ayrılır.,Lateral boyun kitlesinde brankial yarık kalıntısı; orta hatta dil hareketiyle yükselen kitlede tiroglossal kanal düşünülür.,Brankial yarık kisti; Faringeal poş; Tiroglossal kanal kisti,src/data/cases.js; src/data/tusPearlCards.js; src/data/tusPearlHistologyEmbryologyFirst34Overrides.js
v398-histoembryo-brankial-yarik-kisti,Brankial yarık kisti,Brankial yarık kisti; branchial cleft cyst; brankial kist; lateral boyun kisti,Histoloji ve embriyoloji,Faringeal aparat anomalileri,P0,15,"Faringeal yarık kalıntısından gelişen, genellikle lateral boyunda görülen konjenital kistik lezyondur.",Lateral boyunda sternokleidomastoid ön kenarı boyunca yerleşmesi tipiktir. Dil hareketiyle yükselmemesi tiroglossal kanal kistinden ayırmada kritik ipucudur.,Lateral boyun kitlesi + SCM ön kenarı = brankial yarık kisti düşün.,Tiroglossal kanal kisti orta hattadır ve dil çıkarma/yutkunmayla hareket edebilir.,Faringeal yarık; Sternokleidomastoid ön kenarı; Tiroglossal kanal kisti,src/data/cases.js; src/data/tusPearlCards.js; src/data/tusPearlHistologyEmbryologyFirst34Overrides.js
v398-histoembryo-tiroglossal-kanal,Tiroglossal kanal,Tiroglossal kanal; thyroglossal duct; ductus thyroglossus,Histoloji ve embriyoloji,Tiroid embriyolojisi,P0,130,Tiroid bezinin foramen caecumdan boyundaki yerine inişi sırasında geçici bağlantı oluşturan kanaldır.,"Normalde kaybolur; persiste ederse orta hatta tiroglossal kanal kisti gelişebilir. Dil hareketiyle yukarı hareket etmesi, dil köküyle embriyolojik bağlantıyı düşündürür.",Orta hat boyun kisti + dil hareketiyle yükselme = tiroglossal kanal kalıntısı.,Lateral boyun kisti brankial yarık kalıntısı lehinedir.,Tiroglossal kanal kisti; Foramen caecum; Tiroid gelişimi,src/data/cases.js; src/data/tusPearlCards.js; src/data/tusPearlHistologyEmbryologyFirst34Overrides.js
v398-histoembryo-parafolikuler-c-hucresi,Parafoliküler C hücresi,Parafoliküler C hücresi; C hücresi; parafolliküler C hücreleri; thyroid C cell,Histoloji ve embriyoloji,Endokrin histoloji/embriyoloji,P1,16,Tiroid folikülleri arasında yer alan ve kalsitonin salgılayan hücredir.,Parafoliküler C hücreleri kalsitonin üretimiyle kalsiyum metabolizmasına katkı verir ve medüller tiroid karsinomu kökeni açısından önemlidir. Embriyolojik olarak nöral krest katkısı ve ultimobrankial cisim ilişkisiyle sorulabilir.,Medüller tiroid karsinomu C hücresi/kalsitonin ile ilişkilidir.,Folikül hücreleri tiroglobulin/T3-T4 üretir; C hücreleri kalsitonin üretir.,Kalsitonin; Ultimobrankial cisim; Medüller tiroid karsinomu,src/data/cases.js; src/data/tusPearlCards.js; src/data/tusPearlHistologyEmbryologyFirst34Overrides.js
v398-histoembryo-konotrunkal-septasyon,Konotrunkal septasyon,Konotrunkal septasyon; conotruncal septation; çıkış yolu septasyonu,Histoloji ve embriyoloji,Kalp embriyolojisi,P0,26,Embriyonik kalp çıkış yolunun aorta ve pulmoner trunkusa ayrılması sürecidir.,"Kardiyak nöral krest hücreleri bu ayrılmaya katkı verir. Kusurunda truncus arteriosus, büyük arter transpozisyonu veya Fallot spektrumu gibi siyanoz yapan çıkış yolu anomalileri gelişebilir.",Yenidoğan santral siyanozu + çıkış yolu defekti embriyolojik olarak konotrunkal septasyonu düşündürür.,AV septal defektler daha çok endokardiyal yastık mekanizmasıyla ilişkilidir.,Kardiyak nöral krest; Aortopulmoner septum; Truncus arteriosus,src/data/cases.js; src/data/tusPearlCards.js; src/data/tusPearlHistologyEmbryologyFirst34Overrides.js
v398-histoembryo-aortopulmoner-septum,Aortopulmoner septum,Aortopulmoner septum; aorticopulmonary septum; aortikopulmoner septum,Histoloji ve embriyoloji,Kalp embriyolojisi,P0,35,Embriyonik çıkış yolunu aorta ve pulmoner trunkusa ayıran spiral septumdur.,Spiral hizalanma bozulduğunda büyük arter transpozisyonu; ayrılma yetersizliğinde truncus arteriosus gibi tablolar ortaya çıkabilir. Nöral krest katkısı nedeniyle faringeal/kraniofasiyal anomalilerle birlikte sorulabilir.,Aortopulmoner septum soruları çıkış yolu ve siyanoz mantığını test eder.,Septum primum/secundum atriyal septasyonla; aortopulmoner septum çıkış yolu ayrımıyla ilgilidir.,Konotrunkal septasyon; Kardiyak nöral krest; Büyük arter transpozisyonu,src/data/cases.js; src/data/tusPearlCards.js; src/data/tusPearlHistologyEmbryologyFirst34Overrides.js
v398-histoembryo-endokardiyal-yastik,Endokardiyal yastık,Endokardiyal yastık; endocardial cushion; endokardiyal yastıklar,Histoloji ve embriyoloji,Kalp embriyolojisi,P1,13,AV kanal septasyonu ve kapak gelişimine katkı veren mezenkimal yastık yapılardır.,Endokardiyal yastık kusurları atriyoventriküler septal defektlerle ilişkilidir. Down sendromu gibi durumlarda AV kanal defekti sorularında sık ipucudur.,AV septal defekt = endokardiyal yastık; konotrunkal defekt = nöral krest/aortopulmoner septum.,Çıkış yolu siyanozu konotrunkal septasyonla; AV kanal problemi endokardiyal yastıkla ayrılır.,AV septal defekt; Atriyoventriküler kanal; Down sendromu,src/data/cases.js; src/data/tusPearlCards.js; src/data/tusPearlHistologyEmbryologyFirst34Overrides.js
v398-histoembryo-septum-primum,Septum primum,Septum primum; septum primum,Histoloji ve embriyoloji,Atriyal septasyon,P1,24,Embriyonik atriyum içinde ilk gelişen ince atriyal septumdur.,Septum primum ostium primumu kapatırken üst kısmında ostium secundum oluşur. Aşırı rezorpsiyon veya gelişim kusuru ostium secundum tipi ASD ile ilişkilendirilebilir.,Septum primum/secundum dengesi foramen ovale ve ASD sorularının temelidir.,Aortopulmoner septum çıkış yolunu; septum primum atriyumlar arası bölmeyi açıklar.,Septum secundum; Foramen ovale; Ostium secundum ASD,src/data/cases.js; src/data/tusPearlCards.js; src/data/tusPearlHistologyEmbryologyFirst34Overrides.js
v398-histoembryo-septum-secundum,Septum secundum,Septum secundum; septum secundum,Histoloji ve embriyoloji,Atriyal septasyon,P1,14,Septum primumun sağında gelişen ve foramen ovalenin kenarını oluşturan ikinci atriyal septumdur.,Septum secundum foramen ovaleyi tamamen kapatmaz; doğumdan sonra basınç değişimiyle fonksiyonel kapanma olur. Bu yapıdaki yetersizlik patent foramen ovale veya ASD paternleriyle ilişkilendirilebilir.,Septum secundum foramen ovalenin anatomik kapağını değil kenar yapısını oluşturur; kapak işlevini septum primum görür.,Ventriküler septasyon ve çıkış yolu septasyonu farklı embriyolojik süreçlerdir.,Septum primum; Foramen ovale; Patent foramen ovale,src/data/cases.js; src/data/tusPearlCards.js; src/data/tusPearlHistologyEmbryologyFirst34Overrides.js
v398-histoembryo-duktus-venozus,Duktus venozus,Duktus venozus; ductus venosus; venöz kanal,Histoloji ve embriyoloji,Fetal dolaşım,P1,7,Umbilikal venden gelen oksijenli kanın karaciğer sinüzoidlerini kısmen bypass ederek vena cava inferiora geçmesini sağlayan fetal şanttır.,Fetal dolaşımda plasentadan gelen kanın hızlı biçimde kalbe ulaşmasını sağlar. Doğumdan sonra kapanarak ligamentum venosuma dönüşür.,Duktus venozus karaciğeri; duktus arteriozus akciğer dolaşımını bypass eder.,Umbilikal ven oksijenli kan taşır; umblikal arterler oksijeni azalmış kanı plasentaya götürür.,Umbilikal ven; Ligamentum venosum; Fetal dolaşım,src/data/cases.js; src/data/tusPearlCards.js; src/data/tusPearlHistologyEmbryologyFirst34Overrides.js
v398-histoembryo-gercek-divertikul,Gerçek divertikül,Gerçek divertikül; true diverticulum; gerçek divertikül,Histoloji ve embriyoloji,GİS duvar histolojisi,P1,30,Bağırsak duvarının tüm katlarını içeren divertiküldür.,"Meckel divertikülü gerçek divertiküldür; mukoza, submukoza ve muskular tabaka gibi tüm duvar katlarını içerir. Yalancı divertiküller bu tüm katları içermez.",Meckel divertikülü gerçek divertikül olarak sorulabilir.,Kolon divertikülozundaki psödodivertiküller genellikle tüm duvar katlarını içermez.,Meckel divertikülü; Bağırsak duvarı; Yalancı divertikül,src/data/cases.js; src/data/tusPearlCards.js; src/data/tusPearlHistologyEmbryologyFirst34Overrides.js
v398-histoembryo-teknesyum-99m-perteknetat,Teknesyum-99m perteknetat,Teknesyum-99m perteknetat; Tc-99m perteknetat; Meckel sintigrafisi; perteknetat sintigrafisi,Histoloji ve embriyoloji,Nükleer tıp / embriyoloji bağlantısı,P1,20,Ektopik gastrik mukoza tutulumunu gösterebilen sintigrafik ajandır.,"Meckel divertikülünde ektopik gastrik mukoza varsa perteknetat tutulumu görülebilir. Bu test anatomik divertikülü değil, içindeki mide mukozası fonksiyonunu yakalar.",Meckel scan’in hedefi divertikül duvarı değil ektopik gastrik mukozadır.,Kanama odağını gösteren genel görüntüleme ile ektopik mukoza hedefli perteknetat sintigrafisi karıştırılmamalıdır.,Ektopik gastrik mukoza; Meckel divertikülü; Ağrısız alt GİS kanaması,src/data/cases.js; src/data/tusPearlCards.js; src/data/tusPearlHistologyEmbryologyFirst34Overrides.js
v398-histoembryo-omfalomezenterik-fistul,Omfalomezenterik fistül,Omfalomezenterik fistül; vitellin fistül; omfalomezenterik kanal fistülü,Histoloji ve embriyoloji,GİS embriyolojisi,P1,2,Vitellin kanalın tüm uzunluğu boyunca açık kalmasıyla bağırsak lümeni ile umbilikus arasında oluşan bağlantıdır.,Göbekten dışkı veya enterik içerik gelmesi bu kalıntıyı düşündürür. Meckel divertikülü ise kanalın yalnız intestinal ucunun persiste kalmasıyla oluşur.,Göbekten fekal akıntı = omfalomezenterik fistül; ağrısız kanama = Meckel + ektopik mide mukozası.,Urakus fistülü göbekten idrar gelmesiyle ayrılır.,Vitellin kanal; Meckel divertikülü; Urakus,src/data/cases.js; src/data/tusPearlCards.js; src/data/tusPearlHistologyEmbryologyFirst34Overrides.js
v398-histoembryo-allantois,Allantois,Allantois; allantois,Histoloji ve embriyoloji,Ürogenital embriyoloji,P1,22,"Yolk sac kökenli, urakus ve mesane apeksi gelişimiyle ilişkili embriyonik uzantıdır.","Allantois kalıntısı urakusa dönüşür; urakus kapanma bozuklukları göbekten idrar gelmesi, urakal kist veya sinüs şeklinde görülebilir. Vitellin kanal kalıntıları ise bağırsak-umbilikus ilişkisi yapar.",Allantois/urakus = mesane-umbilikus; vitellin kanal = bağırsak-umbilikus.,Meckel divertikülü allantois değil vitellin kanal kalıntısıdır.,Urakus; Persistan urakus; Vitellin kanal,src/data/cases.js; src/data/tusPearlCards.js; src/data/tusPearlHistologyEmbryologyFirst34Overrides.js
v398-histoembryo-urakus,Urakus,Urakus; urachus; urakal kanal,Histoloji ve embriyoloji,Ürogenital embriyoloji,P1,32,Mesane apeksi ile umbilikus arasındaki allantois kökenli embriyonik bağlantının kalıntısıdır.,Normalde kapanarak median umblikal ligamente dönüşür. Kapanmazsa göbekten idrar gelmesi veya urakal kist/sinüs oluşabilir.,Göbekten idrar gelmesi urakus; göbekten fekal akıntı omfalomezenterik fistül lehinedir.,Meckel divertikülü urakus değil vitellin kanal kalıntısıdır.,Allantois; Persistan urakus; Median umblikal ligament,src/data/cases.js; src/data/tusPearlCards.js; src/data/tusPearlHistologyEmbryologyFirst34Overrides.js
v398-histoembryo-persistan-urakus,Persistan urakus,Persistan urakus; patent urachus; açık urakus; urakus fistülü,Histoloji ve embriyoloji,Ürogenital embriyoloji,P0,0,Urakus kanalının doğum sonrası açık kalmasıdır.,Mesane ile umbilikus arasında bağlantı sürdüğü için göbekten idrar gelmesi tipiktir. Embriyoloji sorularında vitellin kanal fistülünden akıntının içeriğiyle ayrılır.,Umbilikustan idrar geliyorsa persistan urakus düşün.,Umbilikustan dışkı/enterik içerik gelmesi omfalomezenterik fistülü destekler.,Urakus; Allantois; Median umblikal ligament,src/data/cases.js; src/data/tusPearlCards.js; src/data/tusPearlHistologyEmbryologyFirst34Overrides.js
v398-histoembryo-orta-bagirsak-rotasyonu,Orta bağırsak rotasyonu,Orta bağırsak rotasyonu; midgut rotasyonu; midgut rotation; bağırsak rotasyonu,Histoloji ve embriyoloji,GİS embriyolojisi,P0,7,Orta bağırsağın SMA ekseni etrafında fizyolojik herniasyon ve dönüşle yerleşmesi sürecidir.,Normal rotasyon ve fiksasyon bozulursa malrotasyon ve volvulus gelişebilir. Yenidoğanda safralı kusma bu mekanik-embriyolojik hatayı düşündüren kritik bulgudur.,Safralı kusma + malrotasyon/volvulus sorusunda rotasyon-fiksasyon mekanizması aranır.,Hirschsprung’da temel sorun rotasyon değil enterik ganglion hücresi yokluğudur.,Malrotasyon; Midgut volvulus; Süperior mezenterik arter,src/data/cases.js; src/data/tusPearlCards.js; src/data/tusPearlHistologyEmbryologyFirst34Overrides.js
v398-histoembryo-fizyolojik-umblikal-herniasyon,Fizyolojik umblikal herniasyon,Fizyolojik umblikal herniasyon; fizyolojik herniasyon; physiologic umbilical herniation,Histoloji ve embriyoloji,GİS embriyolojisi,P1,14,Orta bağırsağın erken embriyoda geçici olarak umbilikal kord içine herniye olmasıdır.,"Karın boşluğu küçükken bağırsaklar geçici olarak dışarı çıkar, sonra rotasyon tamamlanarak geri döner. Bu sürecin bozulması rotasyon anomalileri ve karın duvarı defektleriyle ilişkilendirilebilir.",Fizyolojik herniasyon normal ve geçicidir; persiste eden karın duvarı defekti patolojiktir.,Omfalosel membranla kaplı karın duvarı defektidir; gastrosşizis genellikle membransız lateral defekttir.,Orta bağırsak rotasyonu; Omfalosel; Gastrosşizis,src/data/cases.js; src/data/tusPearlCards.js; src/data/tusPearlHistologyEmbryologyFirst34Overrides.js
v398-histoembryo-midgut-volvulus,Midgut volvulus,Midgut volvulus; orta bağırsak volvulusu; midgut volvulus,Histoloji ve embriyoloji,GİS embriyolojisi,P0,4,Malrotasyona bağlı orta bağırsağın mezenter ekseni etrafında dönerek tıkanma ve iskemi oluşturmasıdır.,"Safralı kusma, karın distansiyonu ve hızla kötüleşme acil cerrahi tabloyu düşündürür. Embriyolojik temel rotasyon-fiksasyon kusurudur.",Safralı kusan yenidoğanda volvulus iskemi riski nedeniyle acildir.,Pilor stenozu safrasız fışkırır tarzda kusma yapar; midgut volvulusta kusma sıklıkla safralıdır.,Malrotasyon; Orta bağırsak rotasyonu; Safralı kusma,src/data/cases.js; src/data/tusPearlCards.js; src/data/tusPearlHistologyEmbryologyFirst34Overrides.js
v398-histoembryo-trakeoozofageal-septum,Trakeoözofageal septum,Trakeoözofageal septum; tracheoesophageal septum; trakeoözofageal bölme,Histoloji ve embriyoloji,Solunum-GİS embriyolojisi,P0,29,Ön bağırsağı ventral solunum tüpü ve dorsal özofagusa ayıran embriyonik septumdur.,"Septum gelişimi bozulursa özofagus atrezisi ve trakeoözofageal fistül ortaya çıkabilir. Yenidoğanda beslenmeyle öksürük, siyalore ve mideye ilerlemeyen sonda bu mekanizmayı düşündürür.",Beslenmeyle öksürük/siyanoz + sonda proksimal poşta kıvrılırsa trakeoözofageal anomalidir.,Koanal atrezi nazal hava yolu tıkanıklığı yapar; trakeoözofageal fistül beslenme ve aspirasyonla belirginleşir.,Özofagus atrezisi; Trakeoözofageal fistül; Proksimal poş,src/data/cases.js; src/data/tusPearlCards.js; src/data/tusPearlHistologyEmbryologyFirst34Overrides.js
v398-histoembryo-ozofagus-atrezisi,Özofagus atrezisi,Özofagus atrezisi; esophageal atresia; özofageal atrezi,Histoloji ve embriyoloji,Solunum-GİS embriyolojisi,P0,42,Özofagus lümeninin sürekliliğinin doğumsal olarak kesintiye uğramasıdır.,"Çoğu zaman distal trakeoözofageal fistülle birliktedir. Yenidoğanda aşırı salivasyon, beslenmeyle öksürük/siyanoz ve nazogastrik sondanın mideye ilerlememesi tipiktir.",Sonda proksimal poşta kıvrılırsa özofagus atrezisi akla gelir.,Safralı kusma malrotasyon/duodenal obstrüksiyon; beslenmeyle aspirasyon özofagus atrezisi-fistül lehinedir.,Trakeoözofageal septum; Trakeoözofageal fistül; Proksimal poş,src/data/cases.js; src/data/tusPearlCards.js; src/data/tusPearlHistologyEmbryologyFirst34Overrides.js
v398-histoembryo-trakeoozofageal-fistul,Trakeoözofageal fistül,Trakeoözofageal fistül; TEF; tracheoesophageal fistula; trakeoözofageal fistül,Histoloji ve embriyoloji,Solunum-GİS embriyolojisi,P0,43,Trakea ile özofagus arasında doğumsal anormal bağlantıdır.,"Embriyolojik olarak trakeoözofageal septasyon kusurundan kaynaklanır. Beslenmeyle öksürük, aspirasyon ve karında hava görülmesi fistül varlığını destekler.",Özofagus atrezisi + distal TEF en klasik paternlerden biridir.,İzole özofagus atrezisinde karında hava daha az beklenir; fistül varsa hava mideye geçebilir.,Trakeoözofageal septum; Özofagus atrezisi; Aspirasyon,src/data/cases.js; src/data/tusPearlCards.js; src/data/tusPearlHistologyEmbryologyFirst34Overrides.js
v398-histoembryo-proksimal-pos,Proksimal poş,Proksimal poş; özofageal proksimal poş; proximal pouch,Histoloji ve embriyoloji,Solunum-GİS embriyolojisi,P1,43,Özofagus atrezisinde üst özofagus segmentinin kör sonlanan kısmıdır.,Nazogastrik sonda mideye ilerleyemez ve grafide proksimal poşta kıvrılabilir. Bu bulgu trakeoözofageal septasyon kusurunu destekler.,Sondanın proksimal poşta kıvrılması özofagus atrezisi için çok değerli görüntüleme ipucudur.,Koanal atrezi nazal kateter geçişini etkiler; özofagus atrezisi NG sondanın mideye ilerlemesini engeller.,Özofagus atrezisi; Trakeoözofageal fistül; Trakeoözofageal septum,src/data/cases.js; src/data/tusPearlCards.js; src/data/tusPearlHistologyEmbryologyFirst34Overrides.js
v398-histoembryo-septum-transversum,Septum transversum,Septum transversum; transvers septum; septum transversum,Histoloji ve embriyoloji,Diyafram embriyolojisi,P1,33,Diyaframın santral tendonuna katkı veren erken mezodermal yapıdır.,"Diyafram gelişimi septum transversum, pleuroperitoneal membranlar, dorsal özofagus mezenteri ve vücut duvarı katkılarıyla tamamlanır. Santral tendon sorularında septum transversum öne çıkar.",Diyafram santral tendonu için septum transversum ana ipucudur.,Bochdalek tipi posterolateral defekt daha çok pleuroperitoneal membran kapanmasıyla ilişkilendirilir.,Diyafram santral tendonu; Pleuroperitoneal membran; Konjenital diyafram hernisi,src/data/cases.js; src/data/tusPearlCards.js; src/data/tusPearlHistologyEmbryologyFirst34Overrides.js
v398-histoembryo-pulmoner-hipoplazi,Pulmoner hipoplazi,Pulmoner hipoplazi; lung hypoplasia; akciğer hipoplazisi,Histoloji ve embriyoloji,Solunum embriyolojisi,P1,42,Akciğer dokusunun yetersiz gelişmesi ve düşük alveoler/bronşiyal kapasiteyle seyreden gelişim bozukluğudur.,Konjenital diyafram hernisinde toraksa geçen abdominal organlar akciğer genişlemesini engelleyerek pulmoner hipoplaziye yol açabilir. Oligohidramnios ve torasik boşluğu sınırlayan durumlarda da görülebilir.,Diyafram hernisi mortalitesinde yalnız herni değil eşlik eden pulmoner hipoplazi belirleyicidir.,Atelektazi gelişmiş alveolün kapanmasıdır; pulmoner hipoplazi gelişimsel akciğer yetersizliğidir.,Bochdalek hernisi; Konjenital diyafram hernisi; Tip II pnömosit,src/data/cases.js; src/data/tusPearlCards.js; src/data/tusPearlHistologyEmbryologyFirst34Overrides.js
v398-histoembryo-enterik-ganglion-hucreleri,Enterik ganglion hücreleri,Enterik ganglion hücreleri; enterik ganglion hücresi; enteric ganglion cells,Histoloji ve embriyoloji,Enterik sinir sistemi embriyolojisi,P0,30,Bağırsak duvarındaki enterik sinir pleksuslarını oluşturan nöral krest kökenli hücrelerdir.,Bu hücrelerin distal bağırsağı kolonize edememesi Hirschsprung hastalığında aganglionik segment oluşturur. Mekonyum çıkaramama ve distansiyon bu embriyolojik göç kusuruyla açıklanır.,Mekonyum çıkaramama + rektal biyopside ganglion hücresi yokluğu = Hirschsprung.,Malrotasyonda sorun bağırsak yerleşimi/rotasyonu; Hirschsprung’da enterik ganglion hücresi yokluğudur.,Nöral krest hücreleri; Aganglionik segment; Miyenterik pleksus,src/data/cases.js; src/data/tusPearlCards.js; src/data/tusPearlHistologyEmbryologyFirst34Overrides.js
v398-histoembryo-auerbach-pleksusu,Auerbach pleksusu,Auerbach pleksusu; miyenterik pleksus; myenteric plexus; Auerbach sinir ağı,Histoloji ve embriyoloji,Enterik sinir sistemi histolojisi,P1,8,Bağırsak muskularis tabakaları arasında bulunan enterik sinir pleksusudur.,Başlıca bağırsak motilitesini düzenler. Hirschsprung hastalığında ganglion hücrelerinin yokluğu motilite bozukluğu ve fonksiyonel obstrüksiyon oluşturur.,Auerbach = motilite; Meissner = sekresyon/kan akımı/mukoza kontrolü şeklinde ayrılır.,Submukozal Meissner pleksusu daha çok mukozal fonksiyonlarla ilişkilidir.,Enterik ganglion hücreleri; Meissner pleksusu; Aganglionik segment,src/data/cases.js; src/data/tusPearlCards.js; src/data/tusPearlHistologyEmbryologyFirst34Overrides.js
v398-histoembryo-meissner-pleksusu,Meissner pleksusu,Meissner pleksusu; submukozal pleksus; submucosal plexus; Meissner sinir ağı,Histoloji ve embriyoloji,Enterik sinir sistemi histolojisi,P1,9,Bağırsak submukozasında bulunan enterik sinir pleksusudur.,"Mukozal sekresyon, lokal kan akımı ve submukozal kontrolle ilişkilidir. Auerbach pleksusundan farklı olarak esas motilite kas tabakaları arasındaki miyenterik pleksusa aittir.",Meissner = submukoza; Auerbach = muskularis arasında.,Hirschsprung’da her iki pleksusta ganglion hücresi yokluğu değerlendirilebilir.,Auerbach pleksusu; Enterik ganglion hücreleri; Submukoza,src/data/cases.js; src/data/tusPearlCards.js; src/data/tusPearlHistologyEmbryologyFirst34Overrides.js
v398-histoembryo-mezonefrik-kanal,Mezonefrik kanal,Mezonefrik kanal; Wolff kanalı; mesonephric duct; Wolf kanalı,Histoloji ve embriyoloji,Ürogenital embriyoloji,P1,41,Erkek iç genital kanal sisteminin önemli bölümünü oluşturan embriyonik kanaldır.,"Testosteron etkisiyle epididimis, ductus deferens, seminal vezikül ve ejakülatör kanal gibi yapılara farklılaşır. Kadında büyük ölçüde geriler.",Wolff/mezonefrik kanal testosteronla erkek iç genital kanalı verir.,Müller/paramezonefrik kanal kadın uterus-tuba-üst vajen yapılarıyla ilişkilidir.,Paramezonefrik kanal; Testosteron; Epididimis,src/data/cases.js; src/data/tusPearlCards.js; src/data/tusPearlHistologyEmbryologyFirst34Overrides.js
v398-histoembryo-paramezonefrik-kanal,Paramezonefrik kanal,Paramezonefrik kanal; Müller kanalı; paramesonephric duct; Muller kanalı,Histoloji ve embriyoloji,Ürogenital embriyoloji,P1,26,Kadın iç genital sisteminin büyük kısmına farklılaşan embriyonik kanaldır.,"Anti-Müllerian hormon yokluğunda tuba uterina, uterus ve vajenin üst kısmına gelişir. Erkekte Sertoli hücresi kaynaklı AMH ile geriler.",Müller/paramezonefrik kanal kadın iç genital; Wolff/mezonefrik kanal erkek iç genital hattıdır.,Sertoli hücresi AMH salgısıyla Müller kanalını baskılar; Leydig testosteronla Wolff kanalını destekler.,Anti-Müllerian hormon; Sertoli hücresi; Mezonefrik kanal,src/data/cases.js; src/data/tusPearlCards.js; src/data/tusPearlHistologyEmbryologyFirst34Overrides.js
v398-histoembryo-gubernakulum,Gubernakulum,Gubernakulum; gubernaculum,Histoloji ve embriyoloji,Gonad inişi,P1,30,Gonadın embriyolojik inişinde yönlendirici rol oynayan bağ dokusu kordonudur.,Testisin skrotuma inişinde gubernakulum önemlidir. İnmemiş testis ve processus vaginalis ilişkili anomaliler bu göç/iniş mekanizmasıyla anlaşılır.,Kriptorşidizm sorularında gubernakulum-testis inişi bağlantısı değerlidir.,Processus vaginalis periton uzantısıdır; gubernakulum ise inişi yönlendiren bağ dokusu yapıdır.,Processus vaginalis; İnmemiş testis; Testis inişi,src/data/cases.js; src/data/tusPearlCards.js; src/data/tusPearlHistologyEmbryologyFirst34Overrides.js
v398-histoembryo-processus-vaginalis,Processus vaginalis,Processus vaginalis; processus vaginalis peritonei; vajinal proses,Histoloji ve embriyoloji,Gonad inişi,P1,12,Testis inişi sırasında skrotuma uzanan periton çıkıntısıdır.,Normalde kapanır; açık kalırsa indirekt inguinal herni veya hidrosel gelişebilir. Testis inişi ve inguinal kanal embriyolojisini klinik cerrahiyle birleştirir.,Açık processus vaginalis = indirekt inguinal herni/hidrosel riski.,Gubernakulum inişi yönlendirir; processus vaginalis periton uzantısıdır.,İndirekt inguinal herni; Hidrosel; Gubernakulum,src/data/cases.js; src/data/tusPearlCards.js; src/data/tusPearlHistologyEmbryologyFirst34Overrides.js
v398-histoembryo-sinsityotrofoblast,Sinsityotrofoblast,Sinsityotrofoblast; syncytiotrophoblast; sinsityotrofoblast tabakası,Histoloji ve embriyoloji,Plasenta histolojisi,P0,27,"Trofoblastın çok çekirdekli, invaziv ve hCG salgılayan dış tabakasıdır.","Maternal endometriyuma invazyon, laküna oluşumu ve erken hCG salgısı ile ilişkilidir. Gebelik testinin biyolojik temeli bu tabakanın hCG üretimidir.",hCG kaynağı sorulursa sinsityotrofoblast en güçlü cevaptır.,Sitotrofoblast hücresel proliferatif tabakadır; sinsityotrofoblast çok çekirdekli invaziv/endokrin tabakadır.,hCG; Sitotrofoblast; Koryonik villus,src/data/cases.js; src/data/tusPearlCards.js; src/data/tusPearlHistologyEmbryologyFirst34Overrides.js
v398-histoembryo-sitotrofoblast,Sitotrofoblast,Sitotrofoblast; cytotrophoblast; sitotrofoblast tabakası,Histoloji ve embriyoloji,Plasenta histolojisi,P1,24,Trofoblastın mitotik aktivitesi olan hücresel iç tabakasıdır.,Sitotrofoblast hücreleri proliferasyonla trofoblast kütlesini sürdürür ve dışta sinsityotrofoblast tabakasına katkı sağlar. Plasental bariyer erken dönemde sitotrofoblastı da içerir.,Sitotrofoblast proliferatif; sinsityotrofoblast invaziv ve hCG salgılayıcıdır.,hCG salgısı dendiğinde sitotrofoblast değil sinsityotrofoblast önceliklidir.,Sinsityotrofoblast; Koryonik villus; Plasental bariyer,src/data/cases.js; src/data/tusPearlCards.js; src/data/tusPearlHistologyEmbryologyFirst34Overrides.js
v398-histoembryo-koryonik-villus,Koryonik villus,Koryonik villus; chorionic villus; koryon villusu,Histoloji ve embriyoloji,Plasenta histolojisi,P1,0,Fetal trofoblast ve ekstraembriyonik mezenşimden oluşan plasental değişim birimidir.,"Koryonik villuslar maternal kanla temas ederek gaz, besin ve atık değişimini sağlar. Gelişim basamakları primer, sekonder ve tersiyer villus şeklinde ilerler.",Plasentada değişim yüzeyi koryonik villuslarla kurulur.,Endometrium maternal taraftır; koryonik villus fetal plasental yapıdır.,Sinsityotrofoblast; Sitotrofoblast; Plasental bariyer,src/data/cases.js; src/data/tusPearlCards.js; src/data/tusPearlHistologyEmbryologyFirst34Overrides.js
v398-histoembryo-plasental-bariyer,Plasental bariyer,Plasental bariyer; placental barrier; maternal-fetal bariyer,Histoloji ve embriyoloji,Plasenta histolojisi,P1,0,Maternal kan ile fetal kan arasında madde geçişini düzenleyen histolojik arayüzdür.,"Erken dönemde sinsityotrofoblast, sitotrofoblast, bazal lamina, mezenşim ve fetal kapiller endoteli içerir; gebelik ilerledikçe incelerek değişimi kolaylaştırır. Antikor, gaz ve bazı ilaç geçişleri bu bariyer üzerinden anlaşılır.",Plasental bariyer kanların doğrudan karışması değil kontrollü değişim yüzeyidir.,Hemokoryal plasentada maternal kan trofoblast yüzeyiyle temas eder; fetal kan kapiller içinde kalır.,Sinsityotrofoblast; Koryonik villus; İntervillöz boşluk,src/data/cases.js; src/data/tusPearlCards.js; src/data/tusPearlHistologyEmbryologyFirst34Overrides.js
v398-histoembryo-intervilloz-bosluk,İntervillöz boşluk,İntervillöz boşluk; intervillous space; intervillöz aralık,Histoloji ve embriyoloji,Plasenta histolojisi,P1,0,Koryonik villuslar arasında maternal kanın bulunduğu boşluktur.,Maternal kan villusların çevresini doldurur; fetal kan ise villus kapillerleri içinde kalır. Bu düzen hemokoryal plasentanın temel değişim mantığını oluşturur.,"Maternal kan intervillöz boşlukta, fetal kan villus kapillerindedir.",Plasental bariyer bu iki dolaşımın doğrudan karışmasını engelleyen histolojik arayüzdür.,Koryonik villus; Plasental bariyer; Sinsityotrofoblast,src/data/cases.js; src/data/tusPearlCards.js; src/data/tusPearlHistologyEmbryologyFirst34Overrides.js
v398-histoembryo-korpus-luteum,Korpus luteum,Korpus luteum; corpus luteum; gebelik korpus luteumu,Histoloji ve embriyoloji,Üreme histolojisi/endokrinoloji,P1,14,Ovulasyon sonrası folikül hücrelerinden gelişen progesteron salgılayan geçici endokrin yapıdır.,Erken gebelikte hCG tarafından desteklenir ve progesteron üretimini sürdürerek endometriyumun gebeliğe uygun kalmasını sağlar. Plasenta steroid üretimini yeterince üstlenene kadar kritiktir.,hCG’nin erken gebelikte ana etkisi korpus luteumu sürdürmektir.,FSH folikül gelişimini; hCG ise LH benzeri etkiyle luteal desteği sürdürür.,hCG; Sinsityotrofoblast; Progesteron,src/data/cases.js; src/data/tusPearlCards.js; src/data/tusPearlHistologyEmbryologyFirst34Overrides.js
v398-histoembryo-tip-pnomosit,Tip I pnömosit,Tip I pnömosit; type I pneumocyte; tip 1 pnömosit,Histoloji ve embriyoloji,Akciğer histolojisi,P1,44,"Alveol yüzeyinin büyük kısmını kaplayan ince, yassı gaz değişim hücresidir.",Çok ince sitoplazması gaz difüzyon mesafesini azaltır. Surfaktan üretmez; hasar sonrası yenilenme ve surfaktan üretimi esas olarak tip II pnömositlerle ilişkilidir.,Tip I = gaz değişimi; Tip II = surfaktan + onarım.,Alveoler makrofaj fagositoz yapar; pnömosit epitel hücresidir.,Tip II pnömosit; Alveol; Kan-hava bariyeri,src/data/cases.js; src/data/tusPearlCards.js; src/data/tusPearlHistologyEmbryologyFirst34Overrides.js
v398-histoembryo-lameller-cisimcik,Lameller cisimcik,Lameller cisimcik; lamellar body; lamellar cisimcik; lameller cisimcikler,Histoloji ve embriyoloji,Akciğer histolojisi,P1,59,Tip II pnömositlerde surfaktanın depolandığı membranlı granüllerdir.,Elektron mikroskobik olarak lamelli görünürler ve ekzositozla surfaktanı alveol yüzeyine verirler. Prematüriteye bağlı surfaktan yetersizliği bu hücre-organel ilişkisiyle anlaşılır.,Tip II pnömosit + lameller cisimcik + surfaktan üçlüsünü birlikte düşün.,Goblet hücresi mukus; tip II pnömosit surfaktan salgılar.,Tip II pnömosit; Surfaktan; Yenidoğan solunum sıkıntısı,src/data/cases.js; src/data/tusPearlCards.js; src/data/tusPearlHistologyEmbryologyFirst34Overrides.js
v398-histoembryo-alveoler-makrofaj,Alveoler makrofaj,Alveoler makrofaj; dust cell; alveolar macrophage; alveol makrofajı,Histoloji ve embriyoloji,Akciğer histolojisi,P1,16,Alveol lümeninde partikül ve mikroorganizma fagosite eden makrofajdır.,Solunum yoluyla gelen partikülleri temizler ve alveoler savunmaya katkı verir. Pnömositlerden farklı olarak epitel değil bağışıklık/fagositer hücredir.,Alveoler makrofaj = fagositoz; tip II pnömosit = surfaktan.,"Tip I pnömosit gaz değişim yüzeyi, tip II pnömosit surfaktan üreticisidir.",Tip I pnömosit; Tip II pnömosit; Fagositoz,src/data/cases.js; src/data/tusPearlCards.js; src/data/tusPearlHistologyEmbryologyFirst34Overrides.js
v398-histoembryo-respiratuvar-epitel,Respiratuvar epitel,Respiratuvar epitel; solunum epiteli; respiratory epithelium,Histoloji ve embriyoloji,Solunum histolojisi,P0,46,Üst ve iletici hava yollarında çoğunlukla psödostratifiye silyalı prizmatik epitel olarak görülen mukozal örtüdür.,"Silyalı hücreler mukusu taşır, goblet hücreleri mukus üretir ve bazal hücreler yenilenmeye katkı sağlar. Nazal biyopsi/epitel tipi sorularında temel histolojik cevaptır.",Trakea ve bronşlarda tipik epitel psödostratifiye silyalı prizmatiktir.,Alveolde ise çok ince tip I pnömositler gaz değişim yüzeyini oluşturur.,Psödostratifiye silyalı prizmatik epitel; Goblet hücresi; Silya,src/data/cases.js; src/data/tusPearlCards.js; src/data/tusPearlHistologyEmbryologyFirst34Overrides.js
v398-histoembryo-psodostratifiye-silyali-prizmatik-epitel,Psödostratifiye silyalı prizmatik epitel,Psödostratifiye silyalı prizmatik epitel; yalancı çok katlı silyalı prizmatik epitel; pseudostratified ciliated columnar epithelium,Histoloji ve embriyoloji,Solunum histolojisi,P0,0,Tüm hücreleri bazal membrana temas ettiği halde çekirdekleri farklı seviyelerde göründüğü için çok katlı sanılan silyalı prizmatik epiteldir.,Solunum yollarında mukosiliyer temizliği sağlar. Nazal/trakeal biyopside silya ve goblet hücreleriyle birlikte görülmesi solunum epiteli lehinedir.,Psödostratifiye görünüm gerçek çok katlılık değildir; tüm hücreler bazal membrana temas eder.,Çok katlı yassı epitel daha çok sürtünmeye dayanıklı yüzeylerde; solunum epiteli mukosiliyer temizlikte görev alır.,Respiratuvar epitel; Goblet hücresi; Bazal membran,src/data/cases.js; src/data/tusPearlCards.js; src/data/tusPearlHistologyEmbryologyFirst34Overrides.js
v398-histoembryo-goblet-hucresi,Goblet hücresi,Goblet hücresi; kadeh hücresi; goblet cell,Histoloji ve embriyoloji,Epitel histolojisi,P1,35,Mukus salgılayan tek hücreli bez gibi davranan epitel hücresidir.,Solunum ve bağırsak epitelinde mukus tabakası oluşturarak yüzeyi korur. Apikal mukus granülleri nedeniyle kadeh biçimli görünüm verir.,Goblet hücresi mukus salgılar; Paneth hücresi antimikrobiyal granül salgılar.,"Enterosit emilim, goblet hücresi mukus, Paneth hücresi defensin/lizozim üretir.",Mukus; Respiratuvar epitel; Bağırsak epiteli,src/data/cases.js; src/data/tusPearlCards.js; src/data/tusPearlHistologyEmbryologyFirst34Overrides.js
v398-histoembryo-bazal-hucre,Bazal hücre,Bazal hücre; basal cell; bazal epitel hücresi,Histoloji ve embriyoloji,Epitel histolojisi,P2,1,Bazal membrana yakın yerleşen ve epitel yenilenmesine katkı veren hücredir.,Respiratuvar epitelde kök/progenitör hücre havuzu gibi davranarak yüzey epitelinin yenilenmesini sağlar. Psödostratifiye epitelde tüm hücrelerin bazal membranla ilişkisi anlaşılmalıdır.,Bazal hücre yenilenme rezervidir; silyalı hücre mukosiliyer taşıma yapar.,"Goblet hücresi salgı, silyalı hücre taşıma, bazal hücre yenilenme fonksiyonuyla ayrılır.",Respiratuvar epitel; Bazal membran; Psödostratifiye epitel,src/data/cases.js; src/data/tusPearlCards.js; src/data/tusPearlHistologyEmbryologyFirst34Overrides.js
v398-histoembryo-mikrovillus,Mikrovillus,Mikrovillus; microvillus; mikrovilluslar,Histoloji ve embriyoloji,Bağırsak histolojisi,P0,22,"Apikal hücre membranından çıkan, yüzey alanını artıran kısa aktin çıkıntısıdır.",Enterositlerde fırçamsı kenarı oluşturarak emilim yüzeyini çok artırır. Silyadan farklı olarak hareketli değildir ve temel görevi emilim kapasitesini büyütmektir.,Mikrovillus emilim yüzeyini artırır; silya hareketle taşıma yapar.,"Villus doku düzeyinde çıkıntı, mikrovillus hücre membranı düzeyinde çıkıntıdır.",Fırçamsı kenar; Enterosit; Villus,src/data/cases.js; src/data/tusPearlCards.js; src/data/tusPearlHistologyEmbryologyFirst34Overrides.js
v398-histoembryo-fircamsi-kenar,Fırçamsı kenar,Fırçamsı kenar; brush border; fırçamsı çizgi,Histoloji ve embriyoloji,Bağırsak histolojisi,P1,4,Enterositlerin apikal mikrovilluslarının ışık mikroskobunda oluşturduğu çizgilenmiş görünümdür.,Karbonhidrat ve peptid sindirim enzimleriyle emilim yüzeyini genişletir. Emilim yüzeyi sorularında villus-kript-mikrovillus ilişkisini bağlar.,Fırçamsı kenar = enterosit apikal mikrovillusları.,Silya hareketli mikrotübül yapısıdır; mikrovillus/fırçamsı kenar aktin temelli emilim yapısıdır.,Mikrovillus; Enterosit; Villus,src/data/cases.js; src/data/tusPearlCards.js; src/data/tusPearlHistologyEmbryologyFirst34Overrides.js
v398-histoembryo-enterosit,Enterosit,Enterosit; absorptif enterosit; enterocyte,Histoloji ve embriyoloji,Bağırsak histolojisi,P1,44,İnce bağırsakta besin emiliminden sorumlu prizmatik epitel hücresidir.,Apikal mikrovillusları fırçamsı kenarı oluşturur ve emilim yüzeyini artırır. Çölyak hastalığında villus atrofisi ve emilim bozukluğu bu hücre yüzeyinin kaybıyla anlaşılır.,Enterosit = emilim + mikrovillus/fırçamsı kenar.,"Goblet hücresi mukus, Paneth hücresi antimikrobiyal savunma, enterosit emilim yapar.",Mikrovillus; Fırçamsı kenar; Villus atrofisi,src/data/cases.js; src/data/tusPearlCards.js; src/data/tusPearlHistologyEmbryologyFirst34Overrides.js
v398-histoembryo-lieberkuhn-kripti,Lieberkühn kripti,Lieberkühn kripti; intestinal kript; kript; crypt of Lieberkühn,Histoloji ve embriyoloji,Bağırsak histolojisi,P1,60,Bağırsak epitelinin lamina propria içine doğru uzanan bez/kript yapısıdır.,"Kök hücre nişi, Paneth hücreleri ve enteroendokrin hücreler burada bulunabilir. Villus emilim yüzeyini, kript ise yenilenme ve salgı fonksiyonunu temsil eder.",Villus yüzeye çıkar; kript derine iner ve yenilenme/salgı merkezidir.,Brunner bezleri duodenum submukozasında; Lieberkühn kriptleri mukozada yer alır.,Paneth hücresi; Enterosit; Villus,src/data/cases.js; src/data/tusPearlCards.js; src/data/tusPearlHistologyEmbryologyFirst34Overrides.js
v398-histoembryo-peyer-plagi,Peyer plağı,Peyer plağı; Peyer patch; Peyer plakları,Histoloji ve embriyoloji,Bağırsak immünohistolojisi,P1,0,Özellikle ileumda bulunan agregat lenfoid foliküllerdir.,Bağırsak mukozal immün yanıtının parçasıdır ve üzerindeki M hücreleri lümendeki antijenleri lenfoid dokuya taşır. İleum histolojisi sorularında önemli ayırıcı yapıdır.,İleum = Peyer plakları yüksek getirili histoloji ipucudur.,Appendiks de lenfoid doku zengindir; ileumda Peyer plakları mukozal-submukozal agregatlar halinde öne çıkar.,M hücresi; İleum; Mukozal immünite,src/data/cases.js; src/data/tusPearlCards.js; src/data/tusPearlHistologyEmbryologyFirst34Overrides.js
v398-histoembryo-m-hucresi,M hücresi,M hücresi; microfold cell; M cell,Histoloji ve embriyoloji,Bağırsak immünohistolojisi,P2,11,Peyer plakları üzerindeki folikül ilişkili epitelde antijen taşıyan özelleşmiş hücredir.,Lümendeki antijenleri alıp alttaki immün hücrelere sunulmak üzere taşır. Mukozal bağışıklık ve oral antijen yanıtı için önemlidir.,M hücresi antijen transsitozu yapar; enterosit esas emilim hücresidir.,Goblet hücresi mukus salgılar; M hücresi immün örnekleme yapar.,Peyer plağı; Folikül ilişkili epitel; Mukozal immünite,src/data/cases.js; src/data/tusPearlCards.js; src/data/tusPearlHistologyEmbryologyFirst34Overrides.js
v398-histoembryo-santral-lakteal,Santral lakteal,Santral lakteal; central lacteal; lakteal,Histoloji ve embriyoloji,Bağırsak histolojisi,P1,0,İnce bağırsak villusu içinde yer alan lenfatik kapillerdir.,"Uzun zincirli yağ asitleri şilomikron olarak lenfatiklere taşınır. Villus yapısını sadece emilim yüzeyi değil, yağ emilimi ve lenfatik drenajla birlikte anlamayı sağlar.",Villus içindeki lakteal yağ emilimi için kritik lenfatik yoldur.,Kapillerler glukoz/aminoasitleri kana; laktealler şilomikronları lenfe taşır.,Villus; Şilomikron; Enterosit,src/data/cases.js; src/data/tusPearlCards.js; src/data/tusPearlHistologyEmbryologyFirst34Overrides.js
v398-histoembryo-brunner-bezi,Brunner bezi,Brunner bezi; Brunner glands; duodenal submukozal bez,Histoloji ve embriyoloji,GİS histolojisi,P1,0,Duodenum submukozasında alkali mukus salgılayan bezdir.,Asidik mide içeriğini nötralize ederek duodenum mukozasını korur. Submukozal yerleşimi duodenumu jejunum ve ileumdan ayıran güçlü histolojik ipucudur.,Duodenum = Brunner bezleri; ileum = Peyer plakları.,Lieberkühn kriptleri mukozada; Brunner bezleri submukozadadır.,Duodenum; Submukoza; Alkali mukus,src/data/cases.js; src/data/tusPearlCards.js; src/data/tusPearlHistologyEmbryologyFirst34Overrides.js
v398-histoembryo-kupffer-hucresi,Kupffer hücresi,Kupffer hücresi; Kupffer cell; karaciğer makrofajı,Histoloji ve embriyoloji,Karaciğer histolojisi,P0,22,Karaciğer sinüzoidlerinde yerleşen rezidan makrofajdır.,Portal ven ve arterden gelen kan içindeki mikroorganizma ve partikülleri fagosite eder. Hepatosit veya Ito hücresinden farklı olarak fagositik immün hücredir.,Kupffer = karaciğer sinüzoid makrofajı.,Ito hücresi A vitamini/depo ve fibrozis; Kupffer hücresi fagositoz yapar.,Hepatik sinüzoid; Disse aralığı; Ito hücresi,src/data/cases.js; src/data/tusPearlCards.js; src/data/tusPearlHistologyEmbryologyFirst34Overrides.js
v398-histoembryo-disse-araligi,Disse aralığı,Disse aralığı; space of Disse; perisinüzoidal aralık,Histoloji ve embriyoloji,Karaciğer histolojisi,P0,21,Hepatositler ile sinüzoidal endotel arasında yer alan perisinüzoidal boşluktur.,Plazma bileşenleri hepatosit mikrovilluslarıyla burada temas eder. Ito hücreleri bu bölgede A vitamini depolar ve fibroziste kollajen üretimiyle önem kazanır.,Disse aralığı = hepatosit-endotel arası değişim alanı.,Sinüzoid lümeni kanın aktığı yer; Disse aralığı endotel ile hepatosit arasındadır.,Ito hücresi; Hepatik sinüzoid; Hepatosit,src/data/cases.js; src/data/tusPearlCards.js; src/data/tusPearlHistologyEmbryologyFirst34Overrides.js
v398-histoembryo-hepatik-sinuzoid,Hepatik sinüzoid,Hepatik sinüzoid; karaciğer sinüzoidi; hepatic sinusoid,Histoloji ve embriyoloji,Karaciğer histolojisi,P1,10,Karaciğerde kanın hepatosit plakları arasında aktığı fenestralı kapiller benzeri damarsal boşluktur.,Kupffer hücreleri sinüzoidlerde bulunur; fenestralı endotel hepatositlerle madde alışverişini kolaylaştırır. Karaciğer histolojisinde portal triad-santral ven akışını anlamanın temelidir.,"Kan portal triaddan sinüzoidlere, sonra santral vene akar; safra ters yönde kanaliküllere akar.",Safra kanalikülü kan değil safra taşır; sinüzoid kan akımını taşır.,Kupffer hücresi; Disse aralığı; Portal triad,src/data/cases.js; src/data/tusPearlCards.js; src/data/tusPearlHistologyEmbryologyFirst34Overrides.js
v398-histoembryo-to-hucresi,Ito hücresi,Ito hücresi; hepatik stellat hücre; hepatic stellate cell; stellate cell,Histoloji ve embriyoloji,Karaciğer histolojisi,P0,20,"Disse aralığında yerleşen, A vitamini depolayan ve fibroziste kollajen üretebilen hücredir.",Normalde retinoid depolar; kronik karaciğer hasarında aktive olarak miyofibroblast benzeri davranır ve fibrozise katkı verir. Kupffer hücresinden farklı olarak temel işlevi fagositoz değildir.,Ito hücresi = A vitamini deposu + fibroziste kollajen.,Kupffer hücresi makrofajdır; Ito hücresi perisinüzoidal stellat hücredir.,Disse aralığı; Karaciğer fibrozisi; Kupffer hücresi,src/data/cases.js; src/data/tusPearlCards.js; src/data/tusPearlHistologyEmbryologyFirst34Overrides.js
v398-histoembryo-safra-kanalikulu,Safra kanalikülü,Safra kanalikülü; bile canaliculus; safra kanalikülleri,Histoloji ve embriyoloji,Karaciğer histolojisi,P1,0,Komşu hepatositlerin apikal yüzleri arasında oluşan küçük safra kanalıdır.,"Safra hepatositlerden kanaliküllere, oradan daha büyük safra yollarına akar. Bu akış kanın sinüzoid içindeki yönünün tersidir.",Karaciğerde kan ve safra akımı ters yönlüdür.,Hepatik sinüzoid kan taşır; safra kanalikülü safra taşır.,Hepatosit; Hepatik sinüzoid; Portal triad,src/data/cases.js; src/data/tusPearlCards.js; src/data/tusPearlHistologyEmbryologyFirst34Overrides.js
v398-histoembryo-sertoli-hucresi,Sertoli hücresi,Sertoli hücresi; Sertoli cell; sustentaküler hücre,Histoloji ve embriyoloji,Testis histolojisi,P0,34,Seminifer tübülde germ hücrelerini destekleyen ve kan-testis bariyerini oluşturan destek hücresidir.,"Spermatogenezi besler, inhibin B ve anti-Müllerian hormon üretimiyle ilişkilidir. Sıkı bağlantıları kan-testis bariyerinin temelini oluşturur.",Sertoli = destek + kan-testis bariyeri + AMH/inhibin B.,Leydig hücresi interstisyumda testosteron üretir; Sertoli hücresi tübül içinde destek sağlar.,Kan-testis bariyeri; Seminifer tübül; Leydig hücresi,src/data/cases.js; src/data/tusPearlCards.js; src/data/tusPearlHistologyEmbryologyFirst34Overrides.js
v398-histoembryo-leydig-hucresi,Leydig hücresi,Leydig hücresi; Leydig cell; interstisyel Leydig hücresi,Histoloji ve embriyoloji,Testis histolojisi,P0,22,Seminifer tübüller arasındaki interstisyumda testosteron üreten hücredir.,LH etkisiyle testosteron sentezler ve erkek iç/dış genital gelişim ile sekonder seks özelliklerine katkı verir. Sertoli hücresinden yerleşim ve hormon ürünüyle ayrılır.,Leydig = LH + testosteron + interstisyum.,Sertoli tübül içinde germ hücresi desteği ve AMH; Leydig interstisyumda testosteron üretir.,Sertoli hücresi; Testosteron; Seminifer tübül,src/data/cases.js; src/data/tusPearlCards.js; src/data/tusPearlHistologyEmbryologyFirst34Overrides.js
v398-histoembryo-kan-testis-bariyeri,Kan-testis bariyeri,Kan-testis bariyeri; blood-testis barrier; hematotestiküler bariyer,Histoloji ve embriyoloji,Testis histolojisi,P0,76,Sertoli hücreleri arasındaki sıkı bağlantıların oluşturduğu immünolojik ve mikrosistem bariyeridir.,Gelişen germ hücrelerini dolaşımdaki immün hücre ve zararlı maddelerden korur. Spermatogenezde bazal ve adluminal kompartman ayrımını oluşturur.,Kan-testis bariyerini Sertoli hücreleri yapar.,"Endotel bariyeri değil, seminifer tübül içinde Sertoli hücresi sıkı bağlantıları temel yapıdır.",Sertoli hücresi; Sıkı bağlantı; Seminifer tübül,src/data/cases.js; src/data/tusPearlCards.js; src/data/tusPearlHistologyEmbryologyFirst34Overrides.js
v398-histoembryo-seminifer-tubul,Seminifer tübül,Seminifer tübül; seminiferous tubule; seminifer tübüller,Histoloji ve embriyoloji,Testis histolojisi,P1,96,Spermatogenezin gerçekleştiği testis tübül yapısıdır.,Bazal membran üzerinde germ hücreleri ve Sertoli hücreleri bulunur; interstisyumda Leydig hücreleri yer alır. Bu yerleşim testosteron üretimi ile sperm üretimini ayırır.,Seminifer tübül sperm üretir; Leydig hücresi tübüller arasında testosteron üretir.,Epididimis sperm olgunlaşma/depolama yeridir; seminifer tübül üretim yeridir.,Sertoli hücresi; Leydig hücresi; Spermatogenez,src/data/cases.js; src/data/tusPearlCards.js; src/data/tusPearlHistologyEmbryologyFirst34Overrides.js
v398-histoembryo-tiroid-folikul-hucresi,Tiroid folikül hücresi,Tiroid folikül hücresi; foliküler hücre; thyroid follicular cell,Histoloji ve embriyoloji,Endokrin histoloji,P1,2,Tiroid folikülünü döşeyen ve tiroglobulin üzerinden T3/T4 sentezleyen epitel hücresidir.,"Folikül lümenindeki kolloid tiroglobulin deposudur; folikül hücreleri iyot alımı, organifikasyon ve hormon salınımını yönetir. Parafoliküler C hücresinden kalsitonin üretmemesiyle ayrılır.",Folikül hücresi T3/T4; C hücresi kalsitonin üretir.,Medüller tiroid karsinomu C hücresinden; papiller/foliküler tiroid tümörleri folikül epitelinden köken alır.,Kolloid; Tiroglobulin; Parafoliküler C hücresi,src/data/cases.js; src/data/tusPearlCards.js; src/data/tusPearlHistologyEmbryologyFirst34Overrides.js
v398-histoembryo-zona-glomerulosa,Zona glomerulosa,Zona glomerulosa; glomerulosa tabakası; zona glomerüloza,Histoloji ve embriyoloji,Adrenal histoloji,P1,59,Adrenal korteksin en dış tabakasıdır ve mineralokortikoid üretimiyle ilişkilidir.,Aldosteron başlıca burada sentezlenir ve renin-anjiyotensin-aldosteron sistemiyle düzenlenir. Korteks tabakalarını hormon ürünleriyle ayırmak sınavda sık kullanılır.,"GFR: glomerulosa-salt, fasciculata-sugar, reticularis-sex steroid şeklinde kodlanabilir.",Adrenal medulla katekolamin; korteks steroid hormon üretir.,Aldosteron; Adrenal korteks; Zona fasciculata,src/data/cases.js; src/data/tusPearlCards.js; src/data/tusPearlHistologyEmbryologyFirst34Overrides.js
v398-histoembryo-zona-fasciculata,Zona fasciculata,Zona fasciculata; fasikülata tabakası; zona fasikülata,Histoloji ve embriyoloji,Adrenal histoloji,P1,31,Adrenal korteksin orta ve en geniş tabakasıdır; glukokortikoid üretimiyle ilişkilidir.,Kortizol sentezinin başlıca bölgesidir ve ACTH ile güçlü biçimde düzenlenir. Lipid içeriği nedeniyle hücreleri açık/vakuollü görünebilir.,Zona fasciculata = kortizol/glukokortikoid.,Zona glomerulosa aldosteron; zona reticularis androjen ağırlıklıdır.,Kortizol; ACTH; Adrenal korteks,src/data/cases.js; src/data/tusPearlCards.js; src/data/tusPearlHistologyEmbryologyFirst34Overrides.js
v398-histoembryo-zona-reticularis,Zona reticularis,Zona reticularis; retikülaris tabakası; zona retikülaris,Histoloji ve embriyoloji,Adrenal histoloji,P1,31,Adrenal korteksin iç tabakasıdır ve adrenal androjen üretimiyle ilişkilidir.,"DHEA gibi zayıf androjenler bu tabakayla ilişkilendirilir. Korteks-medulla ayrımında steroid hormon üretimi kortekse, katekolamin üretimi medullaya aittir.",Zona reticularis = adrenal androjen.,Zona fasciculata kortizol; zona glomerulosa aldosteron üretir.,Adrenal androjen; DHEA; Adrenal korteks,src/data/cases.js; src/data/tusPearlCards.js; src/data/tusPearlHistologyEmbryologyFirst34Overrides.js
v398-histoembryo-kromaffin-hucre,Kromaffin hücre,Kromaffin hücre; chromaffin cell; adrenal medulla kromaffin hücresi,Histoloji ve embriyoloji,Adrenal histoloji/embriyoloji,P0,95,Adrenal medullada katekolamin salgılayan nöral krest kökenli hücredir.,"Sempatik postganglionik nöron benzeri davranır ama akson yerine kana epinefrin/norepinefrin salgılar. Nöral krest kökeni nedeniyle Schwann, melanosit ve enterik ganglion hücreleriyle aynı embriyolojik gruba bağlanır.",Adrenal medulla kromaffin hücresi nöral krest kökenlidir.,Adrenal korteks mezoderm kökenli steroid hücrelerden; medulla nöral krest kökenli kromaffin hücrelerden oluşur.,Adrenal medulla; Nöral krest hücreleri; Katekolamin,src/data/cases.js; src/data/tusPearlCards.js; src/data/tusPearlHistologyEmbryologyFirst34Overrides.js
v398-histoembryo-tip-kollajen,Tip I kollajen,Tip I kollajen; type I collagen; kolajen tip I,Histoloji ve embriyoloji,Bağ dokusu histolojisi,P1,21,"Kemik, deri, tendon, dentin ve sklerada baskın bulunan fibriller kollajen tipidir.","Osteogenesis imperfecta gibi tablolarda tip I kollajen kusuru kemik kırılganlığı, mavi sklera ve dentin problemleriyle ilişkilidir. Organik kemik matriksinin temel proteinidir.",Tekrarlayan kırık + mavi sklera = tip I kollajen kusuru düşün.,Tip II kollajen kıkırdak/vitreusla; tip I kollajen kemik-sklera-tendonla daha çok ilişkilidir.,Organik kemik matriksi; Osteoblast; Osteogenesis imperfecta,src/data/cases.js; src/data/tusPearlCards.js; src/data/tusPearlHistologyEmbryologyFirst34Overrides.js
v398-histoembryo-organik-kemik-matriksi,Organik kemik matriksi,Organik kemik matriksi; osteoid; kemik organik matriksi,Histoloji ve embriyoloji,Kemik histolojisi,P1,26,Kemikte mineralize olmadan önceki başlıca tip I kollajen içeren organik zeminidir.,Osteoblastlar tarafından üretilir ve daha sonra hidroksiapatit ile mineralize olur. Mineral eksikliği ile organik matriks kusurunu ayırmak kemik hastalığı sorularında önemlidir.,"Osteoid organik matriks; mineralizasyon kusuru ayrı, kollajen kusuru ayrı düşünülür.",Osteoklast matriksi yıkar; osteoblast osteoid üretir.,Tip I kollajen; Osteoblast; Mineralizasyon,src/data/cases.js; src/data/tusPearlCards.js; src/data/tusPearlHistologyEmbryologyFirst34Overrides.js
v398-histoembryo-gastrulasyon,Gastrulasyon,Gastrulasyon; gastrulation,Histoloji ve embriyoloji,Erken embriyoloji,P1,6,Bilaminar embriyonik diskin üç germ tabakalı yapıya dönüştüğü erken gelişim sürecidir.,"Primitif çizgi aracılığıyla ektoderm, mezoderm ve endoderm oluşur. Bu basamak organ kökeni sorularının temelini kurar.",Gastrulasyon = üç germ tabakası oluşumu.,Nörülasyon nöral tüp oluşumudur; gastrulasyon germ tabakalarını kurar.,Ektoderm; Mezoderm; Endoderm,src/data/cases.js; src/data/tusPearlCards.js; src/data/tusPearlHistologyEmbryologyFirst34Overrides.js
v398-histoembryo-ektoderm,Ektoderm,Ektoderm; ectoderm,Histoloji ve embriyoloji,Germ tabakaları,P1,30,Deri epidermisi ve sinir sistemi gibi yapıların geliştiği dış germ tabakasıdır.,"Nöral tüp ve nöral krest ektoderm kökenli gelişim hatlarıdır. Bu nedenle MSS, PSS ilişkili hücreler ve epidermal yapılar ektoderm mantığıyla bağlanır.",Ektoderm = epidermis + sinir sistemi ana hattı.,"Mezoderm kas, bağ dokusu ve damarlarla; endoderm epitel iç organ türevleriyle ilişkilidir.",Nöral tüp; Nöral krest hücreleri; Epidermis,src/data/cases.js; src/data/tusPearlCards.js; src/data/tusPearlHistologyEmbryologyFirst34Overrides.js
v398-histoembryo-mezoderm,Mezoderm,Mezoderm; mesoderm,Histoloji ve embriyoloji,Germ tabakaları,P1,74,"Kas, bağ dokusu, kemik, damar ve ürogenital sistemin büyük bölümünü oluşturan orta germ tabakasıdır.","Somit, ara mezoderm ve lateral plak mezoderm gibi alt bölümlere ayrılarak iskelet-kas, böbrek-gonad ve seröz boşluk yapılarına katkı verir.","Mezoderm = kas, iskelet, damar, böbrek ve gonad hattı.",Ektoderm sinir/epidermis; endoderm iç organ epitelleriyle ayrılır.,Ara mezoderm; Somit; Lateral plak mezoderm,src/data/cases.js; src/data/tusPearlCards.js; src/data/tusPearlHistologyEmbryologyFirst34Overrides.js
v398-histoembryo-endoderm,Endoderm,Endoderm; endoderm,Histoloji ve embriyoloji,Germ tabakaları,P1,25,Gastrointestinal ve solunum tüpü epiteli ile birçok bez epitelini oluşturan iç germ tabakasıdır.,"Faringeal poşlar, bağırsak ve solunum yolu epitelinin çoğu endoderm kökenlidir. Tiroid folikül hücreleri ve pankreas parankimi de bu hattın klinik olarak önemli örnekleridir.",Endoderm = GİS/solunum epiteli + tiroid/pankreas parankimi.,Nöral krest kökenli C hücresi ile endoderm kökenli tiroid folikül hücresi karıştırılmamalıdır.,Faringeal poş; Tiroid folikül hücresi; Pankreas parankimi,src/data/cases.js; src/data/tusPearlCards.js; src/data/tusPearlHistologyEmbryologyFirst34Overrides.js
v398-histoembryo-ara-mezoderm,Ara mezoderm,Ara mezoderm; intermediate mesoderm,Histoloji ve embriyoloji,Ürogenital embriyoloji,P1,7,"Böbrekler, gonadlar ve genital kanal gelişimine katkı veren mezoderm bölümüdür.",Ürogenital sistem sorularında mezonefrik ve paramezonefrik kanal gelişimi ara mezoderm kökeniyle birlikte düşünülür.,Ara mezoderm = böbrek ve gonad gelişim hattı.,Paraksiyal mezoderm somitleri; lateral plak mezoderm seröz boşluk ve damar/kalp ilişkilerini verir.,Mezonefrik kanal; Paramezonefrik kanal; Gonad gelişimi,src/data/cases.js; src/data/tusPearlCards.js; src/data/tusPearlHistologyEmbryologyFirst34Overrides.js
v398-histoembryo-somit,Somit,Somit; somite,Histoloji ve embriyoloji,Paraksiyal mezoderm,P1,9,Paraksiyal mezodermden gelişen segmental embriyonik bloklardır.,"Sklerotom, miyotom ve dermatom bölümleriyle vertebra/kaburga, iskelet kası ve dermisin bir kısmına katkı verir. Segmental düzen sorularında temel embriyolojik yapıdır.",Somit = sklerotom + miyotom + dermatom.,Nöral tüp ektoderm kökenlidir; somit paraksiyal mezoderm kökenlidir.,Sklerotom; Miyotom; Dermatom,src/data/cases.js; src/data/tusPearlCards.js; src/data/tusPearlHistologyEmbryologyFirst34Overrides.js
v398-histoembryo-yolk-sac,Yolk sac,Yolk sac; vitellus kesesi; yolk kesesi,Histoloji ve embriyoloji,Erken embriyoloji,P1,26,"Erken embriyoda beslenme, ilkel hematopoez ve primordial germ hücresi ilişkileri olan ekstraembriyonik kesedir.",Vitellin kanal orta bağırsakla yolk sac arasında geçici bağlantı kurar. Bu bağlantının kalıntıları Meckel divertikülü ve omfalomezenterik fistül gibi anomalilere yol açabilir.,Yolk sac bağlantısı = vitellin/omfalomezenterik kanal.,Amniyon embriyoyu çevreleyen sıvı boşluğudur; yolk sac bağırsak bağlantısı ve erken hematopoezle öne çıkar.,Vitellin kanal; Omfalomezenterik kanal; Meckel divertikülü,src/data/cases.js; src/data/tusPearlCards.js; src/data/tusPearlHistologyEmbryologyFirst34Overrides.js
v398-histoembryo-amniyon,Amniyon,Amniyon; amnion; amniyon zarı,Histoloji ve embriyoloji,Ekstraembriyonik zarlar,P1,60,Embriyoyu çevreleyen amniyon boşluğunu sınırlayan zardır.,Amniyon sıvısı fetusu mekanik travmadan korur ve hareket/gelişim ortamı sağlar. Açık nöral tüp defektlerinde amniyon sıvısı AFP ve asetilkolinesteraz değerlendirmesi klinik önem taşır.,Amniyon sıvısı açık defektlerde biyokimyasal tarama alanıdır.,Koryon plasental fetal yüzle; amniyon fetusu çevreleyen iç zarla ilişkilidir.,Amniyon sıvısında asetilkolinesteraz; Koryon; Nöral tüp defekti,src/data/cases.js; src/data/tusPearlCards.js; src/data/tusPearlHistologyEmbryologyFirst34Overrides.js
v398-histoembryo-desidua,Desidua,Desidua; decidua,Histoloji ve embriyoloji,Plasenta ve implantasyon,P1,26,Gebelikte endometriyumun progesteron etkisiyle farklılaşmış maternal kısmıdır.,"İmplantasyon sonrası maternal plasental yatağı oluşturur. Desidua basalis plasentaya katılırken, desidua capsularis embriyoyu örten maternal kısımdır.",Desidua maternal endometriyumdur; koryon fetal plasental yapıdır.,"Trofoblast fetal kökenli, desidua maternal kökenlidir.",Desidua basalis; Trofoblast; İmplantasyon,src/data/cases.js; src/data/tusPearlCards.js; src/data/tusPearlHistologyEmbryologyFirst34Overrides.js
v398-histoembryo-desidua-basalis,Desidua basalis,Desidua basalis; decidua basalis,Histoloji ve embriyoloji,Plasenta ve implantasyon,P1,0,Plasentanın maternal tarafına katılan desidua bölümüdür.,İmplantasyon alanındaki endometriyum parçasıdır ve koryonik villuslarla birlikte plasental yatağı oluşturur. Maternal-fetal taraf ayrımını öğretmek için önemlidir.,Plasentanın maternal kısmı desidua basalis; fetal kısmı koryon frondosumdur.,Desidua capsularis embriyoyu örten maternal kısımken basalis plasental yataktır.,Desidua; Koryonik villus; Plasental bariyer,src/data/cases.js; src/data/tusPearlCards.js; src/data/tusPearlHistologyEmbryologyFirst34Overrides.js
v398-histoembryo-lakuna-evresi,Laküna evresi,Laküna evresi; lakünar evre; trophoblastic lacunae; laküna,Histoloji ve embriyoloji,Plasenta ve implantasyon,P1,35,Sinsityotrofoblast içinde maternal kanla dolmaya başlayan boşlukların oluştuğu erken implantasyon evresidir.,Lakünalar maternal sinüzoidlerle birleşerek erken uteroplasental dolaşımın başlangıcını oluşturur. Trofoblast invazyonu ve hCG salgısıyla birlikte erken gebelik yerleşimini açıklar.,Laküna evresi maternal kanın trofoblast boşluklarına girmeye başladığı evredir.,Koryonik villus gelişimi daha sonraki plasental yüzey organizasyonunu temsil eder.,Sinsityotrofoblast; İntervillöz boşluk; İmplantasyon,src/data/cases.js; src/data/tusPearlCards.js; src/data/tusPearlHistologyEmbryologyFirst34Overrides.js
v398-histoembryo-trofoblast,Trofoblast,Trofoblast; trophoblast,Histoloji ve embriyoloji,Plasenta ve implantasyon,P0,105,Blastokistin dış hücre tabakasıdır; plasentanın fetal bileşenlerine ve invaziv tabakalara katkı verir.,"Sitotrofoblast ve sinsityotrofoblast tabakalarına ayrılır. İmplantasyon, hCG salgısı ve plasental villus gelişimi bu hücre hattı üzerinden anlaşılır.",Trofoblast = sitotrofoblast + sinsityotrofoblast hattı.,Embriyoblast embriyonun kendisini; trofoblast plasental fetal yapıları oluşturur.,Sinsityotrofoblast; Sitotrofoblast; Koryonik villus,src/data/cases.js; src/data/tusPearlCards.js; src/data/tusPearlHistologyEmbryologyFirst34Overrides.js
v398-histoembryo-implantasyon,İmplantasyon,İmplantasyon; implantation; nidasyon,Histoloji ve embriyoloji,Plasenta ve implantasyon,P1,3,Blastokistin endometriyuma tutunup gömülmeye başladığı süreçtir.,Trofoblast invazyonu ve desidual reaksiyonla ilerler. Ektopik gebelik veya anormal plasentasyon sorularında yerleşim ve invazyon mantığının temelidir.,İmplantasyon trofoblastın endometriyuma invazyonuyla başlar.,Fertilizasyon tüpte gerçekleşebilir; implantasyon normalde uterus endometriyumundadır.,Trofoblast; Desidua; Sinsityotrofoblast,src/data/cases.js; src/data/tusPearlCards.js; src/data/tusPearlHistologyEmbryologyFirst34Overrides.js
v398-histoembryo-umbilikal-ven,Umbilikal ven,Umbilikal ven; umblikal ven; umbilical vein,Histoloji ve embriyoloji,Fetal dolaşım,P1,8,Plasentadan fetusa oksijen ve besin açısından zengin kan taşıyan fetal damardır.,Fetal dolaşımda oksijenlenmiş kanı karaciğer ve duktus venozus yoluyla kalbe taşır. Doğum sonrası kalıntısı ligamentum teres hepatis olarak bilinir.,Umbilikal ven oksijenli kan taşır; umblikal arterler plasentaya oksijeni azalmış kan götürür.,Erişkinde çoğu ven oksijeni az kan taşır; fetal dolaşımda umbilikal ven bunun önemli istisnasıdır.,Duktus venozus; Fetal dolaşım; Ligamentum teres hepatis,src/data/cases.js; src/data/tusPearlCards.js; src/data/tusPearlHistologyEmbryologyFirst34Overrides.js
v398-histoembryo-umbilikal-arter,Umbilikal arter,Umbilikal arter; umblikal arter; umbilical artery,Histoloji ve embriyoloji,Fetal dolaşım,P1,0,Fetustan plasentaya oksijeni azalmış kan taşıyan çift arterdir.,İç iliak arterlerle ilişkilidir ve doğumdan sonra medial umblikal ligamentlerin büyük kısmına dönüşür. Fetal damarlarda oksijen içeriği isimden bağımsız yorumlanmalıdır.,Umbilikal arter oksijeni az kanı plasentaya götürür.,Umbilikal ven oksijenli kanı fetusa getirir; arter/ven isimleri fetal dolaşımda oksijen içeriğini otomatik göstermez.,Umbilikal ven; Fetal dolaşım; Medial umblikal ligament,src/data/cases.js; src/data/tusPearlCards.js; src/data/tusPearlHistologyEmbryologyFirst34Overrides.js
v398-histoembryo-ostium-secundum-asd,Ostium secundum ASD,Ostium secundum ASD; ostium secundum defekti; secundum ASD; ostium secundum atriyal septal defekt,Histoloji ve embriyoloji,Atriyal septasyon,P1,0,Septum primum rezorpsiyonu veya septum secundum gelişim kusuruyla ilişkili atriyal septal defekt tipidir.,Atriyal septasyonun primum-secundum dengesi bozulduğunda ortaya çıkar. Klinik olarak sol-sağ şant ve sabit geniş S2 ayrılmasıyla ilişkilendirilebilir ama embriyolojik köken atriyal septasyondur.,En sık ASD tipi ostium secundumdur; mekanizma septum primum/secundum dengesidir.,Ostium primum defekti endokardiyal yastık/AV kanal problemiyle daha yakından ilişkilidir.,Septum primum; Septum secundum; Foramen ovale,src/data/cases.js; src/data/tusPearlCards.js; src/data/tusPearlHistologyEmbryologyFirst34Overrides.js
v398-histoembryo-omfalosel,Omfalosel,Omfalosel; omphalocele,Histoloji ve embriyoloji,Karın duvarı embriyolojisi,P1,36,Karın içi organların umbilikal halka içinde membranla kaplı olarak dışarıda kalmasıdır.,Fizyolojik umblikal herniasyonun geri dönüş kusuru ve orta hat defekti mantığıyla açıklanır. Sıklıkla başka anomalilerle birlikte olabilir.,Omfalosel membranla kaplı orta hat defektidir.,"Gastroşizis genellikle sağ paraumbilikal, membransız ve izole defekt şeklindedir.",Fizyolojik umblikal herniasyon; Gastroşizis; Umbilikal halka,src/data/cases.js; src/data/tusPearlCards.js; src/data/tusPearlHistologyEmbryologyFirst34Overrides.js
v398-histoembryo-gastrosizis,Gastroşizis,Gastroşizis; gastrosşizis; gastroschisis,Histoloji ve embriyoloji,Karın duvarı embriyolojisi,P1,22,Karın duvarı defektinden bağırsakların membransız olarak dışarı çıkmasıdır.,Genellikle umbilikusun sağında yer alır ve omfaloselden membran olmamasıyla ayrılır. Bağırsaklar amniyon sıvısına doğrudan maruz kalır.,"Gastroşizis = membransız, çoğu kez sağ paraumbilikal defekt.",Omfalosel membranlı ve umbilikal halka/orta hat ilişkili defekttir.,Omfalosel; Amniyon; Karın duvarı defekti,src/data/cases.js; src/data/tusPearlCards.js; src/data/tusPearlHistologyEmbryologyFirst34Overrides.js
v398-histoembryo-ventral-pankreas-tomurcugu,Ventral pankreas tomurcuğu,Ventral pankreas tomurcuğu; ventral pankreas; ventral pancreatic bud,Histoloji ve embriyoloji,Pankreas embriyolojisi,P1,1,Pankreasın baş/unkinat proses kısmına katkı veren ventral endodermal tomurcuktur.,Rotasyon sırasında dorsal pankreasla birleşir. Rotasyon anomalisi anüler pankreas ve duodenal obstrüksiyonla ilişkilendirilebilir.,Ventral pankreas tomurcuğu uncinat proses ve pankreas başının bir kısmını verir.,"Dorsal pankreas gövde, kuyruk ve başın diğer kısmına katkı sağlar.",Dorsal pankreas tomurcuğu; Anüler pankreas; Duodenum obstrüksiyonu,src/data/cases.js; src/data/tusPearlCards.js; src/data/tusPearlHistologyEmbryologyFirst34Overrides.js
v398-histoembryo-dorsal-pankreas-tomurcugu,Dorsal pankreas tomurcuğu,Dorsal pankreas tomurcuğu; dorsal pankreas; dorsal pancreatic bud,Histoloji ve embriyoloji,Pankreas embriyolojisi,P1,0,"Pankreasın gövde, kuyruk ve başın bir kısmına katkı veren dorsal endodermal tomurcuktur.",Ventral tomurcuk rotasyonla dorsale yaklaşır ve iki tomurcuk birleşir. Bu birleşme ve rotasyon pankreatik kanal varyasyonlarının embriyolojik temelidir.,Dorsal pankreas gövde-kuyruk için ana katkıyı sağlar.,Ventral pankreas uncinat proses ve başın bir kısmıyla daha çok ilişkilidir.,Ventral pankreas tomurcuğu; Pankreatik kanal; Anüler pankreas,src/data/cases.js; src/data/tusPearlCards.js; src/data/tusPearlHistologyEmbryologyFirst34Overrides.js
v398-histoembryo-anuler-pankreas,Anüler pankreas,Anüler pankreas; annular pancreas; halka pankreas,Histoloji ve embriyoloji,Pankreas embriyolojisi,P1,0,Ventral pankreas tomurcuğunun anormal rotasyonu sonucu duodenumu halka gibi saran pankreas dokusudur.,Duodenum obstrüksiyonu ve safralı kusma ile yenidoğan döneminde belirti verebilir. Embriyolojik temel ventral pankreas rotasyon kusurudur.,Duodenumu çevreleyen pankreas dokusu = anüler pankreas.,Duodenal atrezi çift baloncuk görünümü yapabilir; anüler pankreasta dıştan halka şeklinde bası vardır.,Ventral pankreas tomurcuğu; Duodenum obstrüksiyonu; Safralı kusma,src/data/cases.js; src/data/tusPearlCards.js; src/data/tusPearlHistologyEmbryologyFirst34Overrides.js
v398-histoembryo-intestinal-villus,İntestinal villus,İntestinal villus; villus intestinalis; intestinal villus; villus,Histoloji ve embriyoloji,Bağırsak histolojisi,P1,31,İnce bağırsak mukozasının lümene doğru uzanan emilim yüzey artırıcı çıkıntısıdır.,"Villuslar enterosit, goblet hücresi, lamina propria damarları ve santral lakteal içerir. Plica circularis ve mikrovilluslarla birlikte emilim yüzeyini katmanlı biçimde artırır.","Villus doku düzeyinde, mikrovillus hücre yüzeyi düzeyinde yüzey artırır.",Lieberkühn kripti lümene çıkıntı değil mukozanın derine uzanan bez yapısıdır.,Enterosit; Santral lakteal; Mikrovillus,src/data/cases.js; src/data/tusPearlCards.js; src/data/tusPearlHistologyEmbryologyFirst34Overrides.js
