id,term,aliases,category,subcategory,priority,occurrenceCount,shortDefinition,postAnswerExplanation,tusPearl,differentialPoint,safeNestedTerms,sourceTextExamples
v405-general-surgery-pnomoperitoneum,Pnömoperitoneum,"[""Pnömoperitoneum"", ""pnömoperitoneum"", ""batında serbest hava"", ""peritoneal serbest hava"", ""serbest hava""]",Genel Cerrahi,Perforasyon / akut karın,P0,175,Periton boşluğunda serbest hava bulunmasıdır; çoğu kez gastrointestinal perforasyon düşündürür.,"Pnömoperitoneum ani şiddetli karın ağrısı, tahta karın ve peritonit bulgularıyla birlikteyse perfore viskus lehinedir. Genel cerrahi kararında bu bulgu, gecikmeden resüsitasyon-antibiyotik ve acil cerrahi kaynak kontrolü gerektirebilir.",Ani epigastrik ağrı + tahta karın + serbest hava = perfore viskus/perfore peptik ülser düşün.,Postoperatif erken dönemde sınırlı serbest hava farklı yorumlanabilir; klinik peritonit varsa aciliyet artar.,"[""Perfore peptik ülser"", ""Tahta karın"", ""Acil laparotomi""]","[{""sourceFilePath"": ""src/data/cases.js::v174-new-094-sag-ust-kadran-agrisi.diagnosis.answerFeedback.optionComparison.Peptik ülser perforasyonu"", ""text"": ""Perforasyonda ani başlayan yaygın peritonit ve serbest hava bulguları beklenir. Bu vakada ağrı sağ üst kadran odaklıdır ve USG safra kesesi kaynaklı inflamasyonu destekler.""}, {""sourceFilePath"": ""src/data/cases.js::v174-new-094-sag-ust-kadran-agrisi.diagnosis.answerFeedback.whyWrong.Peptik ülser perforasyonu"", ""text"": ""Perforasyonda ani başlayan yaygın peritonit ve serbest hava bulguları beklenir. Bu vakada ağrı sağ üst kadran odaklıdır ve USG safra kesesi kaynaklı inflamasyonu destekler.""}]"
v405-general-surgery-orantisiz-agri,Orantısız ağrı,"[""Orantısız ağrı"", ""orantısız ağrı"", ""orantısız şiddetli ağrı""]",Genel Cerrahi,Cerrahi enfeksiyon / iskemi alarmı,P0,114,Muayene bulgularına göre beklenenden çok daha şiddetli ağrıdır.,Orantısız ağrı nekrotizan fasiit ve akut mezenter iskemi gibi erken dönemde muayenenin aldatıcı olabildiği ölümcül tablolarda kritik ipucudur. Ağrının şiddeti klinik karar eşiklerini yükseltir.,Muayene hafif ama ağrı çok şiddetliyse mezenter iskemi veya nekrotizan enfeksiyon düşün.,Basit selülit veya gastroenteritte ağrı genellikle muayene bulgularıyla daha uyumludur.,"[""Nekrotizan fasiit"", ""Akut mezenter iskemi"", ""Laktat yüksekliği""]","[{""sourceFilePath"": ""src/data/cases.js::v172-new-074-siddetli-karin-agrisi-ve-atriyal-fibrilasyon.diagnosis.answerFeedback.keyClues[1]"", ""text"": ""Ani başlayan, muayene bulgusuna göre orantısız şiddetli ağrı → erken akut mezenter iskemi için kritik alarm bulgusudur.""}, {""sourceFilePath"": ""src/data/cases.js::v172-new-074-siddetli-karin-agrisi-ve-atriyal-fibrilasyon.diagnosis.answerFeedback.evidenceChain[1].text"", ""text"": ""Ani başlayan, muayene bulgusuna göre orantısız şiddetli ağrı → erken akut mezenter iskemi için kritik alarm bulgusudur.""}]"
v405-general-surgery-acil-cerrahi-debridman,Acil cerrahi debridman,"[""Acil cerrahi debridman"", ""acil cerrahi debridman"", ""cerrahi debridman"", ""debridman""]",Genel Cerrahi,Cerrahi enfeksiyon / kaynak kontrol,P0,51,Nekrotik ve enfekte dokunun cerrahi olarak temizlenmesidir.,Nekrotizan fasiitte antibiyotik tek başına yeterli değildir; ölü doku kanlanmadığı için enfeksiyon kaynağı cerrahi olarak çıkarılmalıdır. Erken ve gerekirse tekrarlayan debridman mortaliteyi azaltır.,Nekrotizan fasiitte en kritik tedavi geniş spektrumlu antibiyotik + acil debridmandır.,Selülitte antibiyotik yeterli olabilir; nekrotizan enfeksiyonda kaynak kontrol için debridman gerekir.,"[""Nekrotizan fasiit"", ""Yumuşak doku enfeksiyonu"", ""Kaynak kontrolü""]","[{""sourceFilePath"": ""src/data/cases.js::v175-new-107-yumusak-doku-enfeksiyonunda-hizla-kotulesme.learningTarget"", ""text"": ""Geniş spektrumlu antibiyotik ve resüsitasyon gerekli olsa da nekrotizan fasiitte belirleyici acil basamağın cerrahi eksplorasyon ve geniş debridman olduğunu ayırt etme.""}, {""sourceFilePath"": ""src/data/cases.js::v175-new-107-yumusak-doku-enfeksiyonunda-hizla-kotulesme.diagnosis.correct"", ""text"": ""Geniş spektrumlu antibiyotik ve resüsitasyonla birlikte acil cerrahi eksplorasyon-debridman yapmak""}]"
v405-general-surgery-barsak-iskemisi,Barsak iskemisi,"[""Barsak iskemisi"", ""barsak iskemisi"", ""intestinal iskemi""]",Genel Cerrahi,Vasküler cerrahi / akut karın,P0,48,Barsak dokusunun kanlanmasının yetersiz kalmasıdır.,"Barsak iskemisi gecikirse transmural nekroz, perforasyon, sepsis ve ölümle sonuçlanabilir. Laktat yüksekliği, portal venöz gaz, pnömatozis intestinalis ve peritonit kötü prognoz işaretleridir.","Orantısız karın ağrısı + laktat artışı + vasküler risk, barsak iskemisini düşündürür.",Basit obstrüksiyon kolik ağrı ve distansiyon yapar; iskemi sürekli şiddetli ağrı ve sistemik bozulma yapar.,"[""Akut mezenter iskemi"", ""Portal venöz gaz"", ""Laktat yüksekliği""]","[{""sourceFilePath"": ""src/data/cases.js::v189-new-293-karin-sisligi-ve-gaz-cikaramama.investigations[1].summary"", ""text"": ""Hafif inflamatuvar yanıt ve hipokalemi obstrüksiyon/dehidratasyonla uyumludur; laktatın belirgin yükselmemesi ileri barsak iskemisi lehine güçlü destek sağlamaz.""}, {""sourceFilePath"": ""src/data/cases.js::v189-new-293-karin-sisligi-ve-gaz-cikaramama.investigations[1].clinicalMeaning"", ""text"": ""Hafif inflamatuvar yanıt ve hipokalemi obstrüksiyon/dehidratasyonla uyumludur; laktatın belirgin yükselmemesi ileri barsak iskemisi lehine güçlü destek sağlamaz.""}]"
v405-general-surgery-strangulasyon-bulgusu,Strangülasyon bulgusu,"[""Strangülasyon bulgusu"", ""strangülasyon bulguları"", ""strangülasyon riski""]",Genel Cerrahi,Herni ve barsak iskemisi,P0,30,"Fıtık veya obstrüksiyon içinde kanlanmanın bozulduğunu düşündüren ağrı, hassasiyet, sistemik toksisite veya iskemi işaretleridir.","Genel cerrahi kararında strangülasyon bulgusu, konservatif izlemden acil ameliyata geçiren kırmızı bayraktır. Sürekli artan ağrı, peritonit, ateş-lökositoz, laktat yüksekliği, ciltte kızarıklık/morarma veya BT’de iskemi işaretleri birlikte değerlendirilir.",Obstrüksiyon + strangülasyon bulgusu varsa nazogastrik dekompresyon tek başına yeterli değildir; cerrahi aciliyet doğar.,Basit obstrüksiyonda başlangıçta konservatif yaklaşım olabilir; strangülasyon bulgusu konservatif güvenliği bozar.,"[""Barsak iskemisi"", ""Redükte edilemeyen herni"", ""Laktat yüksekliği""]","[{""sourceFilePath"": ""src/data/cases.js::v183-new-190-kasik-sisligi-ve-kusma.clinicalFocus"", ""text"": ""Komplikasyonlu kasık fıtığında obstrüksiyon ve strangülasyon riskini acil operatif karar düzeyiyle ilişkilendirme.""}, {""sourceFilePath"": ""src/data/cases.js::v183-new-190-kasik-sisligi-ve-kusma.investigations[0].result.values[2][3]"", ""text"": ""Strangülasyon riski""}]"
v405-general-surgery-ercp-ile-biliyer-drenaj,ERCP ile biliyer drenaj,"[""ERCP ile biliyer drenaj"", ""biliyer drenaj"", ""endoskopik biliyer drenaj""]",Genel Cerrahi,Akut kolanjit / girişim,P0,24,Endoskopik retrograd kolanjiyopankreatografi ile tıkalı safra yolunun açılmasıdır.,"Akut kolanjitte antibiyotik sepsisi kontrol etmeye yardım eder; fakat obstrüksiyon sürdükçe enfeksiyon kaynağı devam eder. Bu nedenle ağır kolanjit, sepsis veya obstrüksiyon bulgusunda ERCP ile drenaj hayat kurtarıcı kaynak kontrolüdür.","Kolanjit + sepsis/obstrüksiyon varsa yalnız antibiyotik değil, ERCP ile safra drenajı gerekir.",Kolesistitte kaynak safra kesesidir; kolanjitte tıkalı koledok drenajı öncelikli olabilir.,"[""Akut kolanjit"", ""Biliyer obstrüksiyon"", ""Endoskopik sfinkterotomi""]","[{""sourceFilePath"": ""src/data/cases.js::v167-new-047-ates-ve-sag-ust-kadran-agrisi.diagnosis.options[3]"", ""text"": ""Perkütan transhepatik biliyer drenajı ilk seçenek olarak uygulamak""}, {""sourceFilePath"": ""src/data/cases.js::v168-new-059-ates-ve-sarilikla-basvuran-hasta.diagnosis.correct"", ""text"": ""Endoskopik retrograd kolanjiyopankreatografi ile biliyer drenaj""}]"
v405-general-surgery-redukte-edilemeyen-herni,Redükte edilemeyen herni,"[""Redükte edilemeyen herni"", ""redükte edilemeyen fıtık"", ""redükte edilemeyen kasık şişliği""]",Genel Cerrahi,Herni ve karın duvarı,P0,19,Fıtık içeriğinin elle veya spontan olarak karın içine geri itilememesidir.,"Redükte edilemeyen herni mekanik tıkanma, venöz konjesyon ve zamanla arteriyel iskemiye ilerleme riski taşır. Ağrı, hassasiyet, cilt değişikliği, ateş veya obstrüksiyon eşlik ediyorsa güvenli yaklaşım acil cerrahi değerlendirmedir.","Redükte edilemeyen ağrılı herni, özellikle kusma ve gaz-gaita çıkaramama ile birlikteyse strangülasyon dışlanana kadar acildir.","Sadece kronik, ağrısız ve kolay redükte edilen herni elektif planlanabilir; akut ağrılı-redükte edilemeyen tablo farklıdır.","[""İnguinal herni"", ""Strangülasyon bulgusu"", ""Mekanik barsak obstrüksiyonu""]","[{""sourceFilePath"": ""src/data/cases.js::v183-new-190-kasik-sisligi-ve-kusma.diagnosis.pearls[0].text"", ""text"": ""Ağrılı redükte edilemeyen fıtık + obstrüksiyon + laktat/eritem = zorlayıcı redüksiyon değil, acil cerrahi hazırlık ve operatif onarım.""}, {""sourceFilePath"": ""src/data/cases.js::v183-new-190-kasik-sisligi-ve-kusma.diagnosis.answerFeedback.examPearl"", ""text"": ""Ağrılı redükte edilemeyen fıtık + obstrüksiyon + laktat/eritem = zorlayıcı redüksiyon değil, acil cerrahi hazırlık ve operatif onarım.""}]"
v405-general-surgery-mezenter-arter-embolisi,Mezenter arter embolisi,"[""Mezenter arter embolisi"", ""mezenter arter embolisi"", ""akut mezenter arter embolisi"", ""superior mezenterik arter embolisi""]",Genel Cerrahi,Vasküler cerrahi / barsak iskemisi,P0,18,Mezenterik arter dolaşımının emboliyle ani tıkanmasıdır.,"Mezenter arter embolisi özellikle atriyal fibrilasyonlu hastada şiddetli karın ağrısı fakat başlangıçta hafif muayene bulgularıyla gelebilir. Tanıda BT anjiyografi, tedavide hızlı revaskülarizasyon ve nekrotik barsak varsa rezeksiyon önemlidir.",AF + orantısız şiddetli karın ağrısı = akut mezenter arter embolisi düşün.,İskemik kolit daha çok kolon segmentini ve daha yaşlı/düşük akım paternini düşündürür; SMA embolisi daha ani ve dramatiktir.,"[""Akut mezenter iskemi"", ""BT anjiyografi"", ""Barsak iskemisi""]","[{""sourceFilePath"": ""src/data/cases.js::v172-new-074-siddetli-karin-agrisi-ve-atriyal-fibrilasyon.diagnosis.answerFeedback.optionComparison.Kolonoskopi"", ""text"": ""Kolonoskopi iskemik kolit gibi seçilmiş kolon patolojilerinde kullanılabilir; akut mezenter arter embolisi şüphesinde ilk test değildir ve ağır iskemide risk oluşturabilir.""}, {""sourceFilePath"": ""src/data/cases.js::v172-new-074-siddetli-karin-agrisi-ve-atriyal-fibrilasyon.diagnosis.answerFeedback.whyWrong.Kolonoskopi"", ""text"": ""Kolonoskopi iskemik kolit gibi seçilmiş kolon patolojilerinde kullanılabilir; akut mezenter arter embolisi şüphesinde ilk test değildir ve ağır iskemide risk oluşturabilir.""}]"
v405-general-surgery-acil-laparotomi,Acil laparotomi,"[""Acil laparotomi"", ""acil laparotomi"", ""eksploratif laparotomi""]",Genel Cerrahi,Akut karın / kaynak kontrolü,P0,16,Acil cerrahi eksplorasyon için karın boşluğunun ameliyatla açılmasıdır.,"Acil laparotomi peritonit, perforasyon, kontrolsüz intraabdominal kanama, iskemi veya kaynak kontrolü gerektiren cerrahi acillerde uygulanır. TUS sorularında hemodinamik instabilite ve peritonit görüntüleme beklemeden cerrahi karara götürebilir.",Peritonit + instabilite varsa ileri tetkikle zaman kaybetmeden acil cerrahi düşünülür.,Stabil ve lokalize patolojilerde laparoskopi/BT eşliğinde yaklaşım mümkün olabilir; yaygın peritonit farklıdır.,"[""Pnömoperitoneum"", ""Kaynak kontrolü"", ""Hemodinamik instabilite""]","[{""sourceFilePath"": ""src/data/cases.js::v174-new-093-travma-sonrasi-karin-hassasiyeti.learningTarget"", ""text"": ""İnstabil travma hastasında pozitif FAST saptandığında BT ile anatomik ayrıntı aramanın değil, resüsitasyonla eş zamanlı acil eksploratif laparotominin öncelikli olduğunu ayırt etme.""}, {""sourceFilePath"": ""src/data/cases.js::v174-new-093-travma-sonrasi-karin-hassasiyeti.diagnosis.correct"", ""text"": ""Resüsitasyonla eş zamanlı acil eksploratif laparotomi yapmak""}]"
v405-general-surgery-fast-pozitifligi,FAST pozitifliği,"[""FAST pozitifliği"", ""FAST pozitif"", ""FAST’te serbest sıvı"", ""FAST'te serbest sıvı""]",Genel Cerrahi,Travma görüntüleme,P0,14,Travma hastasında FAST ultrasonunda serbest sıvı saptanmasıdır.,FAST pozitifliği hemodinamik instabil travma hastasında intraabdominal kanama lehine kabul edilir ve acil cerrahi/laparotomi kararını destekler. Stabil hastada BT ile organ yaralanması derecelendirilebilir.,İnstabil travma + FAST pozitifliği = BT beklemeden cerrahi kaynak kontrol düşün.,Stabil travma hastasında FAST pozitif olsa bile kontrastlı BT organ yaralanmasını sınıflamak için kullanılabilir.,"[""Hemodinamik instabilite"", ""Acil laparotomi"", ""Douglas/retrovezikal sıvı""]","[{""sourceFilePath"": ""src/data/cases.js::v174-new-093-travma-sonrasi-karin-hassasiyeti.diagnosis.explanation"", ""text"": ""Bu olguda künt karın travması sonrası persistan hipotansiyon, taşikardi, periton irritasyonu ve çoklu FAST pozitifliği intraperitoneal kanamayı klinik olarak yeterince güçlü kılar. Hasta hemodinamik olarak stabil olmadığı için BT’ye götürmek kanama kontrolünü geciktirir; sıvı/kan ürünü resüsitasyonu ve hazırlıklarla eş zamanlı acil eksploratif laparotomi en uygun basamaktır.""}, {""sourceFilePath"": ""src/data/cases.js::v174-new-093-travma-sonrasi-karin-hassasiyeti.diagnosis.answerFeedback.summary"", ""text"": ""Bu olguda künt karın travması sonrası persistan hipotansiyon, taşikardi, periton irritasyonu ve çoklu FAST pozitifliği intraperitoneal kanamayı klinik olarak yeterince güçlü kılar. Hasta hemodinamik olarak stabil olmadığı için BT’ye götürmek kanama kontrolünü geciktirir; sıvı/kan ürünü resüsitasyonu ve hazırlıklarla eş zamanlı acil eksploratif laparotomi en uygun basamaktır.""}]"
v405-general-surgery-tahta-karin,Tahta karın,"[""Tahta karın"", ""tahta karın"", ""karın rijiditesi""]",Genel Cerrahi,Peritonit / fizik muayene,P0,14,Yaygın peritoneal irritasyona bağlı karın duvarının sert ve rijit hale gelmesidir.,"Tahta karın, peritonit ve perfore viskus gibi cerrahi akut karın tablolarında kritik muayene bulgusudur. Analjeziye rağmen sertlik, rebound ve sistemik toksisite eşlik ediyorsa izlem değil acil cerrahi değerlendirme gerekir.","Tahta karın, TUS’ta “cerrahi akut karın” sinyalidir.",Lokal hassasiyet basit inflamasyonu gösterebilir; yaygın rijidite ve rebound peritonit lehinedir.,"[""Pnömoperitoneum"", ""Peritonit"", ""Perfore peptik ülser""]","[{""sourceFilePath"": ""src/data/cases.js::v184-new-194-sag-ust-kadran-agrisi.diagnosis.answerFeedback.optionComparison.Peptik ülser perforasyonu"", ""text"": ""Perforasyonda ani başlayan yaygın peritonit, tahta karın ve serbest hava beklenir; bu olgu lokal Murphy pozitifliği ve safra kesesi USG bulgularıyla açıklanır.""}, {""sourceFilePath"": ""src/data/cases.js::v184-new-194-sag-ust-kadran-agrisi.diagnosis.answerFeedback.whyWrong.Peptik ülser perforasyonu"", ""text"": ""Perforasyonda ani başlayan yaygın peritonit, tahta karın ve serbest hava beklenir; bu olgu lokal Murphy pozitifliği ve safra kesesi USG bulgularıyla açıklanır.""}]"
v405-general-surgery-abcde-yaklasimi,ABCDE yaklaşımı,"[""ABCDE yaklaşımı"", ""ABCDE""]",Genel Cerrahi,Travma algoritması,P0,10,"Airway, Breathing, Circulation, Disability, Exposure sırasıyla yapılan travma ilk değerlendirmesidir.","ABCDE yaklaşımı, travmada ölümcül ancak düzeltilebilir sorunları en erken yakalamak için kullanılır. Hava yolu ve solunum güvenliği sağlanmadan BT veya ayrıntılı laboratuvar planlamak hatalı önceliktir.",Travma sorusunda “ilk yapılacak” soruluyorsa ABCDE sırası belirleyicidir.,Sekonder survey ayrıntılı baştan ayağa muayenedir; primer survey tamamlanmadan öncelik kazanmaz.,"[""ATLS"", ""Primer survey"", ""Tansiyon pnömotoraks""]","[{""sourceFilePath"": ""src/data/cases.js::v174-new-093-travma-sonrasi-karin-hassasiyeti.clinicalFocus"", ""text"": ""Künt karın travmasında ABCDE değerlendirmesi, hemodinamik instabilite ve pozitif FAST bulgusunu acil cerrahi kanama kontrolü kararıyla ilişkilendirme.""}, {""sourceFilePath"": ""src/data/cases.js::v174-new-093-travma-sonrasi-karin-hassasiyeti.investigations[0].label"", ""text"": ""ABCDE ve hemodinamik değerlendirme""}]"
v405-general-surgery-pankreas-basi-kanseri,Pankreas başı kanseri,"[""Pankreas başı kanseri"", ""pankreas başı kanseri"", ""pankreas başı tümörü""]",Genel Cerrahi,Pankreatobiliyer onkoloji,P0,10,Pankreasın baş bölgesinden kaynaklanan ve sıklıkla biliyer obstrüksiyonla belirti veren malignitedir.,"Pankreas başı kanseri koledoğu erken tıkadığı için ağrısız sarılık, kilo kaybı, kaşıntı, koyu idrar ve kolestatik laboratuvar paterniyle gelebilir. CA 19-9 takipte yardımcıdır ama tek başına tarama veya tanı testi değildir.",Ağrısız sarılık + kilo kaybı + safra yolu dilatasyonu pankreas başı kanserini düşündürür.,Akut kolanjitte ateş ve sepsis baskındır; pankreas başı kanserinde sinsi ağrısız obstrüktif sarılık ön plandadır.,"[""Ağrısız sarılık"", ""Biliyer obstrüksiyon"", ""Whipple ameliyatı""]","[{""sourceFilePath"": ""src/data/cases.js::v194-new-328-agrisiz-sarilik-ve-kilo-kaybi.images[0].clinicalMeaning"", ""text"": ""Pankreas başı tümörü lehinedir.""}, {""sourceFilePath"": ""src/data/cases.js::v194-new-328-agrisiz-sarilik-ve-kilo-kaybi.images[0].rawInvestigationRow"", ""text"": ""Abdominal BT | Pankreas başında koledoku daraltan kitle izlendi. | Pankreas başı tümörü lehinedir.""}]"
v405-general-surgery-atls,ATLS,"[""ATLS"", ""travma yaşam desteği""]",Genel Cerrahi,Travma algoritması,P0,2,Travma hastasında sistematik ilk değerlendirme ve önceliklendirme yaklaşımıdır.,"ATLS yaklaşımı hayatı tehdit eden sorunları tanı ve görüntülemeden önce ABCDE sırasıyla ele alır. Genel cerrahi-travma sorularında doğru cevap çoğu zaman tanı etiketinden önce hava yolu, solunum, dolaşım ve kanama kontrolü önceliğini bilmektir.",Travmada önce ABCDE; ayrıntılı tanı ve kesin tedavi hastanın stabilizasyonundan sonra gelir.,Stabil elektif hasta algoritmasıyla travma algoritması aynı değildir; ATLS öncelik sırası hayat kurtarıcıdır.,"[""ABCDE yaklaşımı"", ""Primer survey"", ""FAST pozitifliği""]","[{""sourceFilePath"": ""src/data/tusPearlCards.js::ATLS önceliği.topic"", ""text"": ""ATLS önceliği""}, {""sourceFilePath"": ""src/data/tusPearlCards.js::ATLS önceliği.extraQuestion"", ""text"": ""ATLS’de masif dış kanama hangi basamakta kontrol edilir?""}]"
v405-general-surgery-pasif-germe-agrisi,Pasif germe ağrısı,"[""Pasif germe ağrısı"", ""pasif germe ağrısı""]",Genel Cerrahi,Kompartman sendromu,P0,2,Etkilenen kas grubunun pasif gerilmesiyle şiddetli ağrı oluşmasıdır.,Pasif germe ağrısı akut kompartman sendromunun erken ve değerli bulgularındandır. Nabızların korunması kompartman sendromunu dışlamaz; ağrı ve nörolojik bulgular daha erken uyarır.,Alçı/ezilme sonrası pasif germe ağrısı kompartman tehdidi açısından alarmdır.,Geç dönemde nabız kaybı olabilir; erken dönemde pasif germe ağrısı daha duyarlıdır.,"[""Kompartman sendromu"", ""Fasiyotomi"", ""Reperfüzyon hasarı""]","[{""sourceFilePath"": ""src/data/tusPearlCards.js::Kompartman sendromu.keywords"", ""text"": ""pasif germe ağrısı; travma; gergin kompartman; parestezi""}]"
v405-general-surgery-serbest-hava,Serbest hava,"[""Serbest hava"", ""serbest hava"", ""diyafram altı serbest hava""]",Genel Cerrahi,Perforasyon görüntüleme,P1,254,Periton boşluğunda barsak lümeninden kaçan hava görülmesidir.,"Serbest hava, özellikle ani başlayan şiddetli ağrı ve peritonit bulgularıyla birlikte gastrointestinal perforasyon lehinedir. Bu bulgu klinik tabloyla birleştiğinde acil cerrahi kaynak kontrol gerektirebilir.",Akut karın + serbest hava = perforasyon alarmıdır.,Postoperatif küçük serbest hava klinikle yorumlanır; peritonit eşlik ederse acildir.,"[""Pnömoperitoneum"", ""Perfore viskus"", ""Acil laparotomi""]","[{""sourceFilePath"": ""src/data/cases.js::v174-new-094-sag-ust-kadran-agrisi.diagnosis.answerFeedback.optionComparison.Peptik ülser perforasyonu"", ""text"": ""Perforasyonda ani başlayan yaygın peritonit ve serbest hava bulguları beklenir. Bu vakada ağrı sağ üst kadran odaklıdır ve USG safra kesesi kaynaklı inflamasyonu destekler.""}, {""sourceFilePath"": ""src/data/cases.js::v174-new-094-sag-ust-kadran-agrisi.diagnosis.answerFeedback.whyWrong.Peptik ülser perforasyonu"", ""text"": ""Perforasyonda ani başlayan yaygın peritonit ve serbest hava bulguları beklenir. Bu vakada ağrı sağ üst kadran odaklıdır ve USG safra kesesi kaynaklı inflamasyonu destekler.""}]"
v405-general-surgery-krepitasyon,Krepitasyon,"[""Krepitasyon"", ""krepitasyon"", ""cilt altı krepitasyon""]",Genel Cerrahi,Cerrahi enfeksiyon / gaz bulgusu,P1,224,Doku içinde gaz varlığında palpasyonla hissedilen çıtırtı benzeri bulgudur.,"Krepitasyon nekrotizan enfeksiyon, gazlı gangren veya travmatik hava kaçağı gibi durumlarda görülebilir. Yumuşak doku enfeksiyonunda krepitasyon, antibiyotikle izlemek yerine acil cerrahi değerlendirmeyi güçlendirir.",Yumuşak doku enfeksiyonu + krepitasyon = nekrotizan süreç açısından alarm.,Her krepitasyon enfeksiyon değildir; toraks travmasında subkutan amfizem de krepitasyon yapabilir.,"[""Nekrotizan fasiit"", ""Gazlı gangren"", ""Acil cerrahi debridman""]","[{""sourceFilePath"": ""src/data/cases.js::v175-new-107-yumusak-doku-enfeksiyonunda-hizla-kotulesme.clinicalFocus"", ""text"": ""Nekrotizan yumuşak doku enfeksiyonunda orantısız ağrı, hızlı yayılım, sistemik toksisite ve gaz/krepitasyon bulgularını acil cerrahi kaynak kontrolü gereksinimiyle ilişkilendirme.""}, {""sourceFilePath"": ""src/data/cases.js::v175-new-107-yumusak-doku-enfeksiyonunda-hizla-kotulesme.exam[2]"", ""text"": ""Palpasyonla cilt altı krepitasyon hissedilir; pasif hareketle ağrı artar, distal nabızlar alınmaktadır.""}]"
v405-general-surgery-safra-tasi,Safra taşı,"[""Safra taşı"", ""safra taşı"", ""kolelitiazis""]",Genel Cerrahi,Hepatobiliyer taş hastalığı,P1,178,Safra içinde kolesterol veya pigment içerikli taş oluşumudur.,"Safra taşı asemptomatik kalabilir, sistik kanalı tıkarsa biliyer kolik/kolesistit, koledoğa düşerse koledokolitiazis-kolanjit veya pankreatit oluşturabilir. Genel cerrahi kararında semptom, obstrüksiyon ve enfeksiyon ayrımı önemlidir.",Safra taşı + sağ üst kadran ağrısı kolesistit; sarılık/ateş eklenirse kolanjit veya koledok taşı düşün.,Safra çamuru veya polip farklıdır; taşın yaptığı klinik kanal düzeyine göre değişir.,"[""Akut kolesistit"", ""Akut kolanjit"", ""Koledok taşı""]","[{""sourceFilePath"": ""src/data/cases.js::v167-new-047-ates-ve-sag-ust-kadran-agrisi.stem"", ""text"": ""Hasta iki gündür yemeklerden sonra artan sağ üst kadran ağrısı tariflemekte, son 12 saatte üşüme-titreme ve yüksek ateş eklenmiştir. Yakınları aynı gün gözlerinde sararma ve idrar renginde koyulaşma fark ettiklerini söylemektedir. Daha önce safra taşı tanısı almış, ancak kolesistektomi olmamıştır. Kusması azdır ve dışkıda kan tariflememektedir. Bilinen kronik karaciğer hastalığı veya yakın zamanda geçirilmiş safra yolu girişimi yoktur.""}, {""sourceFilePath"": ""src/data/cases.js::v167-new-047-ates-ve-sag-ust-kadran-agrisi.patientIntro.historySummary"", ""text"": ""Hasta iki gündür yemeklerden sonra artan sağ üst kadran ağrısı tariflemekte, son 12 saatte üşüme-titreme ve yüksek ateş eklenmiştir. Yakınları aynı gün gözlerinde sararma ve idrar renginde koyulaşma fark ettiklerini söylemektedir. Daha önce safra taşı tanısı almış, ancak kolesistektomi olmamıştır. Kusması azdır ve dışkıda kan tariflememektedir. Bilinen kronik karaciğer hastalığı veya yakın zamanda geçirilmiş safra yolu girişimi yoktur.""}]"
v405-general-surgery-koledok-capi-artisi,Koledok çapı artışı,"[""Koledok çapı artışı"", ""koledok çapı"", ""koledok dilatasyonu"", ""ortak safra kanalı dilatasyonu""]",Genel Cerrahi,Biliyer obstrüksiyon,P1,135,Ortak safra kanalının obstrüksiyon lehine genişlemesidir.,"Koledok çapı artışı koledok taşı, periampuller tümör veya pankreas başı kitlesi gibi distal tıkanıklıkları düşündürür. Sarılık ve kolestatik enzim yüksekliği ile birlikte ERCP/MRCP kararını etkiler.",Sarılık + ALP/GGT yüksekliği + koledok dilatasyonu ekstrahepatik obstrüksiyon lehinedir.,Sadece safra kesesi taşı kolesistit yapabilir; koledok dilatasyonu daha çok kanal obstrüksiyonunu gösterir.,"[""Koledokolitiazis"", ""Biliyer obstrüksiyon"", ""MRCP""]","[{""sourceFilePath"": ""src/data/cases.js::v167-new-047-ates-ve-sag-ust-kadran-agrisi.investigations[6].result.values[0][1]"", ""text"": ""Koledok çapı artmış; distal koledokta ekojen odak ve akustik gölgelenme izleniyor.""}, {""sourceFilePath"": ""src/data/cases.js::v167-new-047-ates-ve-sag-ust-kadran-agrisi.investigations[6].result.rows[0][1]"", ""text"": ""Koledok çapı artmış; distal koledokta ekojen odak ve akustik gölgelenme izleniyor.""}]"
v405-general-surgery-lipaz-yuksekligi,Lipaz yüksekliği,"[""Lipaz yüksekliği"", ""lipaz yüksekliği"", ""yüksek lipaz""]",Genel Cerrahi,Pankreatit laboratuvarı,P1,112,Serum lipazının pankreatik inflamasyon lehine yükselmesidir.,"Akut pankreatitte lipaz, epigastrik ağrı ve görüntüleme bulgularıyla birlikte tanı koydurur. Tek başına küçük lipaz artışı her zaman cerrahi pankreatit anlamına gelmez; klinik bağlam ve eşik önemlidir.",Tipik epigastrik ağrı + belirgin lipaz yüksekliği akut pankreatit lehinedir.,Amilaz daha erken normale dönebilir; lipaz pankreatit için daha kullanışlıdır ama tek başına tüm nedeni açıklamaz.,"[""Akut pankreatit"", ""Safra taşı"", ""ERCP endikasyonu""]","[{""sourceFilePath"": ""src/data/cases.js::v174-new-094-sag-ust-kadran-agrisi.diagnosis.explanation"", ""text"": ""Bu hastada yağlı öğün sonrası başlayan ancak saatler içinde düzelmeyen sağ üst kadran ağrısına ateş, lökositoz/CRP yüksekliği, pozitif Murphy bulgusu ve USG’de taşla birlikte duvar kalınlaşması-perikolesistik sıvı eşlik etmektedir. Bu kombinasyon geçici sistik kanal obstrüksiyonundan ibaret biliyer kolikten ziyade akut taşlı kolesistiti destekler; belirgin kolestaz, koledok dilatasyonu veya lipaz yüksekliği olmaması kolanjit, koledok taşı ve pankreatiti geri plana iter.""}, {""sourceFilePath"": ""src/data/cases.js::v174-new-094-sag-ust-kadran-agrisi.diagnosis.answerFeedback.summary"", ""text"": ""Bu hastada yağlı öğün sonrası başlayan ancak saatler içinde düzelmeyen sağ üst kadran ağrısına ateş, lökositoz/CRP yüksekliği, pozitif Murphy bulgusu ve USG’de taşla birlikte duvar kalınlaşması-perikolesistik sıvı eşlik etmektedir. Bu kombinasyon geçici sistik kanal obstrüksiyonundan ibaret biliyer kolikten ziyade akut taşlı kolesistiti destekler; belirgin kolestaz, koledok dilatasyonu veya lipaz yüksekliği olmaması kolanjit, koledok taşı ve pankreatiti geri plana iter.""}]"
v405-general-surgery-damar-invazyonu,Damar invazyonu,"[""Damar invazyonu"", ""damar invazyonu"", ""vasküler invazyon""]",Genel Cerrahi,Tiroid patolojisi / cerrahi karar,P1,94,Tümör hücrelerinin damar lümeni veya duvarına invaze olmasıdır.,Foliküler tiroid neoplazisinde maligniteyi belirleyen temel kriterlerden biri kapsül veya damar invazyonudur. Bu yüzden FNA sitolojisi tek başına adenomu karsinomdan ayıramaz; cerrahi histoloji gerekir.,Foliküler tiroid neoplazisinde damar/kapsül invazyonu karsinom tanısı için kritiktir.,Papiller tiroid karsinomunda nükleer özellikler tanısaldır; foliküler tümörde invazyon aranır.,"[""Foliküler tiroid neoplazisi"", ""Lobektomi"", ""Kapsül invazyonu""]","[{""sourceFilePath"": ""src/data/cases.js::v195-new-357-erken-evre-meme-kitlesi.investigations[2].result.values[2][0]"", ""text"": ""Lenfovasküler invazyon""}, {""sourceFilePath"": ""src/data/cases.js::v195-new-357-erken-evre-meme-kitlesi.investigations[2].result.values[2][1]"", ""text"": ""Kor biyopsi materyalinde belirgin lenfovasküler invazyon raporlanmamış.""}]"
v405-general-surgery-mekanik-barsak-obstruksiyonu,Mekanik barsak obstrüksiyonu,"[""Mekanik barsak obstrüksiyonu"", ""mekanik barsak obstrüksiyonu"", ""mekanik obstrüksiyon""]",Genel Cerrahi,Barsak obstrüksiyonu,P1,93,Barsak lümeninin fiziksel bir engel nedeniyle tıkanmasıdır.,"Mekanik barsak obstrüksiyonunda kolik ağrı, distansiyon, kusma ve gaz-gaita çıkaramama tipiktir. Strangülasyon veya peritonit yoksa nazogastrik dekompresyon ve sıvı-elektrolit desteğiyle izlem mümkün olabilir; iskemi bulgusu cerrahi gerektirir.",Obstrüksiyon + gaz-gaita çıkaramama + geçiş noktası mekanik tıkanıklığı düşündürür.,Paralitik ileusta mekanik geçiş noktası beklenmez; mekanik obstrüksiyonda görüntülemede transition point aranır.,"[""Gaz-gaita çıkaramama"", ""Geçiş noktası"", ""Nazogastrik dekompresyon""]","[{""sourceFilePath"": ""src/data/cases.js::v173-new-086-yasli-hastada-mekanik-obstruksiyon.title"", ""text"": ""Yaşlı hastada mekanik obstrüksiyon""}, {""sourceFilePath"": ""src/data/cases.js::v173-new-086-yasli-hastada-mekanik-obstruksiyon.learningTarget"", ""text"": ""Kolesistoenterik fistül üzerinden barsağa geçen taşın distal ileum düzeyinde mekanik obstrüksiyon oluşturabileceğini klinik ve BT bulgularıyla ayırt etme.""}]"
v405-general-surgery-gaz-gaita-cikaramama,Gaz-gaita çıkaramama,"[""Gaz-gaita çıkaramama"", ""gaz-gaita çıkaramama"", ""obstipasyon"", ""gaz çıkaramama""]",Genel Cerrahi,Barsak obstrüksiyonu / semptom,P1,75,Barsak pasajının durmasına bağlı gaz ve dışkı çıkaramama durumudur.,"Gaz-gaita çıkaramama distal barsak obstrüksiyonunu veya ilerlemiş ileusu düşündürür. Ağrı, kusma, distansiyon ve görüntülemede geçiş noktası ile birlikte mekanik obstrüksiyon tanısı güçlenir.",Karın distansiyonu + kusma + gaz-gaita çıkaramama mekanik obstrüksiyon klasiğidir.,Sadece kabızlık kronik olabilir; akut obstipasyon ve distansiyon cerrahi değerlendirme gerektirir.,"[""Mekanik barsak obstrüksiyonu"", ""Nazogastrik dekompresyon"", ""Geçiş noktası""]","[{""sourceFilePath"": ""src/data/cases.js::v173-new-086-yasli-hastada-mekanik-obstruksiyon.chiefComplaint"", ""text"": ""Karın şişliği, safralı kusma ve gaz-gaita çıkaramama""}, {""sourceFilePath"": ""src/data/cases.js::v173-new-086-yasli-hastada-mekanik-obstruksiyon.patientIntro.profile"", ""text"": ""78 yaşında kadın hasta, karın şişliği, safralı kusma ve gaz-gaita çıkaramama nedeniyle acil serviste değerlendiriliyor.""}]"
v405-general-surgery-yumusak-doku-enfeksiyonu,Yumuşak doku enfeksiyonu,"[""Yumuşak doku enfeksiyonu"", ""yumuşak doku enfeksiyonu""]",Genel Cerrahi,Cerrahi enfeksiyon,P1,70,"Cilt, subkutan doku, fasya veya kas dokusunu tutan enfeksiyon grubudur.","Yumuşak doku enfeksiyonlarında en kritik ayrım selülit gibi medikal yönetilebilen tablolar ile nekrotizan fasiit gibi acil debridman gerektiren tablolardır. Orantısız ağrı, krepitasyon, hızla ilerleme ve sistemik toksisite cerrahi alarmdır.",Orantısız ağrı ve krepitasyon varsa basit selülit gibi davranma; nekrotizan enfeksiyon düşün.,Selülitte sınırlar daha yüzeyel ve sistemik toksisite daha az olabilir; nekrotizan enfeksiyon fasyaya ilerler.,"[""Nekrotizan fasiit"", ""Krepitasyon"", ""Acil cerrahi debridman""]","[{""sourceFilePath"": ""src/data/cases.js::v175-new-107-yumusak-doku-enfeksiyonunda-hizla-kotulesme.title"", ""text"": ""Yumuşak doku enfeksiyonunda hızla kötüleşme""}, {""sourceFilePath"": ""src/data/cases.js::v175-new-107-yumusak-doku-enfeksiyonunda-hizla-kotulesme.clinicalFocus"", ""text"": ""Nekrotizan yumuşak doku enfeksiyonunda orantısız ağrı, hızlı yayılım, sistemik toksisite ve gaz/krepitasyon bulgularını acil cerrahi kaynak kontrolü gereksinimiyle ilişkilendirme.""}]"
v405-general-surgery-revaskularizasyon,Revaskülarizasyon,"[""Revaskülarizasyon"", ""revaskülarizasyon"", ""cerrahi revaskülarizasyon""]",Genel Cerrahi,Vasküler cerrahi,P1,55,İskemik dokuya kan akımının yeniden sağlanmasıdır.,"Revaskülarizasyon embolektomi, bypass, endovasküler girişim veya trombolizle yapılabilir. Genel cerrahi/vasküler sorularında nörolojik defisit veya tehdit altındaki ekstremite varsa zaman kritik hale gelir.",Akut ekstremite iskemisinde doku viabilitesini koruyan ana hedef revaskülarizasyondur.,Sadece analjezi veya izlem iskemi nedenini düzeltmez; kan akımı yeniden sağlanmalıdır.,"[""Akut ekstremite iskemisi"", ""Embolektomi"", ""Fasiyotomi""]","[{""sourceFilePath"": ""src/data/cases.js::v177-new-127-ani-bacak-agrisi-ve-sogukluk.learningTarget"", ""text"": ""Ani ağrı, soğuk-soluk ekstremite, nabız kaybı, parestezi ve motor kayıp varlığında sistemik antikoagülasyon ve acil vasküler cerrahi revaskülarizasyon hazırlığının geciktirilmemesi gerektiğini ayırt etme.""}, {""sourceFilePath"": ""src/data/cases.js::v177-new-127-ani-bacak-agrisi-ve-sogukluk.diagnosis.correct"", ""text"": ""Sistemik antikoagülasyon başlatıp acil vasküler cerrahi revaskülarizasyon hazırlığı yapmak""}]"
v405-general-surgery-gecis-noktasi,Geçiş noktası,"[""Geçiş noktası"", ""geçiş noktası"", ""transition point""]",Genel Cerrahi,Barsak obstrüksiyonu / görüntüleme,P1,48,Dilate barsaktan kollabe barsağa geçilen tıkanma seviyesidir.,"BT’de geçiş noktası mekanik obstrüksiyonun seviyesini ve olası nedenini gösterir. Kapalı ans, strangülasyon veya iskemi bulgularıyla birlikte cerrahi aciliyeti artırır.",Mekanik obstrüksiyonda BT’de geçiş noktası aranır.,Paralitik ileusta tüm barsakta yaygın dilatasyon olabilir; net geçiş noktası mekanik tıkanıklık lehinedir.,"[""Mekanik barsak obstrüksiyonu"", ""Strangülasyon bulgusu"", ""Kontrastlı abdominal BT""]","[{""sourceFilePath"": ""src/data/cases.js::v173-new-086-yasli-hastada-mekanik-obstruksiyon.diagnosis.answerFeedback.optionComparison.Paralitik ileus"", ""text"": ""Paralitik ileusta mekanik geçiş noktası, obstrüksiyon düzeyi veya ektopik intraluminal taş beklenmez; barsak sesleri genellikle azalmıştır. Bu hastada kolik ağrı, metalik barsak sesleri ve BT’de mekanik obstrüksiyon bulguları vardır.""}, {""sourceFilePath"": ""src/data/cases.js::v173-new-086-yasli-hastada-mekanik-obstruksiyon.diagnosis.answerFeedback.whyWrong.Paralitik ileus"", ""text"": ""Paralitik ileusta mekanik geçiş noktası, obstrüksiyon düzeyi veya ektopik intraluminal taş beklenmez; barsak sesleri genellikle azalmıştır. Bu hastada kolik ağrı, metalik barsak sesleri ve BT’de mekanik obstrüksiyon bulguları vardır.""}]"
v405-general-surgery-dis-hemoroid,Dış hemoroid,"[""Dış hemoroid"", ""dış hemoroid"", ""eksternal hemoroid""]",Genel Cerrahi,Proktoloji,P1,36,Dentat çizginin altında yer alan dış hemoroidal venöz yastıkların semptomatik genişlemesidir.,Dış hemoroid ağrı ve trombozla daha belirgin olabilir çünkü somatik innervasyon altındadır. Ani ağrılı mavi-mor kitle tromboze eksternal hemoroidi düşündürür.,Ağrılı mavi perianal kitle eksternal tromboze hemoroid için tipiktir.,İç hemoroid daha çok ağrısız parlak kırmızı kanama ve prolapsusla gelir.,"[""Tromboze eksternal hemoroid"", ""Anal kanal"", ""İç hemoroid""]","[{""sourceFilePath"": ""src/data/cases.js::v176-new-120-diskilama-sonrasi-anal-agri.exam[2]"", ""text"": ""Prolabe mor renkli tromboze dış hemoroid, fistül ağzı veya pürülan akıntı görülmez.""}, {""sourceFilePath"": ""src/data/cases.js::v176-new-120-diskilama-sonrasi-anal-agri.diagnosis.options[1]"", ""text"": ""Tromboze dış hemoroid""}]"
v405-general-surgery-neoadjuvan-tedavi,Neoadjuvan tedavi,"[""Neoadjuvan tedavi"", ""neoadjuvan tedavi"", ""ameliyat öncesi sistemik tedavi""]",Genel Cerrahi,Onkolojik cerrahi,P1,36,Cerrahi öncesinde tümörü küçültmek veya sistemik kontrol sağlamak için verilen tedavidir.,"Neoadjuvan tedavi meme, rektum, pankreas gibi birçok cerrahi onkoloji alanında rezektabiliteyi artırabilir veya meme koruyucu cerrahi şansını yükseltebilir. Tedavi yanıtı patolojik değerlendirme ve cerrahi planı etkiler.",Büyük/locally advanced tümörde ameliyat öncesi tedavi cerrahi stratejiyi değiştirebilir.,Adjuvan tedavi ameliyat sonrasında verilir; neoadjuvan tedavi ameliyattan önce verilir.,"[""Meme koruyucu cerrahi"", ""HER2 pozitifliği"", ""Onkolojik cerrahi""]","[{""sourceFilePath"": ""src/data/cases.js::v195-new-357-erken-evre-meme-kitlesi.stem"", ""text"": ""Tarama mamografisinde saptanan sol meme lezyonu nedeniyle ileri değerlendirmeye alınmıştır; hasta meme başı akıntısı, cilt kızarıklığı veya hızlı büyüyen kitle fark etmemiştir. Ailesinde erken yaşta meme ya da over kanseri öyküsü yoktur. Aksillada elle fark ettiği şişlik, kol ödemi veya ağrı tariflemiyor. Daha önce meme veya aksilla cerrahisi geçirmemiş ve neoadjuvan tedavi almamıştır. Görüntüleme sonrası yapılan kor biyopsi invaziv duktal karsinom ile uyumlu bulunmuştur.""}, {""sourceFilePath"": ""src/data/cases.js::v195-new-357-erken-evre-meme-kitlesi.patientIntro.historySummary"", ""text"": ""Aksiller şişlik, cilt inflamasyonu, daha önce aksilla cerrahisi veya neoadjuvan tedavi öyküsü yoktur; kor biyopsi invaziv duktal karsinomu doğrulamıştır.""}]"
v405-general-surgery-inguinal-herni,İnguinal herni,"[""İnguinal herni"", ""kasık fıtığı"", ""inguinal herni onarımı"", ""açık inguinal herni""]",Genel Cerrahi,Herni ve karın duvarı,P1,34,İnguinal kanaldan kasık bölgesine doğru periton kesesi veya karın içi içeriğin fıtıklaşmasıdır.,"Genel cerrahide inguinal herni; ağrılı-sert, redükte edilemeyen ve kusma/obstrüksiyon bulgusu yapan durumda inkarsere veya strangüle kabul edilir. TUS mantığında amaç yalnız şişliği tanımak değil, redüksiyon denenip denenmeyeceğini ve acil cerrahi gerekip gerekmediğini ayırmaktır.","Kasık şişliği + kusma + redükte edilememe varsa sıradan elektif herni değil, strangülasyon/obstrüksiyon riski düşünülür.",Femoral herni kadınlarda ve inguinal ligament altında daha sık strangüle olur; inguinal herni daha sık görülür ama her ağrılı kasık şişliği elektif değildir.,"[""İnkarsere herni"", ""Strangüle herni"", ""İnguinal kanal"", ""Femoral herni""]","[{""sourceFilePath"": ""src/data/cases.js::v183-new-190-kasik-sisligi-ve-kusma.clinicalFocus"", ""text"": ""Komplikasyonlu kasık fıtığında obstrüksiyon ve strangülasyon riskini acil operatif karar düzeyiyle ilişkilendirme.""}, {""sourceFilePath"": ""src/data/cases.js::v183-new-190-kasik-sisligi-ve-kusma.investigations[0].label"", ""text"": ""Komplikasyonlu kasık fıtığı klinik değerlendirmesi""}]"
v405-general-surgery-nazogastrik-dekompresyon,Nazogastrik dekompresyon,"[""Nazogastrik dekompresyon"", ""nazogastrik dekompresyon"", ""NG dekompresyon"", ""nazogastrik sonda""]",Genel Cerrahi,Barsak obstrüksiyonu / destek tedavi,P1,32,Mide ve proksimal barsak içeriğinin nazogastrik tüple boşaltılmasıdır.,"Nazogastrik dekompresyon obstrüksiyonda kusmayı, aspirasyon riskini ve proksimal distansiyonu azaltır. Ancak strangülasyon, iskemi veya peritonit varsa definitif cerrahinin yerine geçmez.",Basit obstrüksiyonda NG dekompresyon destek basamağıdır; iskemi bulgusunda cerrahi geciktirilmez.,NG sonda semptomu azaltır; obstrüksiyon nedenini ortadan kaldırmayabilir.,"[""Mekanik barsak obstrüksiyonu"", ""Strangülasyon bulgusu"", ""Sıvı resüsitasyonu""]","[{""sourceFilePath"": ""src/data/cases.js::v183-new-190-kasik-sisligi-ve-kusma.diagnosis.correct"", ""text"": ""Nazogastrik dekompresyon, intravenöz sıvı-antibiyotik hazırlığı ve acil operatif onarım""}, {""sourceFilePath"": ""src/data/cases.js::v183-new-190-kasik-sisligi-ve-kusma.diagnosis.options[1]"", ""text"": ""Nazogastrik dekompresyon, intravenöz sıvı-antibiyotik hazırlığı ve acil operatif onarım""}]"
v405-general-surgery-perkutan-kolesistostomi,Perkütan kolesistostomi,"[""Perkütan kolesistostomi"", ""perkütan kolesistostomi"", ""kolesistostomi""]",Genel Cerrahi,Akut kolesistit / yüksek riskli hasta,P1,30,Safra kesesinin ciltten kateterle boşaltılmasıdır.,"Perkütan kolesistostomi, ameliyat riski yüksek ve sepsis/akut kolesistit kontrolü gereken hastada köprü veya kaynak kontrol yöntemi olabilir. Definitif tedavi değildir; uygun hastada kolesistektomi planı ayrıca düşünülür.",Yüksek cerrahi riskli akut kolesistitte perkütan kolesistostomi geçici kaynak kontrol sağlayabilir.,Genç ve düşük riskli tipik akut kolesistitte standart yaklaşım erken laparoskopik kolesistektomidir.,"[""Akut kolesistit"", ""Kaynak kontrolü"", ""Safra kesesi""]","[{""sourceFilePath"": ""src/data/cases.js::v168-new-059-ates-ve-sarilikla-basvuran-hasta.diagnosis.options[2]"", ""text"": ""Perkütan kolesistostomiyi koledok kaynak kontrolü yerine ilk seçenek yapmak""}, {""sourceFilePath"": ""src/data/cases.js::v168-new-059-ates-ve-sarilikla-basvuran-hasta.diagnosis.answerFeedback.optionComparison.Perkütan kolesistostomiyi koledok kaynak kontrolü yerine ilk seçenek yapmak"", ""text"": ""Perkütan kolesistostomi akut kolesistit veya safra kesesi drenajı gereken seçilmiş yüksek riskli hastalarda kullanılabilir. Bu vakada sorun koledok obstrüksiyonu olduğundan safra kesesini drene etmek koledok kaynak kontrolünün yerine geçmez.""}]"
v405-general-surgery-ca-19-9,CA 19-9,"[""CA 19-9"", ""CA19-9""]",Genel Cerrahi,Tümör belirteci / pankreas,P1,28,Pankreas ve biliyer sistem malignitelerinde izlemde kullanılabilen karbonhidrat antijenidir.,"CA 19-9 pankreas kanserinde yükselebilir, ancak kolestaz ve inflamasyonda da artabileceği için tek başına tanı koydurmaz. Tanı görüntüleme ve histopatolojiyle desteklenir; belirteç daha çok takip ve yanıt değerlendirmesinde değerlidir.",CA 19-9 yüksekliği pankreas kanserini destekleyebilir ama tek başına kesin tanı değildir.,CEA kolorektal kanserde izlemde daha çok kullanılır; CA 19-9 pankreatobiliyer tümörlerle ilişkilidir.,"[""Pankreas başı kanseri"", ""Ağrısız sarılık"", ""Biliyer obstrüksiyon""]","[{""sourceFilePath"": ""src/data/cases.js::v194-new-328-agrisiz-sarilik-ve-kilo-kaybi.investigations[4].summary"", ""text"": ""CA 19-9 obstrüksiyon varlığında tek başına tanı koydurmaz; görüntüleme ve klinik tabloyla birlikte destekleyici bilgi sağlar.""}, {""sourceFilePath"": ""src/data/cases.js::v194-new-328-agrisiz-sarilik-ve-kilo-kaybi.investigations[4].clinicalMeaning"", ""text"": ""CA 19-9 obstrüksiyon varlığında tek başına tanı koydurmaz; görüntüleme ve klinik tabloyla birlikte destekleyici bilgi sağlar.""}]"
v405-general-surgery-perforasyon-riski,Perforasyon riski,"[""Perforasyon riski"", ""perforasyon riski""]",Genel Cerrahi,Akut karın / komplikasyon riski,P1,26,İçi boş organ duvarının delinme olasılığının artmasıdır.,"Perforasyon riski divertikülit, obstrüksiyon, iskemi, ülser veya tümörlerde cerrahi karar eşiğini yükseltir. Peritonit, serbest hava veya sistemik bozulma gelişirse kaynak kontrolü acilleşir.",Perforasyon riski artıyorsa konservatif izlem güvenli olmayabilir.,Basit inflamasyon izlenebilir; serbest hava veya yaygın peritonit perforasyon lehinedir.,"[""Pnömoperitoneum"", ""Peritonit"", ""Acil laparotomi""]","[{""sourceFilePath"": ""src/data/cases.js::v189-new-293-karin-sisligi-ve-gaz-cikaramama.diagnosis.answerFeedback.optionComparison.Oral laksatif ve lavmanla evde boşaltım denemesi"", ""text"": ""Laksatif/lavman kapalı loop obstrüksiyonunda distansiyonu artırabilir ve perforasyon riskini yükseltebilir. Basit konstipasyonda düşünülebilirken bu grafi ve boş rektum bulgularıyla uygun değildir.""}, {""sourceFilePath"": ""src/data/cases.js::v189-new-293-karin-sisligi-ve-gaz-cikaramama.diagnosis.answerFeedback.optionComparison.Elektif kolon pasaj grafisini bekleyerek ileri işlemi ertelemek"", ""text"": ""Kolon pasaj çalışması kronik konstipasyon değerlendirmesinde kullanılabilir; akut kapalı loop obstrüksiyonunda karar geciktirici bir testtir ve iskemi/perforasyon riskini artırabilir.""}]"
v405-general-surgery-sivi-resusitasyonu,Sıvı resüsitasyonu,"[""Sıvı resüsitasyonu"", ""sıvı resüsitasyonu"", ""resüsitasyon sıvısı""]",Genel Cerrahi,Acil cerrahi destek,P1,26,Dolaşım bozukluğu veya hipovolemide intravasküler hacmi düzeltmeye yönelik sıvı verilmesidir.,"Genel cerrahi acillerinde sıvı resüsitasyonu antibiyotik, analjezi ve kaynak kontrolüyle birlikte yürür. Sepsis, pankreatit, obstrüksiyon ve travmada perfüzyonu düzeltir; ancak definitif kaynak kontrolünün yerine geçmez.",Şok veya sepsis bulgusunda sıvı resüsitasyonu ilk stabilizasyon basamaklarındandır.,Kalp yetmezliği gibi durumlarda sıvı yanıtı dikkatle izlenir; her hastaya sınırsız sıvı verilmez.,"[""Hemodinamik instabilite"", ""Kaynak kontrolü"", ""Septik şok""]","[{""sourceFilePath"": ""src/data/cases.js::v167-new-047-ates-ve-sag-ust-kadran-agrisi.diagnosis.answerFeedback.managementSteps[0]"", ""text"": ""İlk dakikalarda damar yolu, sıvı resüsitasyonu, kan kültürü ve geniş spektrumlu antibiyotik başlanır.""}, {""sourceFilePath"": ""src/data/cases.js::v168-new-059-ates-ve-sarilikla-basvuran-hasta.diagnosis.answerFeedback.managementSteps[0]"", ""text"": ""Hava yolu, dolaşım, geniş damar yolu, sıvı resüsitasyonu ve gerekirse vazopressör desteği değerlendirilir.""}]"
v405-general-surgery-agrisiz-sarilik,Ağrısız sarılık,"[""Ağrısız sarılık"", ""ağrısız sarılık""]",Genel Cerrahi,Pankreatobiliyer onkoloji,P1,20,Karın ağrısı olmadan gelişen sarılık tablosudur; özellikle malign obstrüksiyon açısından uyarıcıdır.,"Ağrısız sarılık genel cerrahi ve gastroenteroloji sorularında pankreas başı kanseri, periampuller tümör veya kolanjiyokarsinom gibi malign obstrüksiyonları düşündürür. Ateş ve kolik ağrı yoksa taş-kolanjit paterninden ayrılır.",Ağrısız sarılık + kilo kaybı = malign biliyer obstrüksiyon düşün.,Ağrılı sarılık safra taşı/kolanjit yönünde; ağrısız progresif sarılık malign obstrüksiyon yönünde daha öğreticidir.,"[""Pankreas başı kanseri"", ""Courvoisier bulgusu"", ""CA 19-9""]","[{""sourceFilePath"": ""src/data/cases.js::v194-new-328-agrisiz-sarilik-ve-kilo-kaybi.title"", ""text"": ""Ağrısız sarılık ve kilo kaybı""}, {""sourceFilePath"": ""src/data/cases.js::v194-new-328-agrisiz-sarilik-ve-kilo-kaybi.chiefComplaint"", ""text"": ""Ağrısız sarılık, kaşıntı ve kilo kaybı""}]"
v405-general-surgery-apendikuler-apse,Apendiküler apse,"[""Apendiküler apse"", ""apendiküler apse"", ""periappendiküler apse"", ""appendiküler apse""]",Genel Cerrahi,Akut apandisit komplikasyonu,P1,18,Perfore veya kapalı apandisit sonrası apendiks çevresinde sınırlı enfeksiyon koleksiyonudur.,Apendiküler apse komplike apandisit spektrumundadır. Genel cerrahi kararında stabil hastada antibiyotik ve görüntüleme eşliğinde drenaj düşünülebilir; yaygın peritonit varsa acil cerrahi öncelik kazanır.,"Apandisit + sınırlı apse/flegmon, basit akut apandisitten farklı yönetilir.",Yaygın peritonit veya sepsis varsa “bekle-drenaj” güvenli olmayabilir; kaynak kontrolü gerekir.,"[""Akut apandisit"", ""Perfore apandisit"", ""Kaynak kontrolü""]","[{""sourceFilePath"": ""src/data/cases.js::ai-spot-vakasiz-secki-128.options[4].text"", ""text"": ""Akut apandisit sonrası gelişen periapendiküler apseyle eş anlamlıdır""}, {""sourceFilePath"": ""src/data/cases.js::ai-spot-vakasiz-secki-128.explanation"", ""text"": ""Doğru cevap B’dir. Pankreatik psödokist, pankreatit veya pankreatik travma sonrası pankreatik enzimlerden zengin sıvının fibröz/granülasyon dokusu ile çevrilmesi sonucu oluşur. Gerçek kistlerden farklı olarak epitel döşemesi yoktur. Her psödokist acil cerrahi gerektirmez; semptom, boyut, süre, enfeksiyon, kanama, rüptür veya obstrüksiyon gibi komplikasyonlara göre izlem ya da drenaj kararı verilir. Safra içeriği veya apendiküler apse ile eş anlamlı değildir. Pankreatik psödokist çoğunlukla akut veya kronik pankr...""}]"
v405-general-surgery-heparinizasyon,Heparinizasyon,"[""Heparinizasyon"", ""heparinizasyon"", ""heparin başlanması""]",Genel Cerrahi,Vasküler cerrahi / antikoagülasyon,P1,16,Tromboz veya embolinin ilerlemesini önlemek için sistemik heparin verilmesidir.,Akut ekstremite iskemisinde kontrendikasyon yoksa erken heparinizasyon yeni trombüs oluşumunu ve embolinin ilerlemesini azaltır. Bu basamak revaskülarizasyonun yerine geçmez; zaman kazandıran köprü tedavidir.,"Akut arter tıkanıklığında heparin başla, ardından hızlı revaskülarizasyon planla.",Kanama/ruptür şüphesi varsa antikoagülasyon kararı farklılaşır; her vasküler acilde otomatik değildir.,"[""Akut ekstremite iskemisi"", ""Embolektomi"", ""Revaskülarizasyon""]","[{""sourceFilePath"": ""src/data/cases.js::v177-new-127-ani-bacak-agrisi-ve-sogukluk.diagnosis.explanation"", ""text"": ""Bu olguda atriyal fibrilasyon ve yetersiz antikoagülasyon zemininde ani başlayan ağrı, soğuk-soluk ekstremite, distal nabız kaybı, parestezi ve motor güç kaybı akut ekstremite iskemisini düşündürür. Nörolojik defisit ekstremitenin tehdit altında olduğunu gösterdiğinden sistemik heparinizasyon başlatılmalı ve acil vasküler cerrahi değerlendirme ile revaskülarizasyon hazırlığı geciktirilmemelidir.""}, {""sourceFilePath"": ""src/data/cases.js::v177-new-127-ani-bacak-agrisi-ve-sogukluk.diagnosis.answerFeedback.summary"", ""text"": ""Bu olguda atriyal fibrilasyon ve yetersiz antikoagülasyon zemininde ani başlayan ağrı, soğuk-soluk ekstremite, distal nabız kaybı, parestezi ve motor güç kaybı akut ekstremite iskemisini düşündürür. Nörolojik defisit ekstremitenin tehdit altında olduğunu gösterdiğinden sistemik heparinizasyon başlatılmalı ve acil vasküler cerrahi değerlendirme ile revaskülarizasyon hazırlığı geciktirilmemelidir.""}]"
v405-general-surgery-sistik-kanal-obstruksiyonu,Sistik kanal obstrüksiyonu,"[""Sistik kanal obstrüksiyonu"", ""sistik kanal obstrüksiyonu"", ""sistik kanal tıkanması""]",Genel Cerrahi,Akut kolesistit mekanizması,P1,16,Safra kesesi çıkışının taş veya inflamasyonla tıkanmasıdır.,"Akut kolesistitin klasik mekanizması sistik kanal obstrüksiyonudur. Tıkanma safra kesesi distansiyonu, duvar ödemi, inflamasyon ve bazen sekonder enfeksiyonla sonuçlanır.",Sağ üst kadran ağrısı + Murphy + safra kesesi duvar kalınlaşması sistik kanal obstrüksiyonuna bağlı kolesistiti destekler.,"Koledok obstrüksiyonu daha çok sarılık, ALP-GGT artışı ve kolanjit/pankreatit riskiyle ilişkilidir.","[""Akut kolesistit"", ""Safra taşı"", ""Murphy bulgusu""]","[{""sourceFilePath"": ""src/data/cases.js::v174-new-094-sag-ust-kadran-agrisi.diagnosis.explanation"", ""text"": ""Bu hastada yağlı öğün sonrası başlayan ancak saatler içinde düzelmeyen sağ üst kadran ağrısına ateş, lökositoz/CRP yüksekliği, pozitif Murphy bulgusu ve USG’de taşla birlikte duvar kalınlaşması-perikolesistik sıvı eşlik etmektedir. Bu kombinasyon geçici sistik kanal obstrüksiyonundan ibaret biliyer kolikten ziyade akut taşlı kolesistiti destekler; belirgin kolestaz, koledok dilatasyonu veya lipaz yüksekliği olmaması kolanjit, koledok taşı ve pankreatiti geri plana iter.""}, {""sourceFilePath"": ""src/data/cases.js::v174-new-094-sag-ust-kadran-agrisi.diagnosis.answerFeedback.summary"", ""text"": ""Bu hastada yağlı öğün sonrası başlayan ancak saatler içinde düzelmeyen sağ üst kadran ağrısına ateş, lökositoz/CRP yüksekliği, pozitif Murphy bulgusu ve USG’de taşla birlikte duvar kalınlaşması-perikolesistik sıvı eşlik etmektedir. Bu kombinasyon geçici sistik kanal obstrüksiyonundan ibaret biliyer kolikten ziyade akut taşlı kolesistiti destekler; belirgin kolestaz, koledok dilatasyonu veya lipaz yüksekliği olmaması kolanjit, koledok taşı ve pankreatiti geri plana iter.""}]"
v405-general-surgery-paralitik-ileus,Paralitik ileus,"[""Paralitik ileus"", ""paralitik ileus""]",Genel Cerrahi,Barsak motilite bozukluğu,P1,14,Mekanik tıkanma olmadan barsak peristaltizminin geçici durmasıdır.,"Paralitik ileusta geçiş noktası beklenmez; barsak segmentleri yaygın dilate olabilir. Postoperatif dönem, elektrolit bozukluğu, inflamasyon ve ilaçlar önemli nedenlerdir.",İleus + net transition point yoksa paralitik ileus mekanik obstrüksiyondan ayrılır.,Mekanik obstrüksiyonda geçiş noktası ve proksimal-distal kalibre farkı aranır.,"[""Mekanik barsak obstrüksiyonu"", ""Geçiş noktası"", ""Nazogastrik dekompresyon""]","[{""sourceFilePath"": ""src/data/cases.js::v173-new-086-yasli-hastada-mekanik-obstruksiyon.diagnosis.options[4]"", ""text"": ""Paralitik ileus""}, {""sourceFilePath"": ""src/data/cases.js::v173-new-086-yasli-hastada-mekanik-obstruksiyon.diagnosis.answerFeedback.optionComparison.Paralitik ileus"", ""text"": ""Paralitik ileusta mekanik geçiş noktası, obstrüksiyon düzeyi veya ektopik intraluminal taş beklenmez; barsak sesleri genellikle azalmıştır. Bu hastada kolik ağrı, metalik barsak sesleri ve BT’de mekanik obstrüksiyon bulguları vardır.""}]"
v405-general-surgery-total-tiroidektomi,Total tiroidektomi,"[""Total tiroidektomi"", ""total tiroidektomi""]",Genel Cerrahi,Tiroid cerrahisi,P1,14,Tiroid bezinin tamamının cerrahi olarak çıkarılmasıdır.,"Total tiroidektomi diferansiye tiroid kanseri, büyük multinodüler guatr veya bilateral hastalık gibi durumlarda uygulanabilir. Rekürren laringeal sinir yaralanması ve hipoparatiroidi/hipokalsemi önemli komplikasyonlardır.",Tiroidektomi sonrası ses kısıklığı rekürren laringeal sinir; hipokalsemi paratiroid hasarı düşündürür.,Hemitiroidektomi tek lob hastalığında yeterli olabilir; total tiroidektomi daha geniş endikasyon ister.,"[""Rekürren laringeal sinir"", ""Hipokalsemi riski"", ""Tiroid nodülü""]","[{""sourceFilePath"": ""src/data/cases.js::v165-new-028-boyun-cerrahisi-sonrasi-ses-degisikligi.chiefComplaint"", ""text"": ""Hasta, total tiroidektomi sonrası yeni başlayan ses kısıklığı ve konuşurken çabuk yorulma nedeniyle değerlendiriliyor.""}, {""sourceFilePath"": ""src/data/cases.js::v165-new-028-boyun-cerrahisi-sonrasi-ses-degisikligi.stem"", ""text"": ""Hasta, multinodüler guatr nedeniyle üç gün önce total tiroidektomi geçirdiğini belirtir. Ameliyattan önce ses kısıklığı ya da yutma problemi olmadığını söyler. Operasyondan sonra sesi nefesli ve zayıf çıkmaya başlamış, uzun konuşunca çabuk yorulmuştur. Sıvı alırken belirgin aspirasyon tariflemez. Dil hareketinde bozulma, omuz düşüklüğü veya baş çevirmede güçsüzlük fark etmemiştir.""}]"
v405-general-surgery-ic-hemoroid,İç hemoroid,"[""İç hemoroid"", ""iç hemoroid"", ""internal hemoroid""]",Genel Cerrahi,Proktoloji,P1,14,Dentat çizginin üstündeki internal hemoroidal yastıkların semptomatik genişlemesidir.,"İç hemoroid genellikle ağrısız parlak kırmızı rektal kanama ve prolapsusla seyreder. Ağrı belirginse tromboz, fissür veya apse gibi alternatifler düşünülmelidir.",Ağrısız parlak kırmızı kanama internal hemoroid lehinedir.,Anal fissür defekasyonla keskin ağrı yapar; internal hemoroid çoğu kez ağrısızdır.,"[""Hemoroid"", ""Dış hemoroid"", ""Anal fissür""]","[{""sourceFilePath"": ""src/data/cases.js::v186-new-239-diskilama-sirasinda-siddetli-agri.learningTarget"", ""text"": ""Anal fissürü iç hemoroid, tromboze eksternal hemoroid, perianal apse/fistül ve distal rektal maligniteden ağrı-zamanlama, inspeksiyon ve kırmızı bayrak bulgularıyla ayırma.""}, {""sourceFilePath"": ""src/data/cases.js::v186-new-239-diskilama-sirasinda-siddetli-agri.diagnosis.options[0]"", ""text"": ""İç hemoroid""}]"
v405-general-surgery-duktal-karsinoma-in-situ,Duktal karsinoma in situ,"[""Duktal karsinoma in situ"", ""duktal karsinoma in situ"", ""DCIS""]",Genel Cerrahi,Meme patolojisi / preinvaziv lezyon,P1,11,Meme duktus epitelinde bazal membranı aşmamış malign hücre proliferasyonudur.,DCIS invaziv kanser değildir ancak invaziv kansere ilerleme riski nedeniyle cerrahi ve gerekirse radyoterapi/hormonal tedavi planı gerektirir. Aksiller yayılım beklenmez çünkü bazal membran aşılmamıştır.,DCIS bazal membranı aşmadığı için invazyon ve nodal metastaz mantığı farklıdır.,İnvaziv duktal karsinom stromayı aşar ve lenf nodu değerlendirmesi önem kazanır.,"[""Meme koruyucu cerrahi"", ""Sentinel lenf nodu biyopsisi"", ""Mastektomi""]","[{""sourceFilePath"": ""src/data/cases.js::ai-spot-vakasiz-secki-029-meme-kanserinde-sentinel-lenf-nodu-kontrendikasyon.options[4].text"", ""text"": ""Duktal karsinoma in situya mastektomi planlanması""}, {""sourceFilePath"": ""src/data/cases.js::ai-spot-vakasiz-secki-029-meme-kanserinde-sentinel-lenf-nodu-kontrendikasyon.explanation"", ""text"": ""Klinik olarak belirgin aksiller metastaz, sentinel nodun tarama/evreleme mantığını zayıflatır ve doğrudan aksiller değerlendirme/tedavi gerektirir. Erken evre klinik nod-negatif invaziv meme kanseri sentinel biyopsinin tipik endikasyonudur; mastektomi planlanan DCIS olgularında da sonradan sentinel değerlendirme yapılamayacağı için uygulanabilir. Sentinel lenf nodu biyopsisi esas olarak klinik olarak nod-negatif aksillanın evrelenmesinde kullanılır; belirgin klinik nod pozitiflik varlığında aksillanın zaten hast...""}]"
v405-general-surgery-meme-koruyucu-cerrahi,Meme koruyucu cerrahi,"[""Meme koruyucu cerrahi"", ""meme koruyucu cerrahi"", ""lumpektomi""]",Genel Cerrahi,Meme kanseri cerrahisi,P1,10,Tümörün uygun cerrahi sınırla çıkarılıp memenin büyük kısmının korunduğu tedavidir.,"Erken evre meme kanserinde meme koruyucu cerrahi çoğu zaman radyoterapi ile birlikte uygulanır. Cerrahi seçimi tümör-meme oranı, multifokalite, hasta tercihi ve radyoterapi uygunluğuna bağlıdır.",Erken evre uygun meme kanserinde meme koruyucu cerrahi + radyoterapi mastektomiye alternatif olabilir.,"Yaygın mikrokalsifikasyon, çok odaklı hastalık veya radyoterapi kontrendikasyonu mastektomi gerektirebilir.","[""Sentinel lenf nodu biyopsisi"", ""Mastektomi"", ""Neoadjuvan tedavi""]","[{""sourceFilePath"": ""src/data/cases.js::ai-spot-vakasiz-secki-029-meme-kanserinde-sentinel-lenf-nodu-kontrendikasyon.options[3].text"", ""text"": ""Meme koruyucu cerrahi planlanması""}, {""sourceFilePath"": ""src/data/cases.js::ai-spot-vakasiz-secki-029-meme-kanserinde-sentinel-lenf-nodu-kontrendikasyon.optionFeedback.Meme koruyucu cerrahi planlanması"", ""text"": ""Meme koruyucu cerrahi planlanması sentinel lenf nodu biyopsisi yapılmasına engel değildir.""}]"
v405-general-surgery-hemotoraks,Hemotoraks,"[""Hemotoraks"", ""hemotoraks""]",Genel Cerrahi,Toraks travması,P1,8,Plevral boşlukta kan birikmesidir.,"Hemotoraks travma sonrası solunum sıkıntısı, matite ve hipovolemi/şok bulgularıyla gelebilir. Yönetimde oksijen, damar yolu, sıvı-kan resüsitasyonu ve çoğu travmatik olguda tüp torakostomi düşünülür.",Travma + plevral sıvı/şok bulgusu hemotoraksı düşündürür; masif drenaj cerrahi eşiği yükseltir.,Pnömotoraksta plevral boşlukta hava; hemotoraksta kan birikir.,"[""Masif hemotoraks"", ""Hemotoraks drenajı"", ""Tüp torakostomi""]","[{""sourceFilePath"": ""src/data/tusPearlCards.js::Masif hemotoraks.topic"", ""text"": ""Masif hemotoraks""}, {""sourceFilePath"": ""src/data/tusPearlCards.js::Masif hemotoraks.keywords[0]"", ""text"": ""masif hemotoraks""}]"
v405-general-surgery-perianal-apse-drenaji,Perianal apse drenajı,"[""Perianal apse drenajı"", ""perianal apse drenajı"", ""apse drenajı""]",Genel Cerrahi,Proktoloji / cerrahi drenaj,P1,8,Perianal apsenin cerrahi olarak açılıp boşaltılmasıdır.,"Perianal apsede antibiyotik tek başına kapalı püy koleksiyonunu tedavi etmez; temel tedavi insizyon ve drenajdır. Diyabet, immünsüpresyon veya sistemik enfeksiyon varsa antibiyotik eklenebilir.",Perianal apse sorusunda ana tedavi drenajdır; sadece antibiyotik yeterli değildir.,"Anal fissürde keskin defekasyon ağrısı ön plandayken apsede şişlik, ateş ve fluktuasyon görülebilir.","[""Perianal apse"", ""Fistül"", ""Seton""]","[{""sourceFilePath"": ""src/data/cases.js::v175-new-107-yumusak-doku-enfeksiyonunda-hizla-kotulesme.stem"", ""text"": ""Tip 2 diyabeti olan hasta, iki gün önce sağ baldırında küçük bir kesik oluştuğunu belirtiyor. İlk gün sınırlı kızarıklık varken son 12 saatte ağrı hızla artmış, bacakta şişlik ve morumsu renk değişikliği yayılmıştır. Ağrıyı ciltte görünen kızarıklıktan çok daha şiddetli tarif ediyor ve yürümekte zorlanıyor. Ateş, titreme ve halsizlik gelişmiş; benzer bölgede daha önce apse drenajı öyküsü yoktur. Yakın zamanda travmatik ezilme, hayvan ısırığı veya immünsüpresif ilaç kullanımı bildirmemektedir.""}, {""sourceFilePath"": ""src/data/cases.js::v175-new-107-yumusak-doku-enfeksiyonunda-hizla-kotulesme.patientIntro.historySummary"", ""text"": ""Tip 2 diyabeti olan hasta, iki gün önce sağ baldırında küçük bir kesik oluştuğunu belirtiyor. İlk gün sınırlı kızarıklık varken son 12 saatte ağrı hızla artmış, bacakta şişlik ve morumsu renk değişikliği yayılmıştır. Ağrıyı ciltte görünen kızarıklıktan çok daha şiddetli tarif ediyor ve yürümekte zorlanıyor. Ateş, titreme ve halsizlik gelişmiş; benzer bölgede daha önce apse drenajı öyküsü yoktur. Yakın zamanda travmatik ezilme, hayvan ısırığı veya immünsüpresif ilaç kullanımı bildirmemektedir.""}]"
v405-general-surgery-subkutan-amfizem,Subkutan amfizem,"[""Subkutan amfizem"", ""subkutan amfizem""]",Genel Cerrahi,Toraks travması,P1,8,Cilt altı dokuda hava birikmesidir ve palpasyonda krepitasyon yapabilir.,"Subkutan amfizem toraks travması, pnömotoraks veya hava yolu yaralanmasıyla ilişkili olabilir. Krepitasyonun enfeksiyon mu hava kaçağı mı olduğunu klinik bağlam belirler.",Toraks travmasında cilt altı krepitasyon pnömotoraks veya hava kaçağı lehine olabilir.,Yumuşak doku enfeksiyonunda krepitasyon gaz üreten enfeksiyona bağlı olabilir; travmada subkutan amfizem düşünülür.,"[""Pnömotoraks"", ""Krepitasyon"", ""Tüp torakostomi""]","[{""sourceFilePath"": ""src/data/cases.js::v195-new-355-kusma-sonrasi-gogus-agrisi.diagnosis.pearls[0].text"", ""text"": ""Kusma sonrası göğüs ağrısı + subkutan amfizem + mediastinal hava-sıvı = Boerhaave; oral izlem değil acil perforasyon yönetimi.""}, {""sourceFilePath"": ""src/data/cases.js::v195-new-355-kusma-sonrasi-gogus-agrisi.diagnosis.answerFeedback.examPearl"", ""text"": ""Kusma sonrası göğüs ağrısı + subkutan amfizem + mediastinal hava-sıvı = Boerhaave; oral izlem değil acil perforasyon yönetimi.""}]"
v405-general-surgery-tromboze-eksternal-hemoroid,Tromboze eksternal hemoroid,"[""Tromboze eksternal hemoroid"", ""tromboze eksternal hemoroid"", ""tromboze hemoroid""]",Genel Cerrahi,Proktoloji,P1,8,Eksternal hemoroidal damarda akut trombüs gelişmesiyle ağrılı mavi-mor perianal kitle oluşmasıdır.,Tromboze eksternal hemoroid ani başlayan şiddetli anal ağrı ve ele gelen hassas kitleyle gelir. Erken dönemde eksizyon düşünülebilir; geç dönemde semptomatik tedavi öne çıkar.,Ani ağrılı mavi perianal kitle tromboze eksternal hemoroid için tipiktir.,Anal fissürde ağrı dışkılama sırasında cam kesiği gibidir ve orta hatta yırtık görülür.,"[""Hemoroid"", ""Anal fissür"", ""Perianal apse""]","[{""sourceFilePath"": ""src/data/cases.js::v176-new-120-diskilama-sonrasi-anal-agri.diagnosis.pearls[0].text"", ""text"": ""Dışkılama sırasında cam kesiği ağrı + posterior orta hat lineer yırtık = anal fissür; fluktuasyon apseyi, mor ağrılı dış kitle tromboze hemoroidi düşündürür.""}, {""sourceFilePath"": ""src/data/cases.js::v176-new-120-diskilama-sonrasi-anal-agri.diagnosis.answerFeedback.examPearl"", ""text"": ""Dışkılama sırasında cam kesiği ağrı + posterior orta hat lineer yırtık = anal fissür; fluktuasyon apseyi, mor ağrılı dış kitle tromboze hemoroidi düşündürür.""}]"
v405-general-surgery-herni-reduksiyonu,Herni redüksiyonu,"[""Herni redüksiyonu"", ""manuel redüksiyon"", ""redüksiyon manevrası"", ""fıtık redüksiyonu""]",Genel Cerrahi,Herni ve karın duvarı,P1,7,Fıtık içeriğinin karın içine geri döndürülmesidir.,"Herni redüksiyonu yalnız strangülasyon bulgusu yoksa güvenli kabul edilir. Şiddetli ağrı, ciltte renk değişikliği, peritonit, sepsis veya barsak iskemi şüphesi varsa zorlu redüksiyon geciktirici ve tehlikeli olabilir.","Strangülasyon bulgusu olan hernide “önce zorlu redüksiyon” değil, acil cerrahi değerlendirme önceliklidir.",İnkarsere ama iskemi bulgusu olmayan seçilmiş olguda redüksiyon denenebilir; strangüle hernide cerrahi gerekir.,"[""İnkarsere herni"", ""Strangüle herni"", ""Redükte edilemeyen herni""]","[{""sourceFilePath"": ""src/data/cases.js::v183-new-190-kasik-sisligi-ve-kusma.diagnosis.options[0]"", ""text"": ""Analjezi altında tekrarlı zorlayıcı manuel redüksiyon yapıp taburcu etmek""}, {""sourceFilePath"": ""src/data/cases.js::v183-new-190-kasik-sisligi-ve-kusma.diagnosis.answerFeedback.optionComparison.Analjezi altında tekrarlı zorlayıcı manuel redüksiyon yapıp taburcu etmek"", ""text"": ""Manuel redüksiyon yalnız seçilmiş, erken, ağrısı sınırlı ve strangülasyon bulgusu olmayan hastada düşünülebilir; bu olguda obstrüksiyon, eritem ve laktat yüksekliği iskemik ansın batına itilmesi riskini doğurur.""}]"
v405-general-surgery-douglas-retrovezikal-sivi,Douglas/retrovezikal sıvı,"[""Douglas/retrovezikal sıvı"", ""Douglas/retrovezikal alanda serbest sıvı"", ""Douglas’ta serbest sıvı"", ""Douglas boşluğu"", ""retrovezikal sıvı""]",Genel Cerrahi,Travma / serbest sıvı,P1,6,"Pelviste, özellikle Douglas veya retrovezikal alanda serbest sıvı izlenmesidir.",FAST veya USG’de pelvik serbest sıvı travmada hemoperitoneumu düşündürebilir. Hemodinamik instabiliteyle birlikteyse tanısal değil karar verdirici bir bulgudur.,İnstabil travmada Douglas/retrovezikal sıvı intraabdominal kanama lehine güçlü ipucudur.,Fizyolojik az miktarda pelvik sıvı özellikle kadınlarda görülebilir; travma ve instabilite bağlamı önemlidir.,"[""FAST pozitifliği"", ""Hemoperitoneum"", ""Acil laparotomi""]","[{""sourceFilePath"": ""src/data/cases.js::v174-new-093-travma-sonrasi-karin-hassasiyeti.investigations[1].result.values[2][1]"", ""text"": ""Douglas/retrovezikal alanda serbest sıvı izleniyor""}, {""sourceFilePath"": ""src/data/cases.js::v174-new-093-travma-sonrasi-karin-hassasiyeti.investigations[1].result.rows[2][1]"", ""text"": ""Douglas/retrovezikal alanda serbest sıvı izleniyor""}]"
v405-general-surgery-fibroadenom,Fibroadenom,"[""Fibroadenom"", ""fibroadenom""]",Genel Cerrahi,Meme cerrahisi / benign kitle,P1,6,"Genç kadınlarda sık görülen, iyi sınırlı, hareketli benign meme tümörüdür.","Fibroadenom çoğu zaman ağrısız, düzgün sınırlı ve mobil kitle olarak değerlendirilir. Ancak yaş, büyüme hızı, atipik görüntüleme veya BI-RADS şüphesi varsa biyopsi gerekir; her meme kitlesi otomatik benign kabul edilmez.",Genç hastada hareketli iyi sınırlı kitle fibroadenom lehine; şüpheli görüntüleme varsa biyopsi gerekir.,"Karsinom genellikle daha sert, fikse, düzensiz sınırlı veya cilt/nipple bulgularıyla gelir.","[""BI-RADS 4"", ""Meme kitlesi"", ""Eksizyonel biyopsi""]","[{""sourceFilePath"": ""src/data/tusPearlCards.js::Fibroadenom.topic"", ""text"": ""Fibroadenom""}, {""sourceFilePath"": ""src/data/tusPearlCards.js::Fibroadenom.mainAnswer"", ""text"": ""Fibroadenom.""}]"
v405-general-surgery-mamografi,Mamografi,"[""Mamografi"", ""mamografi""]",Genel Cerrahi,Meme görüntüleme,P1,6,Meme dokusunun düşük doz X-ışını ile görüntülenmesidir.,"Mamografi meme kanseri taraması ve şüpheli lezyon değerlendirmesinde kullanılır. Kitle, mikrokalsifikasyon ve BI-RADS sınıflaması biyopsi veya takip kararını etkiler.",Şüpheli mamografi bulgusu BI-RADS ile raporlanır ve biyopsi kararını yönlendirir.,USG özellikle genç yoğun meme dokusunda veya kistik-solid ayrımında daha yararlı olabilir.,"[""BI-RADS 4"", ""Meme biyopsisi"", ""Fibroadenom""]","[{""sourceFilePath"": ""src/data/cases.js::v195-new-357-erken-evre-meme-kitlesi.chiefComplaint"", ""text"": ""Tarama mamografisinde saptanan küçük meme kitlesi""}, {""sourceFilePath"": ""src/data/cases.js::v195-new-357-erken-evre-meme-kitlesi.stem"", ""text"": ""Tarama mamografisinde saptanan sol meme lezyonu nedeniyle ileri değerlendirmeye alınmıştır; hasta meme başı akıntısı, cilt kızarıklığı veya hızlı büyüyen kitle fark etmemiştir. Ailesinde erken yaşta meme ya da over kanseri öyküsü yoktur. Aksillada elle fark ettiği şişlik, kol ödemi veya ağrı tariflemiyor. Daha önce meme veya aksilla cerrahisi geçirmemiş ve neoadjuvan tedavi almamıştır. Görüntüleme sonrası yapılan kor biyopsi invaziv duktal karsinom ile uyumlu bulunmuştur.""}]"
v405-general-surgery-portal-venoz-gaz,Portal venöz gaz,"[""Portal venöz gaz"", ""portal ven gazı""]",Genel Cerrahi,Barsak iskemisi / görüntüleme,P1,6,Portal venöz sistem içinde gaz izlenmesidir.,"Portal venöz gaz, özellikle pnömatozis intestinalis ve peritonit/laktat yüksekliği ile birlikte barsak iskemisi veya nekroz açısından alarm bulgusudur. Cerrahi kararı klinik ve diğer görüntüleme bulgularıyla birlikte verilir.","Portal venöz gaz + barsak duvarında gaz, ağır iskemi/nekroz açısından uyarıcıdır.",Bazen girişim sonrası benign gaz görülebilir; akut karın ve şok bağlamında anlamı değişir.,"[""Barsak iskemisi"", ""Pnömatozis intestinalis"", ""Akut mezenter iskemi""]","[{""sourceFilePath"": ""src/data/cases.js::v187-new-253-siddetli-karin-agrisi-ve-hafif-muayene-bulgusu.investigations[2].result.rows[2][0]"", ""text"": ""Portal venöz gaz""}, {""sourceFilePath"": ""src/data/cases.js::v187-new-253-siddetli-karin-agrisi-ve-hafif-muayene-bulgusu.investigations[2].result.values[2][0]"", ""text"": ""Portal venöz gaz""}]"
v405-general-surgery-b-rads-4,BI-RADS 4,"[""BI-RADS 4"", ""BIRADS 4""]",Genel Cerrahi,Meme cerrahisi / görüntüleme,P1,5,Meme görüntülemesinde şüpheli lezyon kategorisidir ve biyopsi gerektirir.,"BI-RADS 4, malignite olasılığı nedeniyle doku tanısı gerektiren kategoridir. Genel cerrahi sorularında takip veya antibiyotik yerine görüntüleme eşliğinde biyopsi kararı beklenir.",BI-RADS 4 lezyonda doğru yaklaşım biyopsidir; yalnız izlem yeterli değildir.,BI-RADS 2 benign kabul edilir; BI-RADS 4 şüpheli olduğu için histolojik doğrulama ister.,"[""Meme kitlesi"", ""Core biyopsi"", ""Meme koruyucu cerrahi""]","[{""sourceFilePath"": ""src/data/tusPearlCards.js::BI-RADS 4 yaklaşımı.topic"", ""text"": ""BI-RADS 4 yaklaşımı""}, {""sourceFilePath"": ""src/data/tusPearlCards.js::BI-RADS 4 yaklaşımı.mainQuestion"", ""text"": ""BI-RADS 4 meme lezyonunda ilk uygun yaklaşım nedir?""}]"
v405-general-surgery-primer-hiperparatiroidi-cerrahisi,Primer hiperparatiroidi cerrahisi,"[""Primer hiperparatiroidi cerrahisi"", ""primer hiperparatiroidi cerrahisi"", ""paratiroidektomi""]",Genel Cerrahi,Endokrin cerrahi,P1,5,Primer hiperparatiroidide aşırı PTH üreten paratiroid dokusunun cerrahi çıkarılmasıdır.,"Semptomatik primer hiperparatiroidide veya belirli kalsiyum, böbrek, kemik ve yaş kriterlerinde paratiroidektomi definitif tedavidir. Sestamibi ve USG lokalizasyon için kullanılır; tanı biyokimyasal olarak konur.","Primer hiperparatiroidide tanı PTH-kalsiyum ilişkisiyle, lokalizasyon cerrahi plan için yapılır.",Sekonder hiperparatiroidi genellikle kronik böbrek hastalığına bağlıdır; cerrahi endikasyon mantığı farklıdır.,"[""PTH"", ""Hiperkalsemi"", ""Sestamibi sintigrafisi""]","[{""sourceFilePath"": ""src/data/tusPearlCards.js::Primer hiperparatiroidi cerrahisi.topic"", ""text"": ""Primer hiperparatiroidi cerrahisi""}, {""sourceFilePath"": ""src/data/tusPearlCards.js::Primer hiperparatiroidi cerrahisi.mainAnswer"", ""text"": ""Paratiroidektomi.""}]"
v405-general-surgery-lobektomi,Lobektomi,"[""Lobektomi"", ""tiroid lobektomisi"", ""lobektomi"", ""hemitiroidektomi""]",Genel Cerrahi,Tiroid cerrahisi,P1,4,Tiroidin bir lobunun çıkarılmasıdır.,Lobektomi seçilmiş indetermine tiroid nodüllerinde tanısal/terapötik yaklaşım olabilir. Foliküler neoplazide kapsül veya damar invazyonu histolojiyle değerlendirileceği için lobektomi tanısal değere sahiptir.,Foliküler tiroid neoplazisinde kapsül/damar invazyonu için cerrahi histoloji gerekir; FNA tek başına ayıramaz.,Total tiroidektomi tüm bezin çıkarılmasıdır; lobektomi tek lobla sınırlıdır.,"[""Foliküler tiroid neoplazisi"", ""Tiroid nodülü"", ""Total tiroidektomi""]","[{""sourceFilePath"": ""src/data/tusPearlCards.js::Foliküler tiroid neoplazisi.keywords[3]"", ""text"": ""lobektomi""}, {""sourceFilePath"": ""src/data/tusPearlCards.js::Foliküler tiroid neoplazisi.extraQuestion"", ""text"": ""Vaka kökünde foliküler neoplazi, kapsül invazyonu ve lobektomi birlikte verilirse hangi tanı öncelikle düşünülür?""}]"
v405-general-surgery-malignite-suphesi,Malignite şüphesi,"[""Malignite şüphesi"", ""malignite şüphesi"", ""malign şüphe""]",Genel Cerrahi,Cerrahi karar jargonu,P1,4,"Klinik, görüntüleme veya sitoloji bulgularının kanser olasılığını artırmasıdır.",Malignite şüphesi varlığında yaklaşım genellikle semptomatik tedavi veya izlemden doku tanısına ve evrelemeye kayar. Genel cerrahi sorularında bu ifade biyopsi veya rezeksiyon kararının ana gerekçesi olabilir.,Şüpheli görüntüleme veya sitoloji varsa “izlem” yerine doku tanısı düşünülür.,Benign görünümlü stabil kitlelerde takip mümkün olabilir; malignite şüphesi eşik değiştirir.,"[""BI-RADS 4"", ""Tiroid ince iğne aspirasyonu"", ""Pankreas başı kanseri""]","[{""sourceFilePath"": ""src/data/cases.js::v189-new-294-supheli-tiroid-nodulu.images[0].clinicalMeaning"", ""text"": ""Malignite şüphesini artıran özellikler taşır.""}, {""sourceFilePath"": ""src/data/cases.js::v189-new-294-supheli-tiroid-nodulu.images[0].rawInvestigationRow"", ""text"": ""Tiroid ultrasonografisi | Hipoekoik, mikrokalsifikasyon içeren, düzensiz sınırlı solid nodül izlendi. | 1.6 cm | Malignite şüphesini artıran özellikler taşır.""}]"
v405-general-surgery-meme-biyopsisi,Meme biyopsisi,"[""Meme biyopsisi"", ""meme biyopsisi"", ""meme doku tanısı""]",Genel Cerrahi,Meme cerrahisi / tanı,P1,4,Meme lezyonundan histopatolojik tanı için doku örneği alınmasıdır.,"Meme biyopsisi BI-RADS 4/5 veya klinik olarak şüpheli kitlelerde tanı koydurucu basamaktır. Cerrahi plan, sistemik tedavi ve reseptör analizi biyopsi sonucuna göre şekillenir.",Şüpheli meme lezyonunda görüntüleme tanımlayıcıdır; kesin tanı biyopsiyle konur.,Takip benign kategorilerde düşünülebilir; şüpheli kategorilerde doku tanısı gerekir.,"[""BI-RADS 4"", ""ER/PR pozitifliği"", ""HER2 pozitifliği""]","[{""sourceFilePath"": ""src/data/tusPearlCards.js::BI-RADS 4 yaklaşımı.keywords[1]"", ""text"": ""meme biyopsisi""}, {""sourceFilePath"": ""src/data/tusPearlCards.js::BI-RADS 4 yaklaşımı.extraQuestion"", ""text"": ""Vaka kökünde BI-RADS 4, meme biyopsisi ve şüpheli lezyon birlikte verilirse hangi tanısal test veya bulgu öncelikle düşünülür?""}]"
v405-general-surgery-yelken-gogus,Yelken göğüs,"[""Yelken göğüs"", ""flail chest"", ""yelken göğüs""]",Genel Cerrahi,Toraks travması,P1,4,Birden fazla ardışık kaburganın iki yerden kırılmasıyla paradoksal göğüs duvarı hareketi oluşmasıdır.,"Yelken göğüs tek başına kaburga kırığı değil, altta pulmoner kontüzyon ve ventilasyon bozukluğu riski taşıyan ciddi toraks travmasıdır. Tedavide oksijen, analjezi, solunum desteği ve eşlik eden pnömotoraks/hemotoraksın yönetimi önemlidir.",Paradoksal göğüs duvarı hareketi flail chest için klasik ipucudur.,Basit kaburga kırığında segmenter paradoksal hareket beklenmez; flail chest daha ağır toraks travmasıdır.,"[""Pulmoner kontüzyon"", ""Tansiyon pnömotoraks"", ""Tüp torakostomi""]","[{""sourceFilePath"": ""src/data/tusPearlCards.js::Flail chest.topic"", ""text"": ""Flail chest""}, {""sourceFilePath"": ""src/data/tusPearlCards.js::Flail chest.mainAnswer"", ""text"": ""Flail chest.""}]"
v405-general-surgery-insizyon-ve-drenaj,İnsizyon ve drenaj,"[""İnsizyon ve drenaj"", ""insizyon ve drenaj"", ""I&D""]",Genel Cerrahi,Cerrahi enfeksiyon / drenaj,P1,4,Apse veya püy koleksiyonunun kesilerek açılması ve boşaltılmasıdır.,"İnsizyon ve drenaj, perianal apse gibi kapalı püy koleksiyonlarında temel tedavidir. Antibiyotik eşlik eden selülit veya immünsüpresyonda eklenebilir; apse varlığında tek başına antibiyotik yeterli değildir.",Apse varsa ana tedavi drenajdır; antibiyotik yardımcıdır.,Selülitte koleksiyon yoksa antibiyotik yeterli olabilir; apsede drenaj gerekir.,"[""Perianal apse drenajı"", ""Yumuşak doku enfeksiyonu"", ""Kaynak kontrolü""]","[{""sourceFilePath"": ""src/data/tusPearlCards.js::Perianal apse.mainAnswer"", ""text"": ""İnsizyon ve drenaj.""}, {""sourceFilePath"": ""src/data/tusPearlCards.js::Perianal apse.extraAnswer"", ""text"": ""İnsizyon ve drenaj.""}]"
v405-general-surgery-embolektomi,Embolektomi,"[""Embolektomi"", ""embolektomi"", ""cerrahi revaskülarizasyon""]",Genel Cerrahi,Vasküler cerrahi,P1,3,Damarı tıkayan embolinin cerrahi veya kateter yoluyla çıkarılmasıdır.,"Embolektomi akut ekstremite iskemisi veya seçilmiş mezenterik embolilerde doku viabilitesini kurtarmak için yapılır. Nörolojik defisit, nabız kaybı ve soğuk-soluk ekstremite hızlı revaskülarizasyon gerektirir.",Akut ekstremite iskemisinde heparin sonrası hızlı revaskülarizasyon/embolektomi zaman kritiktir.,Kronik periferik arter hastalığında yürüme ağrısı ve elektif değerlendirme ön plandayken akut embolide saatler önemlidir.,"[""Akut ekstremite iskemisi"", ""Altı P bulgusu"", ""Fasiyotomi""]","[{""sourceFilePath"": ""src/data/cases.js::v177-new-127-ani-bacak-agrisi-ve-sogukluk.learningTarget"", ""text"": ""Ani ağrı, soğuk-soluk ekstremite, nabız kaybı, parestezi ve motor kayıp varlığında sistemik antikoagülasyon ve acil vasküler cerrahi revaskülarizasyon hazırlığının geciktirilmemesi gerektiğini ayırt etme.""}, {""sourceFilePath"": ""src/data/cases.js::v177-new-127-ani-bacak-agrisi-ve-sogukluk.diagnosis.correct"", ""text"": ""Sistemik antikoagülasyon başlatıp acil vasküler cerrahi revaskülarizasyon hazırlığı yapmak""}]"
v405-general-surgery-endoskopik-sfinkterotomi,Endoskopik sfinkterotomi,"[""Endoskopik sfinkterotomi"", ""endoskopik sfinkterotomi"", ""sfinkterotomi""]",Genel Cerrahi,ERCP / koledok taşı,P1,3,ERCP sırasında Oddi sfinkterinin kesilerek taş çıkarımı veya drenajın kolaylaştırılmasıdır.,Koledok taşı veya akut kolanjitte sfinkterotomi safra yolunun açılmasını ve taşın çıkarılmasını sağlar. Bu işlem cerrahi kolesistektomiyle aynı şey değildir; akut enfekte obstrüksiyonda önce drenaj gerekebilir.,"Koledok taşı olan kolanjitte ERCP + sfinkterotomi, kaynak kontrolün endoskopik yoludur.",Laparoskopik kolesistektomi safra kesesini çıkarır; sfinkterotomi koledok çıkışını açar.,"[""ERCP ile biliyer drenaj"", ""Koledokolitiazis"", ""Akut kolanjit""]","[{""sourceFilePath"": ""src/data/cases.js::v167-new-047-ates-ve-sag-ust-kadran-agrisi.diagnosis.answerFeedback.optionComparison.Endoskopik retrograd kolanjiyopankreatografi ile safra yolu drenajı"", ""text"": ""Doğru seçenek budur; klinik üçlü, kolestatik patern ve distal koledok taşı enfekte-obstrükte safra yolunu gösterir. ERCP sfinkterotomi, taş çıkarma veya stentleme ile obstrüksiyonu gidererek kaynak kontrolü sağlar.""}, {""sourceFilePath"": ""src/data/cases.js::v167-new-047-ates-ve-sag-ust-kadran-agrisi.diagnosis.optionComparison.Endoskopik retrograd kolanjiyopankreatografi ile safra yolu drenajı"", ""text"": ""Doğru seçenek budur; klinik üçlü, kolestatik patern ve distal koledok taşı enfekte-obstrükte safra yolunu gösterir. ERCP sfinkterotomi, taş çıkarma veya stentleme ile obstrüksiyonu gidererek kaynak kontrolü sağlar.""}]"
v405-general-surgery-akut-divertikulit,Akut divertikülit,"[""Akut divertikülit"", ""akut divertikülit"", ""sigmoid divertikülit""]",Genel Cerrahi,Kolorektal cerrahi,P1,2,Divertikülün inflamasyonu veya mikroperforasyonu ile gelişen akut kolon hastalığıdır.,"Akut divertikülit sol alt kadran ağrısı, ateş ve lökositozla gelir; tanıda kontrastlı BT önemlidir. Komplike olmayan olgular medikal izlenebilirken apse, perforasyon veya yaygın peritonit cerrahi/girişimsel yaklaşım gerektirir.",Sol alt kadran ağrısı + ateş + BT’de divertikülit bulguları tanıyı destekler.,Kolon kanseri benzer tabloyu taklit edebilir; akut dönem sonrası kolonoskopi planı gerekebilir.,"[""Kontrastlı abdominal BT"", ""Perikolik apse"", ""Hartmann prosedürü""]","[{""sourceFilePath"": ""src/data/tusPearlCards.js::Akut divertikülit tanısı.topic"", ""text"": ""Akut divertikülit tanısı""}]"
v405-general-surgery-anal-fistul,Anal fistül,"[""Anal fistül"", ""anal fistül"", ""perianal fistül""]",Genel Cerrahi,Proktoloji,P1,2,Anal kanal ile perianal cilt arasında anormal epitelize trakt oluşmasıdır.,"Anal fistül çoğunlukla perianal apse sonrası gelişir. Tedavide fistülün sfinkterle ilişkisi önemlidir; basit fistülde fistülotomi, kompleks fistülde seton gibi sfinkter koruyucu seçenekler düşünülür.",Tekrarlayan akıntı ve apse öyküsü anal fistül için ipucudur.,Perianal apse akut ağrılı koleksiyondur; fistül kronik drenaj traktıdır.,"[""Perianal apse"", ""Seton"", ""Anal kanal""]","[{""sourceFilePath"": ""src/data/cases.js::v176-new-120-diskilama-sonrasi-anal-agri.diagnosis.options[3]"", ""text"": ""Anal fistül""}]"
v405-general-surgery-erken-laparoskopik-kolesistektomi,Erken laparoskopik kolesistektomi,"[""Erken laparoskopik kolesistektomi"", ""erken laparoskopik kolesistektomi""]",Genel Cerrahi,Akut kolesistit / cerrahi zamanlama,P1,2,Akut kolesistitte uygun hastada erken dönemde yapılan laparoskopik safra kesesi çıkarılmasıdır.,Erken laparoskopik kolesistektomi akut kolesistitte definitif tedavi yaklaşımıdır ve nüks/komplikasyon riskini azaltır. Cerrahi riski çok yüksek hastada perkütan kolesistostomi köprü olabilir.,Uygun akut kolesistit hastasında erken laparoskopik kolesistektomi standarttır.,Yüksek riskli septik hastada perkütan kolesistostomi geçici kaynak kontrol olarak seçilebilir.,"[""Akut kolesistit"", ""Perkütan kolesistostomi"", ""Safra taşı""]","[{""sourceFilePath"": ""src/data/cases.js::v185-new-223-ates-sarilik-ve-sag-ust-kadran-agrisi.diagnosis.options[4]"", ""text"": ""Sepsis kontrol edilmeden erken laparoskopik kolesistektomiye almak""}]"
v405-general-surgery-hipertansif-kriz,Hipertansif kriz,"[""Hipertansif kriz"", ""hipertansif kriz""]",Genel Cerrahi,Endokrin cerrahi / feokromositoma,P1,2,Kan basıncının akut ve ciddi yükselmesiyle organ hasarı riski taşıyan tablodur.,Feokromositomada tümör manipülasyonu katekolamin salınımını artırarak hipertansif krize yol açabilir. Bu nedenle ameliyat öncesi uygun alfa blokaj yapılmadan beta blokaj veya cerrahiye geçmek tehlikelidir.,Feokromositomada ameliyat öncesi alfa blokaj hipertansif kriz riskini azaltır.,Esansiyel hipertansiyondan farklı olarak feokromositomada ataklar katekolamin aracılıdır ve cerrahi hazırlık özeldir.,"[""Feokromositoma"", ""Alfa blokaj"", ""Beta blokaj sırası""]","[{""sourceFilePath"": ""src/data/tusPearlCards.js::Feokromositomada ameliyat öncesi blokaj.explanation"", ""text"": ""Önce alfa blokaj yapılmadan beta blokaj verilmesi hipertansif krizi ağırlaştırabilir.""}]"
v405-general-surgery-primer-survey,Primer survey,"[""Primer survey"", ""primer survey"", ""birincil değerlendirme""]",Genel Cerrahi,Travma algoritması,P1,2,Travma hastasında ABCDE sırasıyla yapılan hızlı yaşam tehdidi taramasıdır.,"Primer survey, travma yönetiminde tanı koyma yarışından önce yaşamı tehdit eden durumları düzeltme basamağıdır. Tansiyon pnömotoraks, masif hemotoraks, hava yolu obstrüksiyonu ve dolaşım şoku bu aşamada hedeflenir.",Primer survey yaşamı tehdit eden durumu bulup aynı anda tedavi etmeyi amaçlar.,Sekonder survey tanı ayrıntısı içindir; primer survey sırasında stabilizasyon geciktirilmez.,"[""ATLS"", ""ABCDE yaklaşımı"", ""Tüp torakostomi""]","[{""sourceFilePath"": ""src/data/tusPearlCards.js::ATLS önceliği.trap"", ""text"": ""Detaylı öykü ve görüntüleme primer survey tamamlanmadan öncelik değildir.""}]"
v405-general-surgery-soguk-ekstremite,Soğuk ekstremite,"[""Soğuk ekstremite"", ""soğuk ekstremite"", ""soğuk bacak""]",Genel Cerrahi,Vasküler cerrahi / akut iskemi,P1,2,Ekstremite perfüzyonunun azalmasına bağlı cildin soğuk hale gelmesidir.,"Soğuk ekstremite akut arter tıkanıklığı veya ciddi şokta doku perfüzyonunun bozulduğunu gösterir. Ani ağrı, solukluk, nabız kaybı ve nörolojik bulgularla birlikte akut ekstremite iskemisi düşünülür.",Ani ağrı + soğuk-soluk ekstremite + nabız kaybı akut arter tıkanıklığıdır.,Kronik periferik arter hastalığında semptomlar daha yavaş gelişir; akut soğuk ekstremite saatler içinde karar gerektirir.,"[""Akut ekstremite iskemisi"", ""Embolektomi"", ""Heparinizasyon""]","[{""sourceFilePath"": ""src/data/cases.js::v177-new-127-ani-bacak-agrisi-ve-sogukluk.diagnosis.answerFeedback.keyClues[2]"", ""text"": ""Soluk-soğuk ekstremite ve distal nabız kaybı akut iskeminin temel bulgularıdır.""}]"
v405-general-surgery-tanisal-laparoskopi,Tanısal laparoskopi,"[""Tanısal laparoskopi"", ""tanısal laparoskopi"", ""laparoskopik eksplorasyon""]",Genel Cerrahi,Akut karın / minimal invaziv yaklaşım,P1,2,Karın içi patolojiyi doğrudan görmek ve gerekirse aynı seansta tedavi etmek için laparoskopik değerlendirmedir.,"Tanısal laparoskopi seçilmiş stabil akut karın olgularında hem tanı hem tedavi sağlar. Yaygın peritonit, ciddi distansiyon veya belirgin instabilite varsa açık yaklaşım gerekebilir.",Stabil ama tanısı belirsiz akut karında laparoskopi hem tanı hem tedavi sağlayabilir.,Hemodinamik instabil travma/peritonitte laparoskopi yerine acil laparotomi öncelik kazanabilir.,"[""Acil laparotomi"", ""Akut batın"", ""Laparoskopi""]","[{""sourceFilePath"": ""src/data/cases.js::v174-new-093-travma-sonrasi-karin-hassasiyeti.diagnosis.options[3]"", ""text"": ""Elektif tanısal laparoskopi planlayarak servise yatırmak""}]"
v405-general-surgery-yanik-yuzdesi,Yanık yüzdesi,"[""Yanık yüzdesi"", ""yanık yüzdesi"", ""yanık alanı yüzdesi"", ""vücut yüzey alanı""]",Genel Cerrahi,Yanık cerrahisi,P1,2,Yanıktan etkilenen toplam vücut yüzey alanının yüzdesidir.,"Yanık yüzdesi sıvı resüsitasyonu, sevk ve mortalite riskini belirler. Erişkinde Rule of Nines hızlı tahmin sağlar; çocuklarda Lund-Browder şeması yaşa göre daha doğrudur.",Parkland formülünde temel değişken yanık yüzdesidir.,Yüzeyel kızarıklık ile derin parsiyel/tam kat yanık aynı şekilde hesaplanmaz; klinik derinlik önemlidir.,"[""Parkland formülü"", ""Rule of nines"", ""Yanık resüsitasyonu""]","[{""sourceFilePath"": ""src/data/tusPearlCards.js::Yanıkta sıvı formülü.explanation"", ""text"": ""Kristalloid gereksinimi vücut ağırlığı ve yanık yüzdesine göre hesaplanır.""}]"
v405-general-surgery-hartmann-proseduru,Hartmann prosedürü,"[""Hartmann prosedürü"", ""Hartmann ameliyatı""]",Genel Cerrahi,Kolorektal cerrahi / acil operasyon,P1,1,Hastalıklı sigmoid/kolon segmentinin çıkarılıp distal güdüğün kapatıldığı ve uç kolostomi açıldığı ameliyattır.,"Hartmann prosedürü özellikle kontamine, instabil veya perforasyonlu divertikülit gibi acil kolorektal durumlarda güvenli seçenek olabilir. Primer anastomozun riskli olduğu hastada fekal akışı dışarı almak amaçlanır.",Perfore divertikülit + yaygın kontaminasyon/instabilite Hartmann prosedürünü gündeme getirir.,Stabil seçilmiş olguda primer anastomoz düşünülebilir; kontaminasyon ve instabilite Hartmann lehinedir.,"[""Akut divertikülit"", ""Peritonit"", ""Kolostomi""]","[{""sourceFilePath"": ""src/data/cases.js::v189-new-293-karin-sisligi-ve-gaz-cikaramama.diagnosis.options[0]"", ""text"": ""Acil laparotomi ile sigmoid rezeksiyon ve Hartmann prosedürü""}]"
v405-general-surgery-safra-kesesi,Safra kesesi,"[""Safra kesesi"", ""safra kesesi""]",Genel Cerrahi,Hepatobiliyer anatomi,P2,616,Karaciğer altında yer alan ve safrayı depolayıp yoğunlaştıran organdır.,"Safra kesesi taş, inflamasyon ve obstrüksiyon üzerinden akut kolesistit, biliyer kolik ve safra taşı ileusu gibi cerrahi tabloların merkezindedir. USG’de duvar kalınlığı, perikolesistik sıvı ve Murphy bulgusu birlikte yorumlanır.",Sağ üst kadran ağrısı sorularında safra kesesi USG bulguları tanı kararını güçlendirir.,Koledok taşı safra kesesinden farklı olarak ekstrahepatik safra kanalında obstrüksiyon ve kolanjit yapabilir.,"[""Safra taşı"", ""Akut kolesistit"", ""Koledokolitiazis""]","[{""sourceFilePath"": ""src/data/cases.js::v167-new-047-ates-ve-sag-ust-kadran-agrisi.diagnosis.answerFeedback.optionComparison.Akut dönemde yalnız laparoskopik kolesistektomi yapılması"", ""text"": ""Kolesistektomi safra taşı nüksünü önlemek için tablo kontrol altına alındıktan sonra planlanabilir. Bu hastada akut sorun safra kesesinden çok koledok düzeyindeki enfekte obstrüksiyondur; yalnız kolesistektomi akut kaynak kontrolünü yeterli biçimde sağlamaz.""}, {""sourceFilePath"": ""src/data/cases.js::v167-new-047-ates-ve-sag-ust-kadran-agrisi.diagnosis.answerFeedback.whyWrong.Akut dönemde yalnız laparoskopik kolesistektomi yapılması"", ""text"": ""Kolesistektomi safra taşı nüksünü önlemek için tablo kontrol altına alındıktan sonra planlanabilir. Bu hastada akut sorun safra kesesinden çok koledok düzeyindeki enfekte obstrüksiyondur; yalnız kolesistektomi akut kaynak kontrolünü yeterli biçimde sağlamaz.""}]"
v405-general-surgery-rezeksiyon,Rezeksiyon,"[""Rezeksiyon"", ""rezeksiyon"", ""cerrahi rezeksiyon""]",Genel Cerrahi,Cerrahi işlem jargonu,P2,44,Hastalıklı doku veya organ segmentinin cerrahi olarak çıkarılmasıdır.,"Rezeksiyon tümör, nekroz, perforasyon veya nonviable barsak gibi durumlarda kaynak veya hastalık kontrolü sağlar. Soru içinde rezeksiyon kelimesi çoğu zaman “sadece drenaj/medikal tedavi yetmez” anlamı taşır.",Nekrotik barsak veya rezektabl tümörde cerrahi rezeksiyon definitif kontrol sağlayabilir.,Drenaj sıvı/püy boşaltır; rezeksiyon hastalıklı dokuyu çıkarır.,"[""Barsak iskemisi"", ""Pankreas başı kanseri"", ""Hartmann prosedürü""]","[{""sourceFilePath"": ""src/data/cases.js::v189-new-293-karin-sisligi-ve-gaz-cikaramama.clinicalFocus"", ""text"": ""Sigmoid volvulusta iskemi veya peritonit bulgusu olmayan stabil hastada başlangıç dekompresyon basamağını acil rezeksiyon gerektiren tablodan ayırma.""}, {""sourceFilePath"": ""src/data/cases.js::v189-new-293-karin-sisligi-ve-gaz-cikaramama.diagnosis.options[0]"", ""text"": ""Acil laparotomi ile sigmoid rezeksiyon ve Hartmann prosedürü""}]"
v405-general-surgery-anal-kanal,Anal kanal,"[""Anal kanal"", ""anal kanal""]",Genel Cerrahi,Proktoloji anatomisi,P2,30,Rektumun distalinde dış ortama açılan sfinkterlerle çevrili son barsak segmentidir.,"Anal kanal fissür, hemoroid, fistül ve apse gibi proktolojik hastalıkların anatomik merkezidir. Dentat çizgi üstü-altı ağrı ve drenaj paterni açısından önemlidir.","Proktoloji sorularında lezyonun anal kanaldaki yeri ağrı, duyu ve tedavi kararını değiştirir.",Rektal patolojiler daha proksimal; anal kanal hastalıkları fissür/hemoroid/fistül şeklinde sorulur.,"[""Anal fissür"", ""Hemoroid"", ""Anal fistül""]","[{""sourceFilePath"": ""src/data/cases.js::v176-new-120-diskilama-sonrasi-anal-agri.diagnosis.answerFeedback.evidenceChain[2].text"", ""text"": ""Tuvalet kâğıdında az miktarda parlak kan → distal anal kanal kaynaklı sınırlı kanamayı destekler.""}, {""sourceFilePath"": ""src/data/cases.js::v176-new-120-diskilama-sonrasi-anal-agri.diagnosis.evidenceChain[2].text"", ""text"": ""Tuvalet kâğıdında az miktarda parlak kan → distal anal kanal kaynaklı sınırlı kanamayı destekler.""}]"
