id,term,aliases,subcategory,priority,shortDefinition,postAnswerExplanation,tusPearl,differentialPoint,safeNestedTerms,occurrenceCount,sourceTextExamples
v402-pharmacology-antikolinerjik-toksisite,Antikolinerjik toksisite,Antikolinerjik toksisite | antimuskarinik toksidrom | atropin toksisitesi,Toksikoloji / Otonom farmakoloji,P1,"Muskarinik blokaja bağlı kuru deri, midriyazis, taşikardi, hipertermi ve deliryum tablosudur.","Parasempatik muskarinik etkiler baskılanınca sekresyon azalır, barsak ve mesane motilitesi düşer, santral ajitasyon-deliryum gelişebilir. Sınavda kolinerjik toksidromla zıt klinik patern olarak öğretilir.",Kuru deri + midriyazis + taşikardi + deliryum antikolinerjik toksisite lehinedir.,Kolinerjik krizde salivasyon ve miyozis; antikolinerjikte kuruluk ve midriyazis ön plandadır.,Muskarinik reseptör | Atropin | Fizostigmin,0,Toksidrom bulguları || Toksidrom bulguları
v402-pharmacology-fizostigmin,Fizostigmin,Fizostigmin | fizostigmin antidotu,Toksikoloji / Otonom farmakoloji,P1,Santral sinir sistemine geçebilen geri dönüşümlü asetilkolinesteraz inhibitörüdür.,Seçilmiş ağır antikolinerjik deliryumda asetilkolin düzeyini artırarak santral muskarinik blokajı tersine çevirebilir. Ancak TCA gibi iletim bozukluğu yapan zehirlenmelerde dikkatli olunmalıdır.,Fizostigmin BBB geçer; bu nedenle santral antikolinerjik deliryumda teorik antidottur.,Pralidoksim organofosfat enzimi reaktive eder; fizostigmin asetilkolinesterazı geri dönüşümlü inhibe eder.,Antikolinerjik toksisite | Asetilkolinesteraz inhibisyonu | TCA toksisitesi,11,Fizostigmin uygulanması || Fizostigmin asetilkolinesteraz inhibitörüdür ve antikolinerjik toksisitede seçilmiş durumlarda düşünülebilir. Bu vakada zaten kolinesteraz aktivitesi baskılanmış ve asetilkolin fazlalığı bulguları vardır; ek kolinesteraz inhibisyonu toksisiteyi derinleştirir.
v402-pharmacology-parasetamol-toksisitesi,Parasetamol toksisitesi,Parasetamol toksisitesi | asetaminofen toksisitesi | parasetamol aşırı dozu,Toksikoloji / Analjezikler,P0,Aşırı dozda NAPQI birikimiyle hepatoselüler nekroza yol açabilen ilaç toksisitesidir.,Normal dozda parasetamol glukuronidasyon ve sülfatlama ile metabolize edilir; aşırı dozda CYP aracılı NAPQI üretimi artar ve glutatyon tükenirse hepatosit hasarı gelişir. Erken semptom az olsa bile geç hepatotoksisite riski belirleyicidir.,Parasetamol toksisitesi = NAPQI + glutatyon tüketimi + N-asetilsistein.,NSAİİ toksisitesi gastrointestinal/renal etkilerle; parasetamol toksisitesi hepatik metabolit birikimiyle ayırt edilir.,NAPQI | N-asetilsistein | Glutatyon,19,Parasetamol toksisitesi ve N-asetilsistein || Parasetamol toksisitesi ve N-asetilsistein
v402-pharmacology-kalsiyum-kanal-bloker-toksisitesi,Kalsiyum kanal bloker toksisitesi,Kalsiyum kanal bloker toksisitesi | KKB toksisitesi | kalsiyum kanal bloker zehirlenmesi,Toksikoloji / Kardiyovasküler ilaçlar,P0,"L tipi kalsiyum kanal blokajına bağlı bradikardi, hipotansiyon ve miyokard depresyonu tablosudur.","Non-dihidropiridinler AV nod ve miyokard üzerinde daha belirgin depresyon yaparken, pankreatik insülin salınımının baskılanması hiperglisemiye katkı sağlayabilir. Tedavide kalsiyum, vazopressör ve yüksek doz insülin-euglisemi desteği düşünülür.",Bradikardi + hipotansiyon + hiperglisemi KKB toksisitesini beta blokerden ayırmaya yardım eder.,Beta bloker toksisitesinde glukagon; KKB toksisitesinde yüksek doz insülin-euglisemi daha klasik vurgudur.,L tipi kalsiyum kanalı | Yüksek doz insülin-euglisemi tedavisi | Non-dihidropiridin KKB,4,"Kalsiyum kanal bloker zehirlenmesi || Kalsiyum kanal bloker toksisitesi pankreasta insülin salınımını azaltabilir, miyokardda kontraktiliteyi düşürür ve vazodilatasyonla şok yapabilir. Yüksek doz insülin, glukoz desteğiyle birlikte miyokardın enerji kullanımını destekler ve pozitif inotropik etki sağlayabilir."
v402-pharmacology-sodyum-bikarbonat-tedavisi,Sodyum bikarbonat tedavisi,Sodyum bikarbonat tedavisi | NaHCO3 tedavisi | bikarbonat tedavisi,Toksikoloji / Antidot yaklaşımı,P0,Sodyum kanal bloker toksisitesinde serum alkalinizasyonu ve sodyum yüküyle QRS daraltmayı hedefleyen tedavidir.,TCA gibi ilaçlarda hızlı sodyum kanalı blokajı geniş QRS ve aritmi riski yaratır. Sodyum bikarbonat hem sodyum gradyanını artırır hem de alkalinizasyonla ilacın kanala bağlanmasını azaltabilir.,Geniş QRS + TCA/sodyum kanal blokeri = sodyum bikarbonat.,Magnezyum torsades de pointes için; sodyum bikarbonat QRS genişlemesi için daha uygundur.,TCA toksisitesi | QRS genişlemesi | Sodyum kanal blokajı,0,Sodyum || Sodyum
v402-pharmacology-siproheptadin,Siproheptadin,Siproheptadin | cyproheptadine,Toksikoloji / Antidot,P1,Serotonin sendromunda kullanılan 5-HT2 reseptör antagonisti ilaçtır.,"Destek tedavisi, serotonerjik ilaçların kesilmesi ve sedasyon temeldir; ağır olgularda siproheptadin serotonin reseptör antagonizmasıyla semptom kontrolüne yardımcı olur.",Serotonin sendromunda spesifik farmakolojik seçenek siproheptadindir.,Dantrolen malign hipertermi/nöroleptik malign sendrom bağlamında; siproheptadin serotonin sendromunda düşünülür.,Serotonin sendromu | 5-HT2 reseptörü | SSRI,15,"Serotonin toksisitesinde sorumlu ilaçların kesilmesi, destek tedavisi, benzodiazepinle ajitasyon kontrolü ve orta-ağır olguda siproheptadin yaklaşımını NMS/malign hipertermiden ayırabilme. || İlaç kesilmesi, destek tedavi ve gerekirse siproheptadin klinik kararla başlatılır."
v402-pharmacology-suksinilkolin,Süksinilkolin,Süksinilkolin | suxamethonium,Nöromüsküler blokörler,P1,Nikotinik asetilkolin reseptöründe depolarizan nöromüsküler blok yapan ilaçtır.,"Başlangıçta fasikülasyon oluşturur, ardından sürekli depolarizasyon nedeniyle gevşek paralizi gelişir. Hiperkalemi ve malign hipertermi riski sınavlarda özellikle yan etki olarak sorgulanır.",Süksinilkolin = depolarizan blok + fasikülasyon + hiperkalemi riski.,Roküronyum nondepolarizan blokördür; süksinilkolin depolarizan mekanizmayla ayrılır.,Nikotinik reseptör | Malign hipertermi | Hiperkalemi,31,Uçucu anestezik ve süksinilkolin sonrası gelişen malign hipertermi paterninde dantrolenin iskelet kası ryanodin reseptörü-kalsiyum salınımı düzeyindeki etkisini ayırt etme. || Uçucu anestezik ve süksinilkolin sonrası gelişen bu tabloda dantrolenin temel etki mekanizması hangisidir?
v402-pharmacology-sodyum-kanal-blokaji,Sodyum kanal blokajı,Sodyum kanal blokajı | hızlı sodyum kanal blokajı,Antiaritmikler / Toksikoloji,P1,Kardiyak hızlı Na⁺ kanallarının inhibisyonu ile faz 0 depolarizasyon ve iletimin yavaşlamasıdır.,Sınıf I antiaritmikler terapötik olarak bu yolu kullanır; toksisitede QRS genişlemesi ve ventriküler aritmi riski doğar. TCA toksisitesi bu mekanizmanın klinik toksikoloji karşılığıdır.,"QRS genişliği iletim yavaşlamasını, QT uzaması repolarizasyon gecikmesini düşündürür.",Potasyum kanal blokajı QT uzaması ve torsades riskini artırır; sodyum kanal blokajı QRS genişletir.,Sınıf I antiaritmik | QRS genişlemesi | TCA toksisitesi,12,QRS süresinin geniş olmaması → bu soruda temel hedefin sodyum kanal blokajı değil beta-reseptör downstream sinyalinin bypass edilmesi olduğunu destekler. || QRS süresinin geniş olmaması → bu soruda temel hedefin sodyum kanal blokajı değil beta-reseptör downstream sinyalinin bypass edilmesi olduğunu destekler.
v402-pharmacology-potasyum-kanal-blokaji,Potasyum kanal blokajı,Potasyum kanal blokajı | K+ kanal blokajı,Antiaritmikler,P1,Kardiyak repolarizasyonu uzatarak aksiyon potansiyeli süresini ve refrakterliği artıran etkidir.,Sınıf III antiaritmiklerin temel etkisidir; atriyal ve ventriküler dokuda refrakterliği uzatır. Ancak QT uzaması ve torsades de pointes riski en önemli sınav tuzağıdır.,Sotalol/amiodaron = sınıf III etki; QT uzaması ve torsades riski akılda tutulur.,Sodyum kanal blokajı QRS; potasyum kanal blokajı QT ile ilişkilidir.,Sınıf III antiaritmik | QT uzaması | Torsades de pointes,0,Nikotinik reseptör kanalını nondepolarizan biçimde bloke etmesi || Potasyum
v402-pharmacology-bradikinin-artisi,Bradikinin artışı,Bradikinin artışı | bradikinin birikimi,Kardiyovasküler farmakoloji,P1,ACE inhibitörlerinde bradikinin yıkımının azalmasına bağlı öksürük ve anjiyoödem mekanizmasıdır.,ACE sadece anjiyotensin II üretiminde değil bradikinin yıkımında da rol alır. Bu nedenle ACE inhibitörü kullanan hastada kuru öksürük veya anjiyoödem gelişmesi sınıf etkisi olarak düşünülür.,ACE inhibitörü öksürüğünün mekanizması bradikinin artışıdır.,ARB anjiyotensin reseptörünü bloke eder; bradikinin artışı daha az beklenir.,ACE inhibitörü | Anjiyoödem | ARB,10,ACE inhibitörleri bradikinin yıkımını azalttığı için bradikinin birikimi kuru öksürük ve anjiyoödemden sorumludur. Anjiyotensin II ve aldosteron azalır; endotelin-1 ve vazopressin bu klasik yan etkinin temel mediyatörü değildir. ACE inhibitörleri anjiyotensin I’in anjiyotensin II’ye dönüşümünü azaltırken bradikinin yıkımını da azaltır. Bradikinin yıkımı azaldığı için birikir ve kuru öksürük ile anjiyoödemden sorumludur. TUS açısından ayırıcı nokta: ACE inhibitörü yan etkilerinde ana sınav bağlan || ACE inhibitörleri bradikinin yıkımını azalttığı için bradikinin birikimi kuru öksürük ve anjiyoödemden sorumludur. Anjiyotensin II ve aldosteron azalır; endotelin-1 ve vazopressin bu klasik yan etkinin temel mediyatörü değildir. ACE inhibitörleri anjiyotensin I’in anjiyotensin II’ye dönüşümünü azaltırken bradikinin yıkımını da azaltır. Bradikinin yıkımı azaldığı için birikir ve kuru öksürük ile anjiyoödemden sorumludur. TUS açısından ayırıcı nokta: ACE inhibitörü yan etkilerinde ana sınav bağlan
v402-pharmacology-mannitol,Mannitol,Mannitol | osmotik diüretik mannitol,Diüretikler,P1,Filtratta kalan ve osmotik gradyanla su atılımını artıran osmotik diüretiktir.,Plazma osmolalitesini artırarak beyin ödeminde suyu damar içine çekebilir; ancak kalp yetmezliğinde intravasküler hacmi artırarak pulmoner ödemi kötüleştirebilir.,Mannitol = reseptör değil osmotik gradyan mekanizması.,Furosemid pulmoner ödemde yararlı olabilir; mannitol hacim yükü nedeniyle riskli olabilir.,Osmotik gradyan | Beyin ödemi | Pulmoner ödem,22,Mannitol osmotik diüretiktir ve filtratta su tutar; asetazolamidin ayırıcı hedefi karbonik anhidrazdır. || Mannitol kontrendikasyonu
v402-pharmacology-dpp-4-inhibitoru,DPP-4 inhibitörü,DPP-4 inhibitörü | sitagliptin | vildagliptin,Diyabet ilaçları,P1,Endojen inkretinlerin yıkımını azaltarak GLP-1/GIP etkisini artıran oral antidiyabetik sınıftır.,İnsülin salınımını glukoz bağımlı şekilde destekler ve glukagonu azaltır. Kilo üzerine nötr etkisi ve GLP-1 agonistlerine göre daha mütevazı etkinliğiyle ayrılır.,DPP-4 inhibitörü endojen inkretini korur; GLP-1 agonisti reseptörü doğrudan uyarır.,GLP-1 agonistlerinde kilo kaybı ve gastrointestinal yan etki daha belirgindir.,İnkretin | GLP-1 reseptör agonisti | Glukagon,3,"Yanlıştır. DPP-4 inhibisyonu sitagliptin, linagliptin gibi ilaçların mekanizmasıdır. İnkretin etkisinin uzaması SGLT2 inhibitörlerinin temel etkisi değildir ve öglisemik ketoasidoz mekanizmasını açıklamaz. || Yanlıştır. DPP-4 inhibisyonu sitagliptin, linagliptin gibi ilaçların mekanizmasıdır. İnkretin etkisinin uzaması SGLT2 inhibitörlerinin temel etkisi değildir ve öglisemik ketoasidoz mekanizmasını açıklamaz."
v402-pharmacology-metformin-laktik-asidoz-riski,Metformin laktik asidoz riski,Metformin laktik asidoz riski | metformin ilişkili laktik asidoz,Diyabet ilaçları / Toksisite,P1,Metformin kullanımında özellikle böbrek yetmezliği/hipoksi zemininde laktat birikimi riskidir.,Metformin hepatik glukoneogenezi azaltır ve mitokondriyal solunum zinciri etkileriyle laktat metabolizmasını değiştirebilir. Böbrek fonksiyon bozukluğu veya hipoperfüzyon varsa laktik asidoz riski klinik olarak önem kazanır.,Metformin kontrast/böbrek yetmezliği/hipoksi bağlamında laktik asidoz açısından sorgulanır.,Sülfonilüre toksisitesi hipoglisemi; metformin riski laktik asidoz yönündedir.,Metformin | Laktat yüksekliği | Böbrek yetmezliği,3,Yanlıştır. Mitokondriyal kompleks I inhibisyonu ve laktat birikimi daha çok metformin ilişkili laktik asidoz ile ilişkilendirilir. Burada temel sorun laktat değil keton cisimlerinin artmasıdır. || Yanlıştır. Mitokondriyal kompleks I inhibisyonu ve laktat birikimi daha çok metformin ilişkili laktik asidoz ile ilişkilendirilir. Burada temel sorun laktat değil keton cisimlerinin artmasıdır.
v402-pharmacology-sulfonilure,Sülfonilüre,Sülfonilüre | glibenklamid | glipizid,Diyabet ilaçları,P1,Pankreas beta hücresinde ATP duyarlı K⁺ kanalını kapatarak insülin salınımını artıran ilaç sınıfıdır.,"Kanal kapanınca hücre depolarize olur, kalsiyum girişi artar ve insülin salınır. Glukozdan daha bağımsız etki nedeniyle hipoglisemi ve kilo alımı klasik yan etkilerdir.",Sülfonilüre = insulin salgılatıcı + hipoglisemi + kilo alımı.,GLP-1 agonistleri glukoz bağımlı etki ve kilo kaybı eğilimiyle ayrılır.,ATP duyarlı K kanalı | İnsülin salınımı | Hipoglisemi,4,"Doğru cevap B’dir. SGLT2 inhibitörleri proksimal tübülde glukoz geri emilimini azaltır ve glukozüri oluşturur. Glukoz düzeyi çok yükselmeden kalabildiği için klasik diyabetik ketoasidozdaki belirgin hiperglisemi görülmeyebilir; ancak relatif insülin azalması ve glukagon baskınlığı yağ asidi oksidasyonu ile keton üretimini artırır. Bu nedenle tablo “öglisemik” olabilir. “Mitokondriyal kompleks I inhibisyonu ile laktat birikimini artırması” seçeneği metforminle ilişkili laktik asidoz mantığına, “P || Doğru cevap B’dir. SGLT2 inhibitörleri proksimal tübülde glukoz geri emilimini azaltır ve glukozüri oluşturur. Glukoz düzeyi çok yükselmeden kalabildiği için klasik diyabetik ketoasidozdaki belirgin hiperglisemi görülmeyebilir; ancak relatif insülin azalması ve glukagon baskınlığı yağ asidi oksidasyonu ile keton üretimini artırır. Bu nedenle tablo “öglisemik” olabilir. “Mitokondriyal kompleks I inhibisyonu ile laktat birikimini artırması” seçeneği metforminle ilişkili laktik asidoz mantığına, “P"
v402-pharmacology-tiazolidindion,Tiazolidindion,Tiazolidindion | pioglitazon | PPAR-gamma agonisti,Diyabet ilaçları,P1,PPAR-γ aktivasyonu ile insülin duyarlılığını artıran antidiyabetik ilaç sınıfıdır.,"Adipoz doku ve periferik dokularda gen ekspresyonunu değiştirerek insülin direncini azaltır. Kilo alımı, ödem, kalp yetmezliğini kötüleştirme ve kırık riski sınavda önemlidir.",Pioglitazon = PPAR-γ agonisti + ödem/kalp yetmezliği riski.,Metformin kilo nötr/azaltıcı olabilir; tiazolidindion kilo alımı ve ödemle ayrılır.,PPAR-gamma | İnsülin direnci | Ödem,0,"Bu yaklaşım toksidromun nedenini ortadan kaldırır ve hipertermi, ajitasyon ile nöromüsküler hiperaktiviteyi hedefler. Klonus/hiperrefleksi baskın olduğu için dopamin agonisti veya rijidite odaklı tedavi öncelikli değildir. || Bu yaklaşım toksidromun nedenini ortadan kaldırır ve hipertermi, ajitasyon ile nöromüsküler hiperaktiviteyi hedefler. Klonus/hiperrefleksi baskın olduğu için dopamin agonisti veya rijidite odaklı tedavi öncelikli değildir."
v402-pharmacology-dabigatran,Dabigatran,Dabigatran | direkt trombin inhibitörü dabigatran,Antikoagülanlar,P1,Trombini doğrudan inhibe eden oral antikoagülandır.,Fibrinojenin fibrine dönüşümünü engelleyerek antikoagülasyon sağlar. Spesifik geri çevirici ajanı idarucizumabdır; bu eşleşme TUS için yüksek verimlidir.,Dabigatran antidotu idarucizumabdır.,Rivaroksaban/apiksaban faktör Xa inhibitörüdür; dabigatran trombin inhibitörüdür.,Trombin | İdarucizumab | DOAC,22,"Trombinin fibrinojeni fibrine çevirmesini doğrudan inhibe etmek dabigatran veya parenteral direkt trombin inhibitörleriyle ilişkilidir. Klopidogrel fibrin oluşumunu doğrudan değil, primer hemostazdaki trombosit aktivasyonunu baskılar. || Trombinin fibrinojeni fibrine çevirmesini doğrudan inhibe etmek dabigatran veya parenteral direkt trombin inhibitörleriyle ilişkilidir. Klopidogrel fibrin oluşumunu doğrudan değil, primer hemostazdaki trombosit aktivasyonunu baskılar."
v402-pharmacology-faktor-xa-inhibitoru,Faktör Xa inhibitörü,Faktör Xa inhibitörü | rivaroksaban | apiksaban | edoksaban,Antikoagülanlar,P1,Faktör Xa’yı doğrudan inhibe ederek trombin oluşumunu azaltan oral antikoagülan sınıfıdır.,Koagülasyon kaskadında ortak yol üzerindeki Xa baskılanır. Geri çevirme ihtiyacında andexanet alfa eşleşmesi sınavlarda önemlidir.,Rivaroksaban/apiksaban = faktör Xa inhibitörü; antidot andexanet alfa.,Dabigatran trombin inhibitörüdür; faktör Xa inhibitörlerinden hedefi farklıdır.,Faktör Xa | Andexanet alfa | DOAC,17,"Yanlıştır. Faktör Xa’nın doğrudan inhibisyonu rivaroksaban, apiksaban gibi ilaçların mekanizmasıdır. Protamin faktör Xa inhibitörü değildir. || Yanlıştır. Faktör Xa’nın doğrudan inhibisyonu rivaroksaban, apiksaban gibi ilaçların mekanizmasıdır. Protamin faktör Xa inhibitörü değildir."
v402-pharmacology-aspirin-cox-1-inhibisyonu,Aspirin COX-1 inhibisyonu,Aspirin COX-1 inhibisyonu | aspirin trombosit etkisi,Antiplatelet ilaçlar,P1,Aspirinin trombosit COX-1 enzimini irreversibl inhibe ederek TXA2 üretimini azaltmasıdır.,Trombosit çekirdeksiz olduğu için yeni enzim sentezleyemez; etki trombosit ömrü boyunca sürer. Bu nedenle düşük doz aspirin antiplatelet tedavide kullanılır.,Aspirin trombosit etkisi irreversibl COX-1 inhibisyonudur.,Klopidogrel P2Y12 ADP reseptörünü bloke eder; aspirin COX/TXA2 yolunu hedefler.,COX-1 | Tromboksan A2 | Trombosit,0,"Lökotrien aracılı inflamasyon astım veya aspirinle alevlenen solunum hastalığında hışıltı/bronkokonstriksiyonla daha belirgindir. Bu hastada hışıltı, astım öyküsü ve inflamatuvar bulgu yoktur. || Lökotrien aracılı inflamasyon astım veya aspirinle alevlenen solunum hastalığında hışıltı/bronkokonstriksiyonla daha belirgindir. Bu hastada hışıltı, astım öyküsü ve inflamatuvar bulgu yoktur."
v402-pharmacology-traneksamik-asit,Traneksamik asit,Traneksamik asit | TXA,Hemostatik ilaçlar,P1,Plazminojen aktivasyonunu inhibe ederek fibrinolizi azaltan antifibrinolitik ilaçtır.,Travma veya postpartum kanama gibi kanama durumlarında pıhtının yıkımını azaltarak hemostaza destek olabilir. Mekanizma pıhtı yapmaktan çok pıhtının erken çözülmesini azaltmaktır.,Traneksamik asit antifibrinolitiktir; fibrinolizi baskılar.,Alteplaz pıhtı yıkımını artırır; traneksamik asit pıhtı yıkımını azaltır.,Fibrinoliz | Plazminojen | Postpartum kanama,0,
v402-pharmacology-beta-laktam-halkasi,Beta-laktam halkası,Beta-laktam halkası | beta laktam antibiyotik,Antibiyotik farmakolojisi,P1,Penisilin ve sefalosporinlerin bakteri hücre duvarı sentezini bozmasını sağlayan temel yapısal halkadır.,Beta-laktamlar PBP/transpeptidaz enzimlerine bağlanarak peptidoglikan çapraz bağlanmasını engeller. Beta-laktamazlar bu halkayı hidrolize ederek direnç oluşturabilir.,Beta-laktamlar hücre duvarı sentezini PBP üzerinden bozar.,Vankomisin D-Ala-D-Ala’ya bağlanır; beta-laktamlar PBP’yi hedefler.,PBP | Peptidoglikan | Beta-laktamaz,0,Yakın zamanda eklenen bazı antibiyotikler varfarin etkisini artırabilir; bu bilgi INR yüksekliğinin bağlamını güçlendirir ancak acil yaklaşım kanamanın şiddetine göre belirlenir. || Yakın zamanda eklenen bazı antibiyotikler varfarin etkisini artırabilir; bu bilgi INR yüksekliğinin bağlamını güçlendirir ancak acil yaklaşım kanamanın şiddetine göre belirlenir.
v402-pharmacology-beta-laktamaz-inhibitoru,Beta-laktamaz inhibitörü,Beta-laktamaz inhibitörü | klavulanat | tazobaktam | sulbaktam,Antibiyotik farmakolojisi,P1,Beta-laktamaz enzimlerini inhibe ederek eşlik eden beta-laktam antibiyotiği koruyan ajanlardır.,Tek başına ana antibakteriyel etki sınırlıdır; amoksisilin-klavulanat veya piperasilin-tazobaktam gibi kombinasyonlarda direnç enzimini bloke eder.,Klavulanat antibiyotiği değil beta-laktamazı hedefler.,MRSA’da mecA/PBP2a sorunu vardır; klasik beta-laktamaz inhibitörü bu direnci çözmez.,Beta-laktamaz | Beta-laktam halkası | PBP2a,0,Kapalı alanda insektisit maruziyeti → kolinesteraz inhibitörüyle uyumlu toksik maruziyet bağlamı oluşturur. || Kapalı alanda insektisit maruziyeti → kolinesteraz inhibitörüyle uyumlu toksik maruziyet bağlamı oluşturur.
v402-pharmacology-vankomisin-infuzyon-reaksiyonu,Vankomisin infüzyon reaksiyonu,Vankomisin infüzyon reaksiyonu | red man sendromu | kırmızı adam sendromu,Antibiyotik yan etkileri,P1,Vankomisinin hızlı infüzyonuna bağlı histamin aracılı flushing ve hipotansiyon reaksiyonudur.,İmmün IgE aracılı anafilaksiden farklı olarak hız bağımlı anafilaktoid histamin salınımı söz konusudur. İnfüzyonu yavaşlatmak ve antihistaminik vermek gerekebilir.,Vankomisin hızlı verilirse red man sendromu yapabilir.,Anafilakside IgE ve bronkospazm/dolaşım çöküşü öne çıkar; red man sendromu infüzyon hızıyla ilişkilidir.,Vankomisin | Histamin salınımı | Anafilaktoid reaksiyon,6,Kızarma (red man) sendromu. || Kızarma (red man) sendromu.
v402-pharmacology-aminoglikozid-nefrotoksisitesi,Aminoglikozid nefrotoksisitesi,Aminoglikozid nefrotoksisitesi | aminoglikozid böbrek toksisitesi,Antibiyotik yan etkileri,P1,Aminoglikozidlerin proksimal tübül hasarı ile böbrek fonksiyonunu bozabilmesidir.,Gentamisin gibi aminoglikozidler böbrekte birikebilir ve nonoligürik akut böbrek hasarı yapabilir. Ototoksisite ile birlikte sınavlarda doz/izlem gerekliliğini öğretir.,Aminoglikozid = nefrotoksisite + ototoksisite.,Vankomisin de nefrotoksik olabilir; aminoglikozidde ototoksisite ve nöromüsküler blokaj eşlik edebilir.,Aminoglikozid | Ototoksisite | Proksimal tübül,0,"CK, elektrolit ve böbrek fonksiyon izlemi || CK, elektrolit ve böbrek fonksiyon izlemi"
v402-pharmacology-aminoglikozid-ototoksisitesi,Aminoglikozid ototoksisitesi,Aminoglikozid ototoksisitesi | aminoglikozid işitme toksisitesi,Antibiyotik yan etkileri,P1,Aminoglikozidlerin iç kulak saçlı hücre hasarı ile işitme/denge bozukluğu yapabilmesidir.,Ototoksisite bazen geri dönüşsüz olabilir ve loop diüretiklerle risk artabilir. Bu yan etki antibiyotik seçimi ve ilaç düzeyi izleminin neden önemli olduğunu öğretir.,Aminoglikozid + loop diüretik birlikte ototoksisite riskini artırabilir.,Makrolidler QT uzaması; aminoglikozidler oto-nefrotoksisite ile öne çıkar.,Aminoglikozid | Loop diüretik | Saçlı hücre,0,v185-new-220-tedavi-sonrasi-isitme-azalmasi || Tedavi sonrası işitme azalması
v402-pharmacology-makrolid-qt-uzamasi,Makrolid QT uzaması,Makrolid QT uzaması | eritromisin QT uzaması | azitromisin QT riski,Antibiyotik yan etkileri,P1,Makrolidlerin kardiyak repolarizasyonu uzatarak QT uzaması ve torsades riskini artırabilmesidir.,Makrolidler CYP etkileşimi ve hERG kanal etkileriyle bazı hastalarda proaritmik risk oluşturabilir. Eşlik eden hipokalemi veya başka QT uzatan ilaçlar riski artırır.,Makrolid + QT uzaması/torsades riski klasik yan etkidir.,Aminoglikozidler oto-nefrotoksisite; makrolidler QT ve CYP etkileşimiyle ayrılır.,Makrolid | QT uzaması | Torsades de pointes,0,PR uzaması ve dönemsel iletim yavaşlaması || PR uzaması ve dönemsel iletim yavaşlaması
v402-pharmacology-tetrasiklin-dis-kemik-etkisi,Tetrasiklin diş-kemik etkisi,Tetrasiklin diş-kemik etkisi | tetrasiklin diş boyanması,Antibiyotik yan etkileri,P1,Tetrasiklinlerin kalsiyuma bağlanarak gelişen diş ve kemikte birikebilmesidir.,Gebelikte ve küçük çocuklarda diş renklenmesi ve kemik büyümesi üzerine olumsuz etki nedeniyle kullanılmaz. Kalsiyum/metal katyonlarla şelasyon emilimi de azaltır.,Tetrasiklin gebelik ve çocukta diş-kemik etkisi nedeniyle kaçınılır.,Florokinolonlar tendon/kıkırdak; tetrasiklinler diş-kemik ve fotosensitivite ile öne çıkar.,Tetrasiklin | Şelasyon | Fotosensitivite,0,"Glukagonun antidotal etkisini beta-agonizm, M2 blokajı, sodyum kanal tedavisi ve fosfodiesteraz inhibisyonundan ayırabilme. || Beta-bloker toksisitesinde glukagon beta reseptörünü bypass ederek Gs-adenilat siklaz-cAMP yolunu artırır; QRS genişliği baskınsa sodyum kanal etkisi ayrıca değerlendirilir."
v402-pharmacology-florokinolon-tendinopatisi,Florokinolon tendinopatisi,Florokinolon tendinopatisi | kinolon tendon rüptürü,Antibiyotik yan etkileri,P1,Florokinolonların tendon hasarı ve tendon rüptürü riskini artırabilmesidir.,"Yaşlı, steroid kullanan veya böbrek hastalığı olan hastalarda risk daha önemlidir. Ayrıca QT uzaması, disglisemi ve kıkırdak gelişimiyle ilgili uyarılar sınav değerini artırır.",Florokinolon = DNA giraz/topoizomeraz IV + tendon riski.,Tetrasiklin diş-kemik; florokinolon tendon/kıkırdak ve QT riskiyle ayrılır.,Florokinolon | DNA giraz | Topoizomeraz IV,0,"DNA giraz/topoizomeraz IV inhibisyonu florokinolonların mekanizmasıdır ve tendon toksisitesi, QT uzaması veya kıkırdak uyarıları gibi farklı güvenlik başlıklarıyla anılır. Bu vakadaki gentamisin düzeyi, renal birikim ve işitme-vestibüler bulgular aminoglikozid mekanizmasını destekler. || DNA giraz/topoizomeraz IV inhibisyonu florokinolonların mekanizmasıdır ve tendon toksisitesi, QT uzaması veya kıkırdak uyarıları gibi farklı güvenlik başlıklarıyla anılır. Bu vakadaki gentamisin düzeyi, renal birikim ve işitme-vestibüler bulgular aminoglikozid mekanizmasını destekler."
v402-pharmacology-metronidazol-disulfiram-benzeri-reaksiyon,Metronidazol disülfiram benzeri reaksiyon,Metronidazol disülfiram benzeri reaksiyon | metronidazol alkol reaksiyonu,Antimikrobiyal yan etkiler,P1,"Metronidazol ile alkol alımında flushing, bulantı, taşikardi benzeri reaksiyon gelişebilmesidir.",Klinik öğretici nokta anaerob/protozoon tedavisinde alkol uyarısıdır. Ayrıca metalik tat ve periferik nöropati gibi yan etkiler de akılda tutulur.,Metronidazol kullanırken alkol alınmamalıdır; disülfiram benzeri reaksiyon sorulabilir.,Disülfiram alkol bağımlılığında asetaldehit dehidrogenazı hedefler; metronidazol yan etki bağlamında benzer tablo yapabilir.,Metronidazol | Anaerob tedavisi | Alkol,0,Presinaptik asetilkolin salınımının azaltılması botulinum toksini benzeri bir mekanizmadır. Organofosfat zehirlenmesinde problem salınım artışından çok yıkımın engellenmesi ve sinaptik birikimdir. || Presinaptik asetilkolin salınımının azaltılması botulinum toksini benzeri bir mekanizmadır. Organofosfat zehirlenmesinde problem salınım artışından çok yıkımın engellenmesi ve sinaptik birikimdir.
v402-pharmacology-izoniazid-noropatisi,İzoniazid nöropatisi,İzoniazid nöropatisi | INH nöropatisi,Antitüberküloz ilaçlar,P1,İzoniazidin piridoksin eksikliğine bağlı periferik nöropati yapabilmesidir.,İzoniazid B6 metabolizmasını etkileyerek nöropati ve nöbet riskini artırabilir; bu nedenle piridoksin desteği özellikle riskli hastalarda önemlidir. Hepatotoksisite de takip edilmelidir.,İzoniazid kullanırken periferik nöropatiyi önlemek için piridoksin verilir.,Etambutol optik nörit; izoniazid periferik nöropati ve hepatotoksisite ile öne çıkar.,İzoniazid | Piridoksin | Periferik nöropati,0,"Hasta yaklaşık altı saat önce çok sayıda parasetamol tableti aldığını, tablet sayısını net hatırlamadığını söylemektedir. İlk saatlerde belirgin yakınması yokken son birkaç saatte bulantı ve epigastrik/sağ üst kadran rahatsızlığı başlamıştır. Kronik alkol kullanımı, izoniazid tedavisi veya bilinen kronik karaciğer hastalığı öyküsü yoktur. Acil serviste alım zamanı bilindiği için serum düzeyi ve başlangıç karaciğer testleri birlikte değerlendirilir. Tedavi kararı, klinik olarak ağır karaciğer yet || Hasta yaklaşık altı saat önce çok sayıda parasetamol tableti aldığını, tablet sayısını net hatırlamadığını söylemektedir. İlk saatlerde belirgin yakınması yokken son birkaç saatte bulantı ve epigastrik/sağ üst kadran rahatsızlığı başlamıştır. Kronik alkol kullanımı, izoniazid tedavisi veya bilinen kronik karaciğer hastalığı öyküsü yoktur. Acil serviste alım zamanı bilindiği için serum düzeyi ve başlangıç karaciğer testleri birlikte değerlendirilir. Tedavi kararı, klinik olarak ağır karaciğer yet"
v402-pharmacology-rifampisin-cyp-induksiyonu,Rifampisin CYP indüksiyonu,Rifampisin CYP indüksiyonu | rifampin CYP indüksiyonu,Antitüberküloz ilaçlar,P1,Rifampisinin hepatik CYP enzimlerini güçlü indükleyerek ilaç düzeylerini azaltmasıdır.,"Oral kontraseptif, warfarin ve birçok antiretroviral ilaçla etkileşim klinik açıdan önemlidir. Turuncu vücut sıvıları sınavlarda klasik ipucudur.",Rifampisin güçlü CYP indükleyicidir.,Azol antifungaller genellikle CYP inhibitörü; rifampisin indükleyici olarak ayrılır.,Rifampisin | CYP450 | İlaç etkileşimi,2,"Etambutol optik nörit, rifampisin CYP indüksiyonu/turuncu sekresyon, pirazinamid hiperürisemi ile ayrılır. || Etambutol optik nörit, rifampisin CYP indüksiyonu/turuncu sekresyon, pirazinamid hiperürisemi ile ayrılır."
v402-pharmacology-etambutol-optik-norit,Etambutol optik nörit,Etambutol optik nörit | etambutol görme toksisitesi,Antitüberküloz ilaçlar,P1,Etambutolün optik nörit ve kırmızı-yeşil renk görme bozukluğu yapabilmesidir.,Tedavi sırasında görme yakınması gelişirse ilaç yan etkisi akla gelmelidir. Bu toksisite antitüberküloz ilaçların ayırıcı yan etkileri içinde sık sorulur.,Etambutol = optik nörit ve kırmızı-yeşil renk körlüğü.,İzoniazid periferik nöropati; rifampisin CYP indüksiyonu; etambutol optik nöritle ayrılır.,Etambutol | Optik nörit | Tüberküloz tedavisi,4,"Etambutol optik nörit, rifampisin CYP indüksiyonu/turuncu sekresyon, pirazinamid hiperürisemi ile ayrılır. || Streptomisin ototoksisite, izoniazid periferik nöropati, etambutol optik nörit ile ayrılır."
v402-pharmacology-linezolid-mao-inhibisyonu,Linezolid MAO inhibisyonu,Linezolid MAO inhibisyonu | linezolid serotonin sendromu riski,Antibiyotik yan etkileri,P1,Linezolidin zayıf MAO inhibitör etkisi nedeniyle serotonerjik ilaçlarla serotonin sendromu riskidir.,"MRSA/VRE gibi dirençli Gram pozitiflerde kullanılan linezolid, SSRI gibi ilaçlarla etkileşebilir. Uzun kullanımda kemik iliği baskılanması ve periferik/optik nöropati de önemlidir.",Linezolid + SSRI = serotonin sendromu riski.,Vankomisin infüzyon reaksiyonu; linezolid MAO inhibisyonu ve miyelosupresyonla ayrılır.,Linezolid | MAO inhibitörü | Serotonin sendromu,0,"Serotonin toksisitesinde sorumlu ilaçların kesilmesi, destek tedavisi, benzodiazepinle ajitasyon kontrolü ve orta-ağır olguda siproheptadin yaklaşımını NMS/malign hipertermiden ayırabilme. || Hasta depresyon nedeniyle düzenli SSRI kullanmaktadır ve iki gün önce dirençli yumuşak doku enfeksiyonu için linezolid başlanmıştır. Yakınları aynı gün içinde hastanın giderek huzursuzlaştığını, belirgin terlediğini, titrediğini ve sık dışkıladığını belirtir. Alkol veya uyarıcı madde kullanımı tariflenmez; son haftalarda antipsikotik başlanmamış veya dozu artırılmamıştır. Evde bilinç kaybı ya da nöbet gözlenmemiştir. Acil serviste çevresine karşı irrite, yerinde duramayan ve ateşli görünmektedir"
v402-pharmacology-amfoterisin-b-nefrotoksisitesi,Amfoterisin B nefrotoksisitesi,Amfoterisin B nefrotoksisitesi | amphotericin B nefrotoksisite,Antifungal yan etkileri,P1,Amfoterisin B’nin böbrek tübüler hasarı ve elektrolit kaybı yapabilmesidir.,Ergosterole bağlanarak fungal membranda por oluşturur; insan hücre membran etkileri ve renal vazokonstriksiyon/tübüler hasar toksisiteye katkı sağlar. Hipokalemi ve hipomagnezemi takip edilir.,Amfoterisin B = geniş antifungal etki + nefrotoksisite.,Azoller ergosterol sentezini inhibe eder; amfoterisin membranda por oluşturur.,Amfoterisin B | Ergosterol | Hipokalemi,0,Aminoglikozidler 30S’e bağlanıp yanlış okumaya neden olur; konsantrasyon bağımlı bakterisidal etki gösterir ve ototoksisite/nefrotoksisite riski renal fonksiyonla yakından ilişkilidir. || Aminoglikozidler 30S’e bağlanıp yanlış okumaya neden olur; konsantrasyon bağımlı bakterisidal etki gösterir ve ototoksisite/nefrotoksisite riski renal fonksiyonla yakından ilişkilidir.
v402-pharmacology-azol-cyp-inhibisyonu,Azol CYP inhibisyonu,Azol CYP inhibisyonu | azol antifungal CYP inhibisyonu,Antifungal farmakoloji,P1,Azol antifungallerin CYP enzimlerini inhibe ederek ilaç etkileşimi yapabilmesidir.,"Azoller 14-alfa demetilazı inhibe ederek ergosterol sentezini azaltır; aynı zamanda hepatik CYP inhibisyonu nedeniyle warfarin, statin ve diğer ilaç düzeylerini artırabilir.",Azol antifungal = ergosterol sentez inhibisyonu + CYP etkileşimi.,Rifampisin CYP indükler; azoller CYP inhibe eder.,Azol antifungal | CYP450 | Ergosterol,0,
v402-pharmacology-ekinokandin,Ekinokandin,Ekinokandin | kaspofungin | mikafungin,Antifungal farmakoloji,P1,Fungal hücre duvarında beta-glukan sentezini inhibe eden antifungal sınıftır.,Memeli hücrelerinde hücre duvarı olmadığı için hedef seçiciliği yüksektir. Candida ve Aspergillus bağlamında klinik kullanımı vardır.,Ekinokandin = beta-glukan sentez inhibitörü.,Azoller ergosterol sentezini; amfoterisin B ergosterole bağlanmayı hedefler.,Beta-glukan sentaz | Candida | Aspergillus,0,
v402-pharmacology-ssri,SSRI,SSRI | selektif serotonin geri alım inhibitörü,Psikofarmakoloji,P1,Serotonin geri alımını inhibe ederek sinaptik serotonin etkisini artıran antidepresan sınıfıdır.,"Depresyon ve anksiyete bozukluklarında kullanılır; gastrointestinal yan etki, cinsel işlev bozukluğu, serotonin sendromu ve kesilme semptomları önemlidir.",SSRI toksisitesi TCA’ya göre genelde daha güvenlidir; serotonin sendromu etkileşimle önem kazanır.,TCA antikolinerjik ve kardiyotoksik; SSRI serotonerjik yan etkilerle ayrılır.,Serotonin sendromu | SERT | Cinsel yan etki,32,"Hasta depresyon nedeniyle düzenli SSRI kullanmaktadır ve iki gün önce dirençli yumuşak doku enfeksiyonu için linezolid başlanmıştır. Yakınları aynı gün içinde hastanın giderek huzursuzlaştığını, belirgin terlediğini, titrediğini ve sık dışkıladığını belirtir. Alkol veya uyarıcı madde kullanımı tariflenmez; son haftalarda antipsikotik başlanmamış veya dozu artırılmamıştır. Evde bilinç kaybı ya da nöbet gözlenmemiştir. Acil serviste çevresine karşı irrite, yerinde duramayan ve ateşli görünmektedir || SSRI kullanımı üzerine linezolid başlanmasından sonra ajitasyon, terleme, ishal, hipertermi, hiperrefleksi ve klonus gelişmiştir."
v402-pharmacology-mao-inhibitoru,MAO inhibitörü,MAO inhibitörü | monoamin oksidaz inhibitörü,Psikofarmakoloji,P1,"Monoamin yıkımını azaltarak serotonin, noradrenalin ve dopamin düzeylerini artıran ilaç sınıfıdır.",Tiramin içeren gıdalar veya serotonerjik ilaçlarla ciddi hipertansif kriz/serotonin sendromu riski oluşturabilir. İlaç etkileşimi ve diyet kısıtlaması sınavda temel noktadır.,MAO inhibitörü + tiramin = hipertansif kriz.,SSRI serotonini geri alımdan korur; MAO inhibitörü monoamin yıkımını azaltır.,Tiramin | Hipertansif kriz | Serotonin sendromu,3,Zayıf MAO inhibitörü etkisi nedeniyle serotonerjik ilaçlarla serotonin sendromu riski artabilir; ifade doğrudur. || Zayıf MAO inhibitörü etkisi nedeniyle serotonerjik ilaçlarla serotonin sendromu riski artabilir; ifade doğrudur.
v402-pharmacology-lityum-toksisitesi,Lityum toksisitesi,Lityum toksisitesi | lityum zehirlenmesi,Psikofarmakoloji / Toksikoloji,P1,"Dar terapötik aralıklı lityumun tremor, ataksi, bilinç değişikliği, böbrek ve tiroid etkileriyle seyreden toksisitesidir.","Sodyum dengesi ve böbrek fonksiyonu lityum düzeylerini etkiler; diüretikler, ACE inhibitörleri ve NSAİİ düzeyi artırabilir. Nefrojenik DI ve hipotiroidi önemli kronik etkileridir.",Lityum düzeyi böbrek/sodyum dengesi ve ilaç etkileşimlerinden güçlü etkilenir.,Valproat hepatotoksisite; karbamazepin SIADH/agranülositoz; lityum renal-tiroid etkilerle ayrılır.,Dar terapötik aralık | Nefrojenik diabetes insipidus | Hipotiroidi,0,Organofosfat zehirlenmesinde atropin muskarinik reseptörleri bloke eder; pralidoksim ise yaşlanma gelişmeden kolinesterazı reaktive etmeyi hedeflediği için nikotinik bulgularda özellikle ayırt ettiricidir. || Organofosfat zehirlenmesinde atropin muskarinik reseptörleri bloke eder; pralidoksim ise yaşlanma gelişmeden kolinesterazı reaktive etmeyi hedeflediği için nikotinik bulgularda özellikle ayırt ettiricidir.
v402-pharmacology-valproat-hepatotoksisitesi,Valproat hepatotoksisitesi,Valproat hepatotoksisitesi | valproik asit hepatotoksisite,Antiepileptikler,P1,Valproat kullanımında özellikle çocuklarda ve mitokondriyal duyarlılıkta ciddi karaciğer hasarı riskidir.,"GABA düzeyini artıran ve sodyum kanal etkileri olan geniş spektrumlu antiepileptiktir. Hepatotoksisite, pankreatit, kilo alımı, tremor, trombositopeni ve teratojenite sınavda önemlidir.",Valproat = nöral tüp defekti + hepatotoksisite + pankreatit riski.,Lamotrijin SJS; karbamazepin HLA-B*1502/SIADH; valproat hepatotoksisite-teratojenite ile ayrılır.,Valproat | Teratojenite | GABA,0,"Yakınları hastanın yaklaşık 6 saat önce çok sayıda parasetamol tableti aldığını belirtmektedir. Hasta bulantı ve sağ üst kadranda hafif rahatsızlık tariflemekte, kusma dışında belirgin yakınması olmadığını söylemektedir. Kronik karaciğer hastalığı, düzenli alkol kullanımı veya eş zamanlı başka ilaç alımı bildirilmemiştir. Alım zamanı güvenilir olduğundan serum düzeyi zamanla birlikte değerlendirilmiştir. Erken klinik sakinliğe rağmen hepatotoksisite riski açısından laboratuvar takibi yapılmıştır || Yakınları hastanın yaklaşık 6 saat önce çok sayıda parasetamol tableti aldığını belirtmektedir. Hasta bulantı ve sağ üst kadranda hafif rahatsızlık tariflemekte, kusma dışında belirgin yakınması olmadığını söylemektedir. Kronik karaciğer hastalığı, düzenli alkol kullanımı veya eş zamanlı başka ilaç alımı bildirilmemiştir. Alım zamanı güvenilir olduğundan serum düzeyi zamanla birlikte değerlendirilmiştir. Erken klinik sakinliğe rağmen hepatotoksisite riski açısından laboratuvar takibi yapılmıştır"
v402-pharmacology-lamotrijin-stevens-johnson-riski,Lamotrijin Stevens-Johnson riski,Lamotrijin Stevens-Johnson riski | lamotrijin SJS,Antiepileptikler,P1,Lamotrijin kullanımında ciddi döküntü ve Stevens-Johnson sendromu gelişebilme riskidir.,Dozun hızlı artırılması riski artırabilir. Klinik pratikte yeni döküntü gelişirse ilacın kesilmesi önemlidir; bu yan etki antiepileptik karşılaştırmalarında yüksek verimlidir.,Lamotrijin sorusunda ciddi deri reaksiyonu/SJS akılda tutulur.,Karbamazepin de SJS yapabilir; HLA-B*1502 ilişkisi özellikle karbamazepinde klasikleşmiştir.,Lamotrijin | Stevens-Johnson sendromu | Antiepileptik,0,Serotonerjik etkileşim riski || Serotonerjik etkileşim riski
v402-pharmacology-karbamazepin-hla-b-1502,Karbamazepin HLA-B*1502,Karbamazepin HLA-B*1502 | HLA-B*1502 karbamazepin,Antiepileptikler / Farmakogenetik,P1,Bazı popülasyonlarda karbamazepinle Stevens-Johnson/TEN riskini artıran HLA ilişkisidir.,"Farmakogenetik tarama, ağır deri reaksiyonlarını önleme mantığını öğretir. Karbamazepin ayrıca SIADH, agranülositoz ve CYP indüksiyonu yapabilir.",Karbamazepin + HLA-B*1502 = SJS/TEN riski.,Lamotrijin de SJS yapabilir; HLA-B*1502 eşleşmesi karbamazepin için daha klasik sınav bilgisidir.,Karbamazepin | Stevens-Johnson sendromu | Farmakogenetik,0,Karbamazepin ciddi deri reaksiyonu || karbamazepin
v402-pharmacology-levodopa-karbidopa,Levodopa-karbidopa,Levodopa-karbidopa | levodopa carbidopa,Parkinson ilaçları,P1,"Levodopa dopamin prekürsörü, karbidopa periferik DOPA dekarboksilaz inhibitörüdür.","Karbidopa periferik dopamin oluşumunu azaltır, levodopanın santral etkisini artırır ve periferik yan etkileri azaltır. Uzun kullanımda wearing-off ve diskinezi gelişebilir.",Karbidopa periferde levodopa yıkımını azaltır; BBB’yi geçmez.,Dopamin agonistleri doğrudan reseptörü uyarır; levodopa dopamin prekürsörüdür.,DOPA dekarboksilaz | Dopamin | Diskinezi,0,
v402-pharmacology-dopamin-agonisti,Dopamin agonisti,Dopamin agonisti | pramipeksol | ropinirol,Parkinson ilaçları,P1,Dopamin reseptörlerini doğrudan uyararak parkinson semptomlarını azaltan ilaç grubudur.,"Levodopadan farklı olarak dopamin prekürsörü değildir; reseptör düzeyinde etki eder. Uyku atakları, halüsinasyon ve dürtü kontrol bozukluğu yan etki olarak sorulabilir.",Dopamin agonistlerinde dürtü kontrol bozukluğu ve uyku atağı klasik yan etkidir.,Levodopa-karbidopa prekürsör/enzyme inhibition ilişkisiyle ayrılır.,Dopamin reseptörü | Parkinson hastalığı | Dürtü kontrol bozukluğu,9,"Bu yaklaşım toksidromun nedenini ortadan kaldırır ve hipertermi, ajitasyon ile nöromüsküler hiperaktiviteyi hedefler. Klonus/hiperrefleksi baskın olduğu için dopamin agonisti veya rijidite odaklı tedavi öncelikli değildir. || Bu yaklaşım toksidromun nedenini ortadan kaldırır ve hipertermi, ajitasyon ile nöromüsküler hiperaktiviteyi hedefler. Klonus/hiperrefleksi baskın olduğu için dopamin agonisti veya rijidite odaklı tedavi öncelikli değildir."
v402-pharmacology-inhaler-kortikosteroid,İnhaler kortikosteroid,İnhaler kortikosteroid | ICS | budesonid | flutikazon,Solunum farmakolojisi,P1,Astımda hava yolu inflamasyonunu baskılayan temel kontrol edici inhaler ilaç sınıfıdır.,Gen ekspresyonu üzerinden sitokin üretimini ve eozinofilik inflamasyonu azaltır. Lokal kandidiyazis ve ses kısıklığı riski nedeniyle ağız çalkalama önerilir.,Astımda kontrol edici temel tedavi inhaler kortikosteroiddir.,SABA hızlı semptom rahatlatır; ICS altta yatan inflamasyonu kontrol eder.,Astım | Eozinofilik inflamasyon | Lokal kandidiyazis,0,"Hasta hafif persistan astım öyküsü olmasına rağmen migren profilaksisi ve hipertansiyon kontrolü için propranolol kullanmaya başlamıştır. İlk birkaç dozdan sonra göğüste sıkışma, kuru öksürük ve hışıltılı solunum fark etmiş; albuterol inhalerine yanıtı önceki ataklarına göre daha zayıf olmuştur. Ateş, balgam veya göğüs ağrısı tariflememektedir. Daha önce beta-bloker kullanmamış, yeni antibiyotik veya NSAİİ maruziyeti bildirmemiştir. || Hasta hafif persistan astım öyküsü olmasına rağmen migren profilaksisi ve hipertansiyon kontrolü için propranolol kullanmaya başlamıştır. İlk birkaç dozdan sonra göğüste sıkışma, kuru öksürük ve hışıltılı solunum fark etmiş; albuterol inhalerine yanıtı önceki ataklarına göre daha zayıf olmuştur. Ateş, balgam veya göğüs ağrısı tariflememektedir. Daha önce beta-bloker kullanmamış, yeni antibiyotik veya NSAİİ maruziyeti bildirmemiştir."
v402-pharmacology-ipratropium,İpratropium,İpratropium | ipratropyum | kısa etkili muskarinik antagonist,Solunum farmakolojisi,P1,Hava yolunda muskarinik reseptörleri bloke ederek bronkodilatasyon sağlayan inhaler antikolinerjik ilaçtır.,Özellikle KOAH alevlenmesinde beta-2 agonistlere ek bronkodilatör etki sağlar. Sistemik antikolinerjik yan etki inhaler kullanımda sınırlıdır.,KOAH alevlenmesinde SABA + ipratropium kombinasyonu sık kullanılır.,SABA beta-2 reseptörü uyarır; ipratropium muskarinik blokaj yapar.,Muskarinik reseptör | KOAH | Bronkodilatasyon,0,Organofosfat maruziyetinde muskarinik ve nikotinik kolinerjik bulguları birlikte tanıyıp pralidoksimin enzim düzeyindeki antidot mekanizmasını ayırt etme. || İnsektisit maruziyetiyle birlikte kolinesteraz aktivitesinin belirgin baskılanması sinaptik asetilkolin birikimini destekler; bu veri antidotun hangi hedef düzeyde etkili olacağını düşünmeye yönlendirir.
v402-pharmacology-h2-reseptor-blokeri,H2 reseptör blokeri,H2 reseptör blokeri | famotidin | ranitidin,Gastrointestinal farmakoloji,P1,Parietal hücrede histamin H2 reseptörünü bloke ederek asit salınımını azaltan ilaç sınıfıdır.,cAMP aracılı asit sekresyonunu azaltır; PPI kadar güçlü değildir. Özellikle gece asit sekresyonu üzerinde etkilidir.,H2 blokerler histamin yolunu hedefler; PPI proton pompasını hedefler.,Antasit asidi nötralize eder; H2 bloker üretimi azaltır.,Histamin H2 reseptörü | Parietal hücre | cAMP,0,"Yakınları hastanın yaklaşık 3-4 saat önce normal dozunun üzerinde çok sayıda propranolol tableti aldığını belirtmektedir. İlacı migren profilaksisi ve hipertansiyon için düzenli kullandığı, son günlerde ek kalsiyum kanal blokeri veya digoksin başlamadığı öğrenilmiştir. Acile getirildiğinde belirgin halsizlik, baş dönmesi ve uykuya eğilim vardır. Kusma ya da travma öyküsü alınmaz; evde başka ilaç kutusu bulunmamıştır. || Yakınları hastanın yaklaşık 3-4 saat önce normal dozunun üzerinde çok sayıda propranolol tableti aldığını belirtmektedir. İlacı migren profilaksisi ve hipertansiyon için düzenli kullandığı, son günlerde ek kalsiyum kanal blokeri veya digoksin başlamadığı öğrenilmiştir. Acile getirildiğinde belirgin halsizlik, baş dönmesi ve uykuya eğilim vardır. Kusma ya da travma öyküsü alınmaz; evde başka ilaç kutusu bulunmamıştır."
v402-pharmacology-misoprostol,Misoprostol,Misoprostol | PGE1 analoğu misoprostol,Gastrointestinal / Obstetrik farmakoloji,P1,Prostaglandin E1 analoğu olup mide mukozasını korur ve uterotonik etki gösterebilir.,NSAİİ’ye bağlı ülser riskinde mukus/bikarbonat artışı ve asit azalmasıyla koruyucu olabilir. Uterus kontraksiyonunu artırabildiği için gebelikte kontrendikasyon/obstetrik kullanım ayrımı önemlidir.,Misoprostol NSAİİ ülserinden koruyabilir ama gebelikte uterotonik etki nedeniyle dikkat ister.,PPI asit pompasını baskılar; misoprostol prostaglandin analoğudur.,Prostaglandin E1 | NSAİİ ülseri | Uterotonik etki,0,"Metotreksat folat analoğu bir antimetabolittir ve temel olarak dihidrofolat redüktazı inhibe ederek tetrahidrofolat yenilenmesini azaltır. Tetrahidrofolat havuzu azalınca timidilat ve purin sentezi bozulur, bu da özellikle mukozal epitel ve kemik iliği gibi hızlı bölünen dokularda DNA sentezini baskılar. Lökovorin kurtarma, indirgenmiş folat sağlayarak normal hücrelerde bu metabolik blokajın toksik etkisini azaltmayı amaçlar; renal klirens gecikmesi toksisiteyi artırabilir. || Metotreksat folat analoğu bir antimetabolittir ve temel olarak dihidrofolat redüktazı inhibe ederek tetrahidrofolat yenilenmesini azaltır. Tetrahidrofolat havuzu azalınca timidilat ve purin sentezi bozulur, bu da özellikle mukozal epitel ve kemik iliği gibi hızlı bölünen dokularda DNA sentezini baskılar. Lökovorin kurtarma, indirgenmiş folat sağlayarak normal hücrelerde bu metabolik blokajın toksik etkisini azaltmayı amaçlar; renal klirens gecikmesi toksisiteyi artırabilir."
v402-pharmacology-ondansetron,Ondansetron,Ondansetron | 5-HT3 antagonisti,Antiemetikler,P1,5-HT3 reseptörünü bloke ederek kemoterapi ve postoperatif bulantı-kusmayı azaltan antiemetiktir.,Vagal afferentler ve kemoreseptör tetik bölgesindeki serotonin sinyalini baskılar. QT uzaması ve kabızlık önemli yan etkilerdir.,Kemoterapi ilişkili kusmada 5-HT3 antagonistleri yüksek verimlidir.,Metoklopramid D2 antagonizması/prokinetik etki; ondansetron 5-HT3 blokajıyla ayrılır.,5-HT3 reseptörü | Kemoreseptör tetik bölge | QT uzaması,7,"Metoklopramid antiemetik ve prokinetik etkisini temel olarak D2 antagonizması üzerinden gösterir. H1 blokajı dimenhidrinat gibi antihistaminiklerle, NK1 antagonizması aprepitantla, selektif 5-HT3 antagonizması ise ondansetron gibi ilaçlarla ilişkilidir. Metoklopramid başlıca dopamin D2 reseptör antagonisti olarak kemoreseptör tetik bölgesinde antiemetik etki gösterir; enterik düzeyde kolinerjik aktiviteyi kolaylaştırarak üst gastrointestinal motiliteyi artırır. Doğru cevaptır; metoklopramid D2 r || Yanlıştır; 5-HT3 antagonizması ondansetron, granisetron ve benzeri ilaçların temel antiemetik mekanizmasıdır."
v402-pharmacology-metoklopramid,Metoklopramid,Metoklopramid | D2 antagonist metoklopramid,Antiemetikler / Prokinetikler,P1,Dopamin D2 reseptör antagonizması ve prokinetik etkiyle bulantıyı azaltan ilaçtır.,Gastrik boşalmayı artırır ve kemoreseptör tetik bölgede D2 blokaj yapar. Ekstrapiramidal yan etkiler ve hiperprolaktinemi sınavda dikkat edilmelidir.,Metoklopramid D2 blokajı nedeniyle ekstrapiramidal yan etki yapabilir.,Ondansetron 5-HT3 antagonisti olup ekstrapiramidal yan etki beklenmez.,D2 reseptör blokajı | Ekstrapiramidal yan etki | Prokinetik etki,25,ai-spot-vakasiz-secki-061-metoklopramid-d2-antagonizmi-prokinetik-etki || Metoklopramid başlıca dopamin D2 reseptör antagonisti olarak kemoreseptör tetik bölgesinde antiemetik etki gösterir; enterik düzeyde kolinerjik aktiviteyi kolaylaştırarak üst gastrointestinal motiliteyi artırır.
v402-pharmacology-klorokin-retinopatisi,Klorokin retinopatisi,Klorokin retinopatisi | hidroksiklorokin retinopatisi,Antimalaryal / Romatoloji ilaçları,P1,Klorokin/hidroksiklorokin kullanımında retinal toksisite ve görme bozukluğu riskidir.,Uzun süreli kullanımda retina takibi gerekir. İlacın immünomodülatör kullanımı olsa da göz toksisitesi klinik izlem açısından belirleyicidir.,Hidroksiklorokin kullanan hastada düzenli retina takibi önemlidir.,Etambutol optik nörit yapar; hidroksiklorokin retinopati ile öne çıkar.,Hidroksiklorokin | Retina | Görme toksisitesi,0,
v402-pharmacology-folinik-asit-kurtarma,Folinik asit kurtarma,Folinik asit kurtarma | leucovorin rescue | lökoverin kurtarma,Antimetabolit antidotu,P1,Metotreksat toksisitesini azaltmak için kullanılan aktif folat desteğidir.,Dihidrofolat redüktaz basamağını bypass ederek normal hücrelerde DNA sentezi için folat havuzunu destekler. Yüksek doz metotreksat protokollerinde kritik güvenlik basamağıdır.,Metotreksat toksisitesinde folinik asit kurtarma kullanılır.,Folinik asit metotreksatta; mesna siklofosfamid hemorajik sistitinde koruyucudur.,Metotreksat | Folat metabolizması | Dihidrofolat redüktaz,0,"Yüksek doz metotreksatta folat antagonizması, DNA sentezi baskılanması, renal klirens ve lökovorin kurtarma mantığını mekanizma üzerinden ayırt etme. || Hasta hematolojik malignite protokolü kapsamında yüksek doz metotreksat aldıktan sonra onkoloji servisinde izlenmektedir. Tedaviden sonraki ikinci günde ağız içinde ağrılı ülserasyonlar ve yutma güçlüğü gelişmiş, eş zamanlı kan sayımı ve böbrek fonksiyonu takibe alınmıştır. Protokol gereği lökovorin kurtarma uygulanması planlanmış; hasta ateş, yeni antibiyotik kullanımı veya belirgin kanama tariflememektedir."
v402-pharmacology-bleomisin-pulmoner-toksisitesi,Bleomisin pulmoner toksisitesi,Bleomisin pulmoner toksisitesi | bleomisin pulmoner fibrozis,Kemoterapi yan etkileri,P1,Bleomisin kullanımında interstisyel pnömoni ve pulmoner fibrozis gelişebilme riskidir.,Akciğerde bleomisin hidrolaz aktivitesinin düşük olması toksisiteye katkı sağlar. Oksijen maruziyetiyle risk artabilir; solunum semptomları önemsenmelidir.,Bleomisin = pulmoner fibrozis.,Doksorubisin kardiyotoksisite; bleomisin akciğer toksisitesiyle ayrılır.,Bleomisin | Pulmoner fibrozis | Kemoterapi toksisitesi,2,"Bleomisin pulmoner fibrozis, sisplatin nefro-ototoksisite; doksorubisinin ayırt edici toksisitesi kalptir. || Bleomisin pulmoner fibrozis, sisplatin nefro-ototoksisite; doksorubisinin ayırt edici toksisitesi kalptir."
v402-pharmacology-siklofosfamid-hemorajik-sistit,Siklofosfamid hemorajik sistit,Siklofosfamid hemorajik sistit | siklofosfamid sistiti,Kemoterapi yan etkileri,P1,Siklofosfamidin akrolein metabolitine bağlı mesane mukozası hasarı ve kanamalı sistit yapmasıdır.,Mesna akroleini bağlayarak mesane toksisitesini azaltır. Bol hidrasyon ve mesna koruması tedavi güvenliği açısından önemlidir.,Siklofosfamid hemorajik sistit yapar; korunmada mesna kullanılır.,İfosfamid de benzer toksisite yapabilir; metotreksat toksisitesinde folinik asit kurtarma farklı mekanizmadır.,Siklofosfamid | Akrolein | Mesna,0,Mesna siklofosfamidin hemorajik sistit toksisitesinde kullanılır; sisplatin nefrotoksisitesi için klasik isim amifostindir. || Mesna siklofosfamidin hemorajik sistit toksisitesinde kullanılır; sisplatin nefrotoksisitesi için klasik isim amifostindir.
v402-pharmacology-mesna,Mesna,Mesna | mesna koruması,Kemoterapi destek tedavisi,P1,Siklofosfamid/ifosfamid kaynaklı akroleini bağlayarak hemorajik sistiti azaltan koruyucu ajandır.,Mesna sistemik antitümör etkiyi değil mesane toksisitesini hedefler. Bu nedenle kemoterapi yan etkisi-antidot eşleşmelerinde yüksek verimlidir.,Siklofosfamid hemorajik sistitinde koruyucu ajan mesnadır.,Folinik asit metotreksat; mesna siklofosfamid/ifosfamid sistiti için kullanılır.,Siklofosfamid hemorajik sistit | Akrolein | İfosfamid,2,Mesna siklofosfamidin hemorajik sistit toksisitesinde kullanılır; sisplatin nefrotoksisitesi için klasik isim amifostindir. || Mesna siklofosfamidin hemorajik sistit toksisitesinde kullanılır; sisplatin nefrotoksisitesi için klasik isim amifostindir.
v402-pharmacology-cisplatin-nefrotoksisitesi,Cisplatin nefrotoksisitesi,Cisplatin nefrotoksisitesi | sisplatin nefrotoksisitesi,Kemoterapi yan etkileri,P1,Cisplatinin böbrek tübüllerinde hasar yaparak nefrotoksisite oluşturmasıdır.,Hidrasyon ve elektrolit takibi önemlidir; ototoksisite ve periferik nöropati de görülebilir. Platinum ilaç yan etkileri içinde nefrotoksisite sınavda sık ayrım noktasıdır.,Cisplatin = nefrotoksisite + ototoksisite.,Karboplatin daha çok miyelosupresyon; cisplatin böbrek/işitme toksisitesiyle öne çıkar.,Cisplatin | Ototoksisite | Nefrotoksisite,2,Mesna siklofosfamidin hemorajik sistit toksisitesinde kullanılır; sisplatin nefrotoksisitesi için klasik isim amifostindir. || Mesna siklofosfamidin hemorajik sistit toksisitesinde kullanılır; sisplatin nefrotoksisitesi için klasik isim amifostindir.
v402-pharmacology-vinkristin-noropatisi,Vinkristin nöropatisi,Vinkristin nöropatisi | vincristine nöropati,Kemoterapi yan etkileri,P1,Vinkristinin mikrotübül polimerizasyonunu engellemesine bağlı periferik nöropati riskidir.,Mikrotübül dinamiği bozulunca aksonal transport etkilenir; konstipasyon/ileus ve periferik nöropati görülebilir. Miyelosupresyon diğer vinka alkaloidlerine göre daha az belirgin olabilir.,Vinkristin = nöropati ve konstipasyon/ileus.,Vinblastin daha çok miyelosupresyonla; vinkristin nörotoksisiteyle hatırlanır.,Vinkristin | Mikrotübül | Periferik nöropati,0,Vinkristin toksisitesi || vinkristin
v402-pharmacology-paklitaksel-mikrotubul-stabilizasyonu,Paklitaksel mikrotübül stabilizasyonu,Paklitaksel mikrotübül stabilizasyonu | paclitaxel mikrotübül stabilizasyonu,Kemoterapi mekanizması,P1,Mikrotübülleri stabilize ederek depolimerizasyonu engelleyen antimitotik mekanizmadır.,Hücre mitozda takılır ve proliferasyon azalır. Periferik nöropati ve hipersensitivite reaksiyonları önemli yan etkilerdir.,Paklitaksel mikrotübülü stabilize eder; vinka alkaloidleri mikrotübül oluşumunu engeller.,Vinkristin mikrotübül polimerizasyonunu azaltır; paklitaksel depolimerizasyonu engeller.,Paklitaksel | Mikrotübül | Mitoz,0,"Mikrotübül polimerizasyonunu baskılayarak nötrofil kemotaksisini azaltma || Mikrotübül polimerizasyonunu baskılayıp nötrofil hareketini azaltmak kolşisinin akut atak inflamasyonunu kontrol eden mekanizmasıdır. Bu, serum ürik asit üretimini düşüren uzun dönem mekanizma değildir."
v402-pharmacology-rituksimab,Rituksimab,Rituksimab | anti-CD20 rituksimab,Monoklonal antikorlar,P1,CD20 pozitif B hücrelerini hedefleyen monoklonal antikordur.,B hücreli lenfoma ve bazı otoimmün hastalıklarda kullanılır. İnfüzyon reaksiyonu ve HBV reaktivasyonu açısından dikkat gerekir.,Rituksimab = anti-CD20 B hücre hedefi.,Trastuzumab HER2; rituksimab CD20 hedefler.,CD20 | B hücresi | HBV reaktivasyonu,0,
v402-pharmacology-imatinib,İmatinib,İmatinib | imatinib mesilat,Hedefe yönelik tedaviler,P1,BCR-ABL tirozin kinazını inhibe eden hedefe yönelik ilaçtır.,KML ve bazı GIST olgularında moleküler hedefe yönelik tedavi mantığını öğretir. ATP bağlanma bölgesi inhibisyonu proliferatif sinyali azaltır.,KML + BCR-ABL = imatinib.,Rituksimab antikor; imatinib küçük molekül tirozin kinaz inhibitörüdür.,BCR-ABL | Tirozin kinaz inhibitörü | KML,0,
v402-pharmacology-tnf-alfa-inhibitoru,TNF-alfa inhibitörü,TNF-alfa inhibitörü | infliximab | adalimumab | etanersept,Biyolojik ajanlar,P1,TNF-α sinyalini bloke ederek inflamasyonu azaltan biyolojik ilaç sınıfıdır.,Romatolojik hastalıklar ve inflamatuvar barsak hastalıklarında kullanılır. Latent tüberküloz reaktivasyonu riski nedeniyle tedavi öncesi tarama önemlidir.,TNF inhibitörü başlamadan önce latent TB taraması yapılır.,Rituksimab CD20 hedefler; TNF inhibitörleri sitokin blokajı yapar.,TNF-alfa | Latent tüberküloz | Biyolojik tedavi,0,Kapalı alanda insektisit maruziyeti → kolinesteraz inhibitörüyle uyumlu toksik maruziyet bağlamı oluşturur. || Kapalı alanda insektisit maruziyeti → kolinesteraz inhibitörüyle uyumlu toksik maruziyet bağlamı oluşturur.
v402-pharmacology-cyp450-induksiyonu,CYP450 indüksiyonu,CYP450 indüksiyonu | CYP indüksiyonu,Farmakokinetik / İlaç etkileşimi,P1,İlaç metabolize eden CYP enzimlerinin ekspresyon veya aktivitesinin artmasıdır.,"İndüksiyon, bazı ilaçların plazma düzeyini düşürerek tedavi başarısızlığına yol açabilir. Rifampisin, karbamazepin, fenitoin ve fenobarbital klasik indükleyicilerdir.",CYP indükleyici ilaçlar birlikte verilen ilaçların etkisini azaltabilir.,CYP inhibisyonu ilaç düzeyini artırır; indüksiyon genellikle düzeyi azaltır.,Rifampisin CYP indüksiyonu | İlaç etkileşimi | Warfarin,14,"Etambutol optik nörit, rifampisin CYP indüksiyonu/turuncu sekresyon, pirazinamid hiperürisemi ile ayrılır. || CYP indüksiyonu"
v402-pharmacology-cyp450-inhibisyonu,CYP450 inhibisyonu,CYP450 inhibisyonu | CYP inhibisyonu,Farmakokinetik / İlaç etkileşimi,P1,İlaç metabolize eden CYP enzim aktivitesinin azalması ve substrat ilaç düzeyinin artmasıdır.,"Makrolid, azol antifungal, amiodaron ve bazı proteaz inhibitörleri etkileşim açısından önemlidir. Toksisite riski özellikle dar terapötik aralıklı ilaçlarda belirgindir.",CYP inhibitörü ilaç düzeyini artırıp toksisite yapabilir.,Rifampisin gibi indükleyiciler tersine ilaç düzeyini azaltır.,Azol CYP inhibisyonu | İlaç etkileşimi | Dar terapötik aralık,0,CYP450 indüksiyonu. || CYP450 indüksiyonu.
v402-pharmacology-yukleme-dozu,Yükleme dozu,Yükleme dozu | loading dose,Farmakokinetik,P1,Hedef plazma düzeyine hızlı ulaşmak için başlangıçta verilen daha yüksek ilaç dozudur.,Dağılım hacmi ve hedef konsantrasyonla ilişkilidir; kararlı duruma ulaşmayı beklemeden terapötik düzeye çıkmak istenen ilaçlarda kullanılır.,Yükleme dozu dağılım hacmiyle; idame dozu klirensle ilişkilidir.,İnfüzyon hızını artırmak kararlı durum düzeyini değiştirir; kararlı duruma ulaşma süresini esas olarak yarı ömür belirler.,Dağılım hacmi | Kararlı durum | İdame dozu,0,
v402-pharmacology-idame-dozu,İdame dozu,İdame dozu | maintenance dose,Farmakokinetik,P1,Hedef plazma düzeyini sürdürmek için düzenli verilen devam dozudur.,Klirens ve hedef konsantrasyonla ilişkilidir. Böbrek/karaciğer yetmezliği olan hastada idame dozu veya doz aralığı ayarlaması gerekebilir.,İdame dozu klirensle ilişkilidir.,Yükleme dozu dağılım hacmine daha çok bağlıdır; idame dozu eliminasyon hızına göre ayarlanır.,Klirens | Yükleme dozu | Kararlı durum,0,
v402-pharmacology-dar-terapotik-aralik,Dar terapötik aralık,Dar terapötik aralık | narrow therapeutic index,Farmakokinetik / Güvenlik,P1,Etkin doz ile toksik doz arasındaki güvenlik mesafesinin küçük olduğu ilaç özelliğidir.,"Digoksin, lityum, warfarin ve bazı antiepileptikler doz-izlem gerektirir. Küçük doz değişiklikleri veya CYP etkileşimleri ciddi toksisite doğurabilir.",Dar terapötik aralıklı ilaçlarda düzey/INR/klinik izlem kritik olur.,Geniş terapötik aralıklı ilaçlarda küçük doz değişimleri genelde daha tolere edilir.,Digoksin toksisitesi | Lityum toksisitesi | Warfarin,3,"Digoksin toksisitesinde Na⁺/K⁺-ATPaz inhibisyonu, dar terapötik aralık, renal klirens azalması ve digoksin immün Fab ile bağlama tedavisi. || Digoksin toksisitesinde renal klirens azalması, elektrolit bozukluğu ve dar terapötik aralık birlikte aritmi riskini artırır."
v402-pharmacology-sifirinci-derece-eliminasyon,Sıfırıncı derece eliminasyon,Sıfırıncı derece eliminasyon | zero-order eliminasyon,Farmakokinetik,P1,"Birim zamanda sabit miktarda ilaç elimine edilen, enzim doygunluğuna bağlı kinetiktir.","Konsantrasyon arttıkça eliminasyon hızı orantılı artamaz; küçük doz artışları plazma düzeyinde belirgin yükselmeye yol açabilir. Fenitoin, etanol ve yüksek doz aspirin klasik örneklerdir.",Fenitoin/etanol/aspirin yüksek dozda sıfırıncı derece kinetik örnekleridir.,Birinci derece eliminasyonda birim zamanda sabit oran elimine edilir.,Fenitoin | Etanol | Aspirin,0,"Lityum toksisitesinde renal eliminasyon azalması, dar terapötik indeks ve ağır nörolojik bulguda diyaliz değerlendirmesi || Kreatinin artışı ve hafif hiponatremi, sıvı kaybı ile birlikte renal ilaç eliminasyonunun azalabileceğini gösterir."
v402-pharmacology-birinci-derece-eliminasyon,Birinci derece eliminasyon,Birinci derece eliminasyon | first-order eliminasyon,Farmakokinetik,P2,Birim zamanda ilacın sabit oranının elimine edildiği en yaygın eliminasyon kinetiğidir.,Plazma konsantrasyonu arttıkça elimine edilen miktar da artar. Yarı ömür kavramı bu kinetikte daha öngörülebilir şekilde kullanılır.,Çoğu ilaç terapötik düzeylerde birinci derece eliminasyon gösterir.,Sıfırıncı derece eliminasyonda sabit oran değil sabit miktar elimine edilir.,Yarı ömür | Klirens | Sıfırıncı derece eliminasyon,0,"Lityum toksisitesinde renal eliminasyon azalması, dar terapötik indeks ve ağır nörolojik bulguda diyaliz değerlendirmesi || Kreatinin artışı ve hafif hiponatremi, sıvı kaybı ile birlikte renal ilaç eliminasyonunun azalabileceğini gösterir."
v402-pharmacology-plazma-protein-baglanmasi,Plazma protein bağlanması,Plazma protein bağlanması | protein binding,Farmakokinetik,P1,İlacın albümin veya alfa-1 asit glikoprotein gibi plazma proteinlerine bağlanmasıdır.,"Sadece serbest fraksiyon farmakolojik etki, dağılım ve eliminasyon açısından aktiftir. Hipoalbüminemi veya yer değiştirme etkileşimleri dar terapötik aralıklı ilaçlarda toksisiteyi artırabilir.",Serbest ilaç fraksiyonu klinik etki ve toksisite için belirleyicidir.,Dağılım hacmi dokuya geçişi; protein bağlanması plazmada bağlı-serbest dengeyi anlatır.,Serbest ilaç fraksiyonu | Albümin | Dar terapötik aralık,0,Plazma kolinesteraz aktivitesi || Plazma kolinesteraz aktivitesi
v402-pharmacology-agonist,Agonist,Agonist | reseptör agonisti,Farmakodinami,P2,Reseptöre bağlanıp onu aktive ederek biyolojik yanıt oluşturan moleküldür.,Agonist kavramı ilacın yalnız bağlanmasını değil reseptör aktivasyonu yapmasını ifade eder. Parsiyel agonist daha düşük maksimal etki oluşturur.,Agonist reseptörü aktive eder; antagonist aktivasyonu engeller.,Antagonist reseptöre bağlanabilir ama intrinsik aktivite oluşturmaz.,Reseptör | Parsiyel agonist | Antagonist,0,"Bu yaklaşım toksidromun nedenini ortadan kaldırır ve hipertermi, ajitasyon ile nöromüsküler hiperaktiviteyi hedefler. Klonus/hiperrefleksi baskın olduğu için dopamin agonisti veya rijidite odaklı tedavi öncelikli değildir. || Bu yaklaşım toksidromun nedenini ortadan kaldırır ve hipertermi, ajitasyon ile nöromüsküler hiperaktiviteyi hedefler. Klonus/hiperrefleksi baskın olduğu için dopamin agonisti veya rijidite odaklı tedavi öncelikli değildir."
v402-pharmacology-antagonist,Antagonist,Antagonist | reseptör antagonisti,Farmakodinami,P2,Reseptöre bağlanıp agonist etkisini azaltan veya engelleyen moleküldür.,Kompetitif antagonist agonistle aynı bağlanma bölgesi için yarışır ve yüksek agonist konsantrasyonuyla aşılabilir. Nonkompetitif antagonizmada maksimal yanıt azalır.,"Kompetitif antagonizmada eğri sağa kayar, Emax korunabilir.",Agonist intrinsik aktiviteye sahiptir; antagonist reseptörü aktive etmeden etkiyi engeller.,Kompetitif antagonist | Nonkompetitif antagonist | Emax,57,"Serotonin toksisitesinde belirleyici bulgular hızlı başlangıç, otonomik hiperaktivite, gastrointestinal semptomlar, hiperrefleksi ve klonustur; tedavi serotonerjik ajanları kesmek ve destekleyici/sedatif-antagonist yaklaşımı uygulamaktır. || Serotonin toksisitesinde belirleyici bulgular hızlı başlangıç, otonomik hiperaktivite, gastrointestinal semptomlar, hiperrefleksi ve klonustur; tedavi serotonerjik ajanları kesmek ve destekleyici/sedatif-antagonist yaklaşımı uygulamaktır."
v402-pharmacology-parsiyel-agonist,Parsiyel agonist,Parsiyel agonist | partial agonist,Farmakodinami,P1,Reseptörü aktive eden fakat tam agoniste göre daha düşük maksimal etki oluşturan agonisttir.,Tek başına agonist gibi davranabilir; tam agonist varlığında reseptörü işgal ederek fonksiyonel antagonist gibi davranabilir. Bu kavram buprenorfin ve aripiprazol gibi ilaçları anlamada yararlıdır.,Parsiyel agonist hem agonist hem fonksiyonel antagonist gibi davranabilir.,Kompetitif antagonist intrinsik aktivite oluşturmaz; parsiyel agonistin intrinsik aktivitesi vardır.,Agonist | Antagonist | Emax,0,"Bu yaklaşım toksidromun nedenini ortadan kaldırır ve hipertermi, ajitasyon ile nöromüsküler hiperaktiviteyi hedefler. Klonus/hiperrefleksi baskın olduğu için dopamin agonisti veya rijidite odaklı tedavi öncelikli değildir. || Bu yaklaşım toksidromun nedenini ortadan kaldırır ve hipertermi, ajitasyon ile nöromüsküler hiperaktiviteyi hedefler. Klonus/hiperrefleksi baskın olduğu için dopamin agonisti veya rijidite odaklı tedavi öncelikli değildir."
v402-pharmacology-terapotik-indeks,Terapötik indeks,Terapötik indeks | therapeutic index,Farmakodinami / Güvenlik,P1,Toksik doz ile etkili doz arasındaki güvenlik oranını ifade eden kavramdır.,Terapötik indeks düşükse doz hatası veya etkileşim toksisiteye daha kolay yol açar. Klinik izlem gerektiren ilaçların neden dikkatli kullanıldığını açıklar.,Dar terapötik indeksli ilaçlarda izlem gerekir.,"Terapötik pencere klinikte hedef konsantrasyon aralığını, terapötik indeks güvenlik oranını vurgular.",Dar terapötik aralık | Doz-yanıt eğrisi | İlaç toksisitesi,8,"Lityum toksisitesinde renal eliminasyon azalması, dar terapötik indeks ve ağır nörolojik bulguda diyaliz değerlendirmesi || İlaç düzeyi klinik bulgular ve EKG ile birlikte anlamlıdır; dar terapötik indeks nedeniyle tek başına sayıdan çok toksisite tablosuyla birlikte yorumlanır."
v402-pharmacology-neostigmin,Neostigmin,Neostigmin | neostigmine,Otonom farmakoloji,P1,Periferik asetilkolinesterazı inhibe ederek nöromüsküler kavşakta asetilkolin etkisini artıran ilaçtır.,Myastenia gravis ve nondepolarizan nöromüsküler blok geri dönüşünde kullanılır; muskarinik yan etkiler için atropin/glikopirolat eşlik edebilir. Santral geçişi sınırlı olduğu için fizostigminden ayrılır.,Neostigmin periferik AChE inhibitörüdür; nöromüsküler blok geri dönüşünde kullanılır.,Fizostigmin BBB geçer; neostigmin daha periferik etkilidir.,Asetilkolinesteraz inhibisyonu | Nondepolarizan nöromüsküler blokör | Atropin,13,Asetilkolinesteraz inhibisyonu organofosfat toksisitesi veya neostigmin gibi ilaçlarla ilişkilidir. Malign hipertermide sorun sinaptik asetilkolin azlığı değil kas hücresinde kontrolsüz kalsiyum salınımıdır. || Asetilkolinesteraz inhibisyonu organofosfat toksisitesi veya neostigmin gibi ilaçlarla ilişkilidir. Malign hipertermide sorun sinaptik asetilkolin azlığı değil kas hücresinde kontrolsüz kalsiyum salınımıdır.
v402-pharmacology-betanekol,Betanekol,Betanekol | bethanechol,Otonom farmakoloji,P1,Muskarinik agonist olarak mesane ve gastrointestinal düz kas aktivitesini artıran ilaçtır.,"Üriner retansiyon ve bazı ileus tablolarında parasempatik etkiyi taklit eder. Bronkospazm, bradikardi ve sekresyon artışı gibi kolinerjik yan etkiler sınavda ayırt ettirir.",Betanekol muskarinik agonisttir; mesane detrusor kasını uyarır.,Atropin muskarinik antagonisttir; betanekol agonist olarak zıt etki yapar.,Muskarinik reseptör | Üriner retansiyon | Kolinerjik yan etki,0,
v402-pharmacology-pilokarpin,Pilokarpin,Pilokarpin | pilocarpine,Otonom farmakoloji,P1,Muskarinik agonist olarak salivasyon ve aköz hümör drenajını artırabilen ilaçtır.,Glokomda siliyer kas kontraksiyonu ve trabeküler dışa akımı artırma mantığıyla; Sjögren gibi ağız kuruluğu tablolarında sekresyon artırma mantığıyla düşünülür.,Pilokarpin muskarinik agonisttir; sekresyon ve miyozis yapar.,Atropin midriyazis ve kuruluk yapar; pilokarpin miyozis ve sekresyon artışı yapar.,Muskarinik reseptör | Glokom | Salivasyon,0,
v402-pharmacology-fenilefrin,Fenilefrin,Fenilefrin | phenylephrine,Adrenerjik farmakoloji,P1,Selektif alfa-1 agonist olarak vazokonstriksiyon ve midriyazis yapan sempatomimetiktir.,"Kan basıncını artırabilir ve nazal dekonjestan olarak kullanılabilir; beta etkisi olmadığı için doğrudan taşikardi beklenmeyebilir, refleks bradikardi görülebilir.",Fenilefrin = alfa-1 agonist + vazokonstriksiyon.,Epinefrin alfa ve beta etkili; fenilefrin daha saf alfa-1 etkili olarak ayrılır.,Alfa-1 reseptör | Vazokonstriksiyon | Refleks bradikardi,0,
v402-pharmacology-dobutamin,Dobutamin,Dobutamin | dobutamine,Adrenerjik farmakoloji,P1,Beta-1 agonist etkisi baskın olan pozitif inotropik ajandır.,Kalp kontraktilitesini artırır ve stres ekokardiyografide farmakolojik stres ajanı olarak kullanılabilir. Şokta kardiyak output artırma mantığıyla düşünülür.,Dobutamin beta-1 etkisiyle inotropiyi artırır.,Dopamin doz bağımlı reseptör etkileriyle; dobutamin beta-1 inotropi baskınlığıyla ayrılır.,Beta-1 reseptör | İnotropi | Kalp debisi,6,"Beta-1 agonizmi dobutamin/izoproterenol gibi adrenerjik ajanlarla ilişkilidir. Glukagonun değeri, bloke edilmiş beta reseptörünü doğrudan uyarması değil bu reseptörün downstream ikinci haberci etkisini alternatif reseptörle artırmasıdır. || Beta-1 agonizmi dobutamin/izoproterenol gibi adrenerjik ajanlarla ilişkilidir. Glukagonun değeri, bloke edilmiş beta reseptörünü doğrudan uyarması değil bu reseptörün downstream ikinci haberci etkisini alternatif reseptörle artırmasıdır."
v402-pharmacology-klonidin,Klonidin,Klonidin | clonidine,Adrenerjik farmakoloji,P1,Santral alfa-2 agonist olarak sempatik çıkışı azaltan antihipertansif ajandır.,"Presinaptik ve santral alfa-2 aktivasyonu norepinefrin salınımını azaltır; sedasyon, ağız kuruluğu ve ani kesilince rebound hipertansiyon önemlidir.",Klonidin ani kesilirse rebound hipertansiyon yapabilir.,Alfa-1 blokerler periferik vazodilatasyon; klonidin santral sempatolitik etkiyle ayrılır.,Alfa-2 reseptör | Sempatik çıkış | Rebound hipertansiyon,0,
v402-pharmacology-prazosin,Prazosin,Prazosin | alfa-1 bloker prazosin,Adrenerjik farmakoloji,P1,Periferik alfa-1 reseptör blokajı ile vazodilatasyon yapan ilaçtır.,İlk doz senkopu ve ortostatik hipotansiyon klasik yan etkidir. Ayrıca travma sonrası kabus semptomlarında da klinik kullanımı bilinir.,Prazosin = alfa-1 blokaj + ilk doz senkopu.,Fenoksibenzamin irreversibl alfa blokaj; prazosin selektif alfa-1 blokajla ayrılır.,Alfa-1 reseptör | Ortostatik hipotansiyon | İlk doz senkopu,0,"Beta-bloker toksisitesinde bradikardi, hipotansiyon ve hipoglisemiyi birlikte değerlendirip glukagonun beta reseptörden bağımsız kardiyak sinyal yolunu ayırt etme. || Yakınları hastanın yaklaşık 3-4 saat önce normal dozunun üzerinde çok sayıda propranolol tableti aldığını belirtmektedir. İlacı migren profilaksisi ve hipertansiyon için düzenli kullandığı, son günlerde ek kalsiyum kanal blokeri veya digoksin başlamadığı öğrenilmiştir. Acile getirildiğinde belirgin halsizlik, baş dönmesi ve uykuya eğilim vardır. Kusma ya da travma öyküsü alınmaz; evde başka ilaç kutusu bulunmamıştır."
v402-pharmacology-fenoksibenzamin,Fenoksibenzamin,Fenoksibenzamin | phenoxybenzamine,Adrenerjik farmakoloji,P1,İrreversibl nonselektif alfa reseptör antagonisti ilaçtır.,Feokromositoma cerrahisi öncesi alfa blokaj için klasik olarak öğretilir. Beta blokajdan önce alfa blokaj yapılması hipertansif kriz riskini azaltma mantığı açısından önemlidir.,"Feokromositomada önce alfa blokaj, sonra gerekirse beta blokaj yapılır.",Fentolamin reversibl alfa blokerdir; fenoksibenzamin irreversibl blokajla ayrılır.,Alfa reseptör | Feokromositoma | Beta blokaj,0,
v402-pharmacology-lidokain,Lidokain,Lidokain | lidocaine,Lokal anestezik / Antiaritmik,P1,Voltaj kapılı sodyum kanallarını bloke eden lokal anestezik ve sınıf IB antiaritmiktir.,İskemik ventriküler aritmilerde sınıf IB etkisiyle; lokal anestezide sinir iletimini keserek kullanılır. Kullanım bağımlı blokaj ve sodyum kanal ilişkisi temel mekanizmadır.,Lidokain sınıf IB antiaritmik ve lokal anesteziktir.,Flekainid sınıf IC ile daha belirgin iletim yavaşlatır; lidokain iskemik ventriküler aritmilerle ilişkilidir.,Sodyum kanal blokajı | Sınıf IB antiaritmik | Lokal anestezi,0,
v402-pharmacology-bupivakain-kardiyotoksisitesi,Bupivakain kardiyotoksisitesi,Bupivakain kardiyotoksisitesi | bupivacaine cardiotoxicity,Lokal anestezik toksisitesi,P1,Bupivakainin güçlü sodyum kanal blokajı ile ciddi kardiyak aritmi ve depresyon yapabilmesidir.,Uzun etkili lokal anestezikler arasında kardiyotoksisite riski belirgindir. Sistemik toksisitede lipid emülsiyon tedavisi akılda tutulur.,Bupivakain sistemik toksisitesinde kardiyotoksisite yüksek risklidir.,Lidokain daha kısa etkili ve antiaritmik kullanımda da bilinir; bupivakain kardiyotoksisiteyle öne çıkar.,Lokal anestezik | Sodyum kanal blokajı | Lipid emülsiyon,0,Doksorubisin topoizomeraz II ve serbest radikal kardiyotoksisitesiyle; sisplatin DNA çapraz bağlarıyla ayrılır. || Doksorubisin kardiyotoksisitesi
v402-pharmacology-ketamin,Ketamin,Ketamin | NMDA antagonist ketamin,Anestezikler,P1,NMDA reseptör antagonizmasıyla dissosiyatif anestezi sağlayan ilaçtır.,"Analjezi ve amnezi oluşturur, sempatik tonusu artırabildiği için kan basıncı/kalp hızını yükseltebilir. Halüsinasyon ve emergence reaksiyonları sınavda yan etki olarak önemlidir.",Ketamin NMDA antagonistidir; dissosiyatif anestezi yapar.,Propofol hipotansiyon/solunum depresyonu; ketamin sempatik aktivasyonla ayrılır.,NMDA reseptörü | Dissosiyatif anestezi | Emergence reaksiyonu,0,"Serotonin toksisitesinde belirleyici bulgular hızlı başlangıç, otonomik hiperaktivite, gastrointestinal semptomlar, hiperrefleksi ve klonustur; tedavi serotonerjik ajanları kesmek ve destekleyici/sedatif-antagonist yaklaşımı uygulamaktır. || Serotonin toksisitesinde belirleyici bulgular hızlı başlangıç, otonomik hiperaktivite, gastrointestinal semptomlar, hiperrefleksi ve klonustur; tedavi serotonerjik ajanları kesmek ve destekleyici/sedatif-antagonist yaklaşımı uygulamaktır."
v402-pharmacology-propofol,Propofol,Propofol | propofol infüzyonu,Anestezikler,P1,GABA-A etkisini artırarak hızlı başlangıçlı sedasyon/anestezi sağlayan intravenöz ajandır.,Hipotansiyon ve solunum depresyonu yapabilir; uzun yüksek doz infüzyonda propofol infüzyon sendromu riski vardır. Antiemetik özellikleri de bilinir.,Propofol hızlı indüksiyon sağlar ama hipotansiyon/solunum depresyonu yapabilir.,Ketamin sempatik aktiviteyi artırabilir; propofol daha çok kardiyorespiratuvar depresyonla ayrılır.,GABA-A reseptörü | Solunum depresyonu | Hipotansiyon,0,v194-new-324-antibiyotik-infuzyonu-sirasinda-kizarma || Antibiyotik infüzyonu sırasında kızarma
v402-pharmacology-etomidat-adrenal-baskilanmasi,Etomidat adrenal baskılanması,Etomidat adrenal baskılanması | etomidate adrenal suppression,Anestezikler,P1,Etomidatın 11β-hidroksilaz inhibisyonu ile kortizol sentezini baskılayabilmesidir.,Hemodinamik stabilitesi nedeniyle bazı kritik hastalarda tercih edilebilir; ancak adrenal steroid sentezi baskısı sepsis/şok bağlamında tartışmalıdır.,Etomidat = hemodinamik stabilite + adrenal baskılanma.,Ketamin sempatik aktivasyon; propofol hipotansiyon; etomidat adrenal baskıyla ayrılır.,11β-hidroksilaz | Kortizol | Anestezi indüksiyonu,0,İnsektisit maruziyetiyle birlikte kolinesteraz aktivitesinin belirgin baskılanması sinaptik asetilkolin birikimini destekler; bu veri antidotun hangi hedef düzeyde etkili olacağını düşünmeye yönlendirir. || İnsektisit maruziyetiyle birlikte kolinesteraz aktivitesinin belirgin baskılanması sinaptik asetilkolin birikimini destekler; bu veri antidotun hangi hedef düzeyde etkili olacağını düşünmeye yönlendirir.
v402-pharmacology-nitrat-toleransi,Nitrat toleransı,Nitrat toleransı | nitrat free interval,Kardiyovasküler farmakoloji,P1,Organik nitratlara sürekli maruziyette vazodilatör yanıtın azalmasıdır.,Sülfhidril gruplarının tükenmesi ve nörohormonal karşı yanıtlar katkı sağlayabilir. Bu nedenle uzun etkili nitratlarda nitratsız aralık planlanır.,Nitratlarda toleransı azaltmak için nitratsız aralık bırakılır.,PDE5 inhibitörüyle birlikte kullanımı ciddi hipotansiyon riski oluşturur.,Nitrat | NO-cGMP yolu | PDE5 inhibitörü,0,Asetaldehit dehidrogenaz inhibisyonu disülfiram etkisidir ve asetaldehit birikimiyle alkol intoleransı oluşturur. Metanolde sorun asetaldehit değil formik asittir. || Asetaldehit dehidrogenaz inhibisyonu disülfiram etkisidir ve asetaldehit birikimiyle alkol intoleransı oluşturur. Metanolde sorun asetaldehit değil formik asittir.
v402-pharmacology-pde5-inhibitoru-nitrat-kontrendikasyonu,PDE5 inhibitörü nitrat kontrendikasyonu,PDE5 inhibitörü nitrat kontrendikasyonu | sildenafil nitrat kontrendikasyonu,Kardiyovasküler farmakoloji,P0,PDE5 inhibitörlerinin nitratlarla birlikte ciddi hipotansiyon riski nedeniyle kullanılmamasıdır.,Nitratlar cGMP üretimini artırırken PDE5 inhibitörleri cGMP yıkımını azaltır; birlikte güçlü vazodilatasyon ve hipotansiyon gelişebilir.,Sildenafil/tadalafil kullanan hastaya nitrat verilmez.,Beta blokerler antianginal olabilir; PDE5-nitrat birlikteliği özgül kontrendikasyon ilişkisidir.,PDE5 inhibitörü | Nitrat | cGMP,0,"Nitratların antianginal hemodinamik etkisini beta bloker, kalsiyum kanal blokeri ve diğer antiiskemik mekanizmalardan ayırt etme || Koroner arter hastalığı tanılı hasta, merdiven çıkarken göğüste baskı hissi geliştiğini ve birkaç dakika dinlenince rahatladığını anlatmaktadır. Benzer ataklarda dil altı nitrogliserin kullandığında yakınması kısa sürede azalmaktadır. Son 48 saatte istirahatte göğüs ağrısı, senkop veya uzamış ağrı atağı olmamıştır. Erektil disfonksiyon ilacı kullanmadığını ve nitrat sonrası belirgin baş dönmesi yaşamadığını belirtmektedir. Bu klinik bağlamda nitrogliserinin semptomu hangi temel hemodinamik etkiy"
v402-pharmacology-sodyum-nitroprussid-siyanur-toksisitesi,Sodyum nitroprussid siyanür toksisitesi,Sodyum nitroprussid siyanür toksisitesi | nitroprussid siyanür toksisitesi,Antihipertansif aciller,P1,Sodyum nitroprussidin metabolizması sırasında siyanür/tiyosiyanat toksisitesi gelişebilmesidir.,Arteriyel ve venöz hızlı vazodilatasyon yapar; uzun süreli veya yüksek doz kullanımda toksik metabolitler birikebilir. Hipertansif acil ilaçları arasında bu yan etki ayırıcıdır.,Nitroprussid hızlı vazodilatör; siyanür toksisitesi sınav ipucudur.,Nitrogliserin daha çok venodilatasyon/koroner kullanım; nitroprussid arteriyel+venöz güçlü etkisiyle ayrılır.,Sodyum nitroprussid | Siyanür | Hipertansif acil,0,Sodyum || Sodyum
v402-pharmacology-statin-miyopatisi,Statin miyopatisi,Statin miyopatisi | statin ilişkili miyopati,Lipid düşürücü ilaçlar,P1,"Statin kullanımında kas ağrısı, CK yüksekliği ve nadiren rabdomiyoliz gelişebilmesidir.","HMG-CoA redüktaz inhibisyonu LDL reseptörlerini artırır; ancak kas toksisitesi özellikle yüksek doz, etkileşim veya predispozisyon varlığında önemlidir.",Statin + kas ağrısı/CK yüksekliği = miyopati-rabdomiyoliz düşün.,Fibratlar da miyopati yapabilir; statinlerle kombinasyon riski artırır.,HMG-CoA redüktaz | Rabdomiyoliz | CK yüksekliği,2,Statin ilişkili miyopati veya rabdomiyoliz. || Statin ilişkili miyopati veya rabdomiyoliz.
v402-pharmacology-ezetimib,Ezetimib,Ezetimib | ezetimibe,Lipid düşürücü ilaçlar,P1,Barsakta NPC1L1 taşıyıcısını inhibe ederek kolesterol emilimini azaltan ilaçtır.,LDL düşürmede statine eklenebilir; mekanizması kolesterol sentezinden çok intestinal emilim üzerinedir. Bu ayrım statinle karşılaştırmada önemlidir.,Ezetimib intestinal kolesterol emilimini azaltır.,Statin karaciğerde kolesterol sentezini; ezetimib barsak emilimini azaltır.,NPC1L1 | LDL kolesterol | Statin,14,"Statinler hepatositlerde kolesterol sentezinin hız kısıtlayıcı basamağını katalizleyen HMG-CoA redüktazı inhibe eder. Hücre içi kolesterol azalınca hepatik LDL reseptör ekspresyonu artar ve dolaşımdaki LDL partiküllerinin karaciğer tarafından temizlenmesi hızlanır. Bu mekanizma ezetimib, safra asidi sekestranları, PCSK9 inhibitörleri ve bempedoik asitten farklı hedef düzeyindedir. || Statinler hepatositlerde kolesterol sentezinin hız kısıtlayıcı basamağını katalizleyen HMG-CoA redüktazı inhibe eder. Hücre içi kolesterol azalınca hepatik LDL reseptör ekspresyonu artar ve dolaşımdaki LDL partiküllerinin karaciğer tarafından temizlenmesi hızlanır. Bu mekanizma ezetimib, safra asidi sekestranları, PCSK9 inhibitörleri ve bempedoik asitten farklı hedef düzeyindedir."
v402-pharmacology-pcsk9-inhibitoru,PCSK9 inhibitörü,PCSK9 inhibitörü | alirokumab | evolokumab,Lipid düşürücü ilaçlar,P1,LDL reseptör yıkımını azaltarak LDL klirensini artıran monoklonal antikor sınıfıdır.,PCSK9 bloke edilince hepatosit LDL reseptörleri daha fazla geri dönüştürülür ve LDL düşer. Ailesel hiperkolesterolemi ve yüksek riskli hastalarda düşünülür.,PCSK9 inhibitörü LDL reseptör sayısını artırır.,Statin HMG-CoA redüktazı inhibe eder; PCSK9 inhibitörü LDL reseptör yıkımını azaltır.,PCSK9 | LDL reseptörü | Ailesel hiperkolesterolemi,0,"PCSK9 aracılı LDL reseptör yıkımının inhibisyonu || Statinler hepatositlerde kolesterol sentezinin hız kısıtlayıcı basamağını katalizleyen HMG-CoA redüktazı inhibe eder. Hücre içi kolesterol azalınca hepatik LDL reseptör ekspresyonu artar ve dolaşımdaki LDL partiküllerinin karaciğer tarafından temizlenmesi hızlanır. Bu mekanizma ezetimib, safra asidi sekestranları, PCSK9 inhibitörleri ve bempedoik asitten farklı hedef düzeyindedir."
v402-pharmacology-bile-asit-baglayici-recine,Bile asit bağlayıcı reçine,Bile asit bağlayıcı reçine | kolestiramin,Lipid düşürücü ilaçlar,P1,Barsakta safra asitlerini bağlayarak enterohepatik geri emilimi azaltan ilaç grubudur.,Karaciğer kolesterolü safra asidi sentezine yönlendirir ve LDL reseptörleri artabilir. Trigliseridleri artırabilmesi ve ilaç/vitamin emilimini azaltması önemlidir.,Kolestiramin safra asitlerini bağlar; trigliseridi artırabilir.,Ezetimib kolesterol taşıyıcısını; safra asit reçineleri safra asitlerini bağlar.,Safra asidi | Enterohepatik dolaşım | LDL,0,"Digoksinin geniş doku dağılımı nedeniyle hemodiyaliz toksisiteyi güvenilir biçimde geri çeviren yöntem değildir. Böbrek fonksiyon bozukluğu risk faktörüdür, fakat spesifik bağlayıcı tedavinin yerini almaz. || Digoksinin geniş doku dağılımı nedeniyle hemodiyaliz toksisiteyi güvenilir biçimde geri çeviren yöntem değildir. Böbrek fonksiyon bozukluğu risk faktörüdür, fakat spesifik bağlayıcı tedavinin yerini almaz."
v402-pharmacology-allopurinol,Allopurinol,Allopurinol | ksantin oksidaz inhibitörü allopurinol,Gut ilaçları,P1,Ksantin oksidazı inhibe ederek ürik asit üretimini azaltan ilaçtır.,Kronik gut ve tümör lizis profilaksisinde kullanılır. Azatiyoprin/6-MP metabolizmasıyla etkileşimi doz ayarı açısından kritik olabilir.,Allopurinol ürik asit üretimini azaltır; akut atak ağrısını hızlı kesmez.,Kolşisin inflamasyonu azaltır; allopurinol ürik asit sentezini azaltır.,Ksantin oksidaz | Ürik asit | Azatiyoprin etkileşimi,67,"Allopurinol, purin yıkım yolunun son basamaklarında hipoksantin ve ksantinin ürik aside dönüşümünü katalizleyen ksantin oksidazı inhibe eder. Bu nedenle etkisi akut ağrıyı doğrudan kesmek değil, ürik asit üretimini azaltarak uzun dönem serum ürat yükünü düşürmektir. Ürikozürik ilaçlar, kolşisin, ürikazlar ve IL-1 inhibitörleri farklı basamakları hedeflediği için bu mekanizmayla karıştırılmamalıdır. || Allopurinol = üretimi azaltır; probenesid = atılımı artırır; kolşisin = inflamatuvar hücre yanıtını azaltır."
v402-pharmacology-kolsisin,Kolşisin,Kolşisin | colchicine,Gut ilaçları,P1,Mikrotübül polimerizasyonunu inhibe ederek nötrofil migrasyonu ve inflamasyonu azaltan ilaçtır.,Akut gut atağında inflamatuvar yanıtı azaltır. Gastrointestinal yan etkiler ve dar terapötik aralık benzeri toksisite riski önemlidir.,Kolşisin mikrotübül üzerinden nötrofil hareketini azaltır.,NSAİİ ağrı-inflamasyon; allopurinol ürik asit üretimi; kolşisin nötrofil migrasyonu ile ayrılır.,Mikrotübül | Nötrofil migrasyonu | Gut atağı,20,"Allopurinol, purin yıkım yolunun son basamaklarında hipoksantin ve ksantinin ürik aside dönüşümünü katalizleyen ksantin oksidazı inhibe eder. Bu nedenle etkisi akut ağrıyı doğrudan kesmek değil, ürik asit üretimini azaltarak uzun dönem serum ürat yükünü düşürmektir. Ürikozürik ilaçlar, kolşisin, ürikazlar ve IL-1 inhibitörleri farklı basamakları hedeflediği için bu mekanizmayla karıştırılmamalıdır. || Allopurinol = üretimi azaltır; probenesid = atılımı artırır; kolşisin = inflamatuvar hücre yanıtını azaltır."
v402-pharmacology-bisfosfonat,Bisfosfonat,Bisfosfonat | alendronat | zoledronat,Kemik metabolizması ilaçları,P1,Osteoklast aktivitesini azaltarak kemik rezorpsiyonunu baskılayan ilaç sınıfıdır.,Osteoporozda kullanılır; özofajit riskini azaltmak için bol suyla ve dik pozisyonda alınması gerekir. Çene osteonekrozu nadir fakat önemli yan etkidir.,Bisfosfonatlar osteoklastı baskılar; özofajit için doğru kullanım önemlidir.,Denosumab RANKL hedefler; bisfosfonat kemik matriksine bağlanıp osteoklastı etkiler.,Osteoklast | Osteoporoz | Özofajit,0,
v402-pharmacology-denosumab,Denosumab,Denosumab | RANKL inhibitörü denosumab,Kemik metabolizması ilaçları,P1,RANKL’ı inhibe ederek osteoklast oluşum ve aktivitesini azaltan monoklonal antikordur.,Osteoporoz ve bazı kemik metastazı durumlarında kullanılır. Hipokalsemi ve enfeksiyon riski izlem açısından önemlidir.,Denosumab RANKL inhibisyonu ile osteoklastı azaltır.,Bisfosfonatlar kemikte birikip osteoklast fonksiyonunu bozar; denosumab RANKL’ı hedefler.,RANKL | Osteoklast | Hipokalsemi,0,
v402-pharmacology-cinakals-et,Cinakals et,Cinakals et | cinacalcet | kalsimimetik,Endokrin farmakoloji,P1,Paratiroid kalsiyum algılayıcı reseptör duyarlılığını artırarak PTH salınımını azaltan kalsimimetiktir.,Sekonder hiperparatiroidi veya paratiroid karsinomunda PTH ve kalsiyum kontrolüne yardımcı olabilir. Hipokalsemi riski takip edilir.,Cinakals et PTH salınımını azaltan kalsimimetiktir.,Teriparatid PTH analoğu olarak kemik yapımını uyarır; cinakals et PTH salınımını azaltır.,CaSR | PTH | Hipokalsemi,0,
v402-pharmacology-teriparatid,Teriparatid,Teriparatid | PTH analoğu teriparatid,Kemik metabolizması ilaçları,P1,Aralıklı PTH analoğu etkisiyle osteoblast aktivitesini ve kemik yapımını artıran ilaçtır.,Sürekli PTH kemik rezorpsiyonunu artırabilirken aralıklı teriparatid uygulaması anabolik etki gösterebilir. Osteosarkom uyarısı ve kullanım süresi sınavda önemlidir.,Teriparatid aralıklı PTH analoğu olarak kemik yapımını artırır.,Bisfosfonat/denosumab antiresorptif; teriparatid anabolik tedavi olarak ayrılır.,PTH | Osteoblast | Osteoporoz,0,"Metotreksat folat analoğu bir antimetabolittir ve temel olarak dihidrofolat redüktazı inhibe ederek tetrahidrofolat yenilenmesini azaltır. Tetrahidrofolat havuzu azalınca timidilat ve purin sentezi bozulur, bu da özellikle mukozal epitel ve kemik iliği gibi hızlı bölünen dokularda DNA sentezini baskılar. Lökovorin kurtarma, indirgenmiş folat sağlayarak normal hücrelerde bu metabolik blokajın toksik etkisini azaltmayı amaçlar; renal klirens gecikmesi toksisiteyi artırabilir. || Metotreksat folat analoğu bir antimetabolittir ve temel olarak dihidrofolat redüktazı inhibe ederek tetrahidrofolat yenilenmesini azaltır. Tetrahidrofolat havuzu azalınca timidilat ve purin sentezi bozulur, bu da özellikle mukozal epitel ve kemik iliği gibi hızlı bölünen dokularda DNA sentezini baskılar. Lökovorin kurtarma, indirgenmiş folat sağlayarak normal hücrelerde bu metabolik blokajın toksik etkisini azaltmayı amaçlar; renal klirens gecikmesi toksisiteyi artırabilir."
v402-pharmacology-mifepriston,Mifepriston,Mifepriston | mifepristone,Üreme farmakolojisi,P1,Progesteron reseptör antagonisti olarak gebeliğin devamı için gerekli progesteron etkisini bloke eden ilaçtır.,Tıbbi gebelik sonlandırmada prostaglandin analoğu ile birlikte kullanılabilir. Reseptör antagonizması nedeniyle misoprostolden mekanistik olarak ayrılır.,Mifepriston progesteron antagonisti; misoprostol prostaglandin analoğudur.,Oksitosin uterus kontraksiyonu artırır; mifepriston progesteron desteğini kaldırır.,Progesteron reseptörü | Misoprostol | Gebelik sonlandırma,0,
v402-pharmacology-tamoksifen,Tamoksifen,Tamoksifen | tamoxifen,Endokrin onkoloji,P1,Meme dokusunda östrojen reseptör antagonisti gibi davranan selektif östrojen reseptör modülatörüdür.,ER pozitif meme kanserinde kullanılır; endometriumda agonist etki nedeniyle endometriyal kanser ve tromboemboli riski önemlidir.,"Tamoksifen meme antagonisti, endometrium agonisti gibi davranır.",Aromataz inhibitörleri postmenopozal östrojen sentezini azaltır; tamoksifen reseptör modülatörüdür.,SERM | Östrojen reseptörü | Endometriyal kanser,0,
v402-pharmacology-aromataz-inhibitoru,Aromataz inhibitörü,Aromataz inhibitörü | anastrozol | letrozol,Endokrin onkoloji,P1,Androjenlerin östrojene dönüşümünü azaltan ilaç sınıfıdır.,Postmenopozal ER pozitif meme kanserinde kullanılır. Östrojen azalması kemik kaybı ve artralgilere yol açabilir.,Aromataz inhibitörü postmenopozal östrojen üretimini azaltır.,Tamoksifen reseptör modülatörü; aromataz inhibitörü hormon sentez basamağını hedefler.,Aromataz | Östrojen | Meme kanseri,0,
v402-pharmacology-5-alfa-reduktaz-inhibitoru,5-alfa redüktaz inhibitörü,5-alfa redüktaz inhibitörü | finasterid | dutasterid,Ürolojik farmakoloji,P1,Testosteronun dihidrotestosterona dönüşümünü azaltan ilaç sınıfıdır.,Benign prostat hiperplazisi ve androgenetik alopeside kullanılır. Prostat hacmini küçültme etkisi zaman alır; cinsel yan etkiler ve PSA yorumuna etkisi önemlidir.,Finasterid DHT sentezini azaltır.,Alfa-1 bloker hızlı semptom rahatlatır; 5-alfa redüktaz inhibitörü prostat hacmini zamanla azaltır.,DHT | Benign prostat hiperplazisi | PSA,0,Makrolidin HMG-CoA redüktazı doğrudan inhibe ederek aditif farmakodinamik etki oluşturması || Makrolidlerin kas toksisitesini artırması HMG-CoA redüktazı birlikte inhibe etmelerinden kaynaklanmaz; antibakteriyel etkileri ribozomal protein sentezi üzerindedir. Burada aditif farmakodinamik inhibisyondan çok statin düzeyinin yükselmesiyle dozla ilişkili miyotoksisite gelişmiştir.
v402-pharmacology-alfa-1-bloker-bph-tedavisi,Alfa-1 bloker BPH tedavisi,Alfa-1 bloker BPH tedavisi | tamsulosin | alfa bloker BPH,Ürolojik farmakoloji,P1,Prostat ve mesane boynunda alfa-1 blokajla idrar akımını rahatlatan tedavi yaklaşımıdır.,Tamsulosin özellikle alfa-1A seçiciliğiyle BPH semptomlarında kullanılır. Ortostatik hipotansiyon ve ejakülasyon bozukluğu yan etkileri olabilir.,Tamsulosin BPH semptomlarını düz kas gevşemesiyle hızlı azaltır.,Finasterid DHT azaltarak prostat hacmini zamanla küçültür; tamsulosin dinamik obstrüksiyonu azaltır.,Alfa-1 reseptör | BPH | Ortostatik hipotansiyon,0,"Beta-bloker toksisitesinde bradikardi, hipotansiyon ve hipoglisemiyi birlikte değerlendirip glukagonun beta reseptörden bağımsız kardiyak sinyal yolunu ayırt etme. || Yakınları hastanın yaklaşık 3-4 saat önce normal dozunun üzerinde çok sayıda propranolol tableti aldığını belirtmektedir. İlacı migren profilaksisi ve hipertansiyon için düzenli kullandığı, son günlerde ek kalsiyum kanal blokeri veya digoksin başlamadığı öğrenilmiştir. Acile getirildiğinde belirgin halsizlik, baş dönmesi ve uykuya eğilim vardır. Kusma ya da travma öyküsü alınmaz; evde başka ilaç kutusu bulunmamıştır."
v402-pharmacology-ivermektin,İvermektin,İvermektin | ivermectin,Antiparaziter ilaçlar,P1,Parazitlerde glutamat kapılı klor kanallarını artırarak paralizi yapan antiparaziter ilaçtır.,Strongyloides ve onchocerciasis gibi helmint enfeksiyonlarında kullanılır. Mikrofilaryal reaksiyon ve nörotoksisite uyarıları klinik bağlama göre önemlidir.,İvermektin parazitte klor kanalını artırır ve paralizi yapar.,Albendazol mikrotübül/glukoz alımı; ivermektin klor kanalı etkisiyle ayrılır.,Glutamat kapılı klor kanalı | Strongyloides | Onchocerca,0,
v402-pharmacology-albendazol,Albendazol,Albendazol | mebendazol,Antiparaziter ilaçlar,P1,Parazitlerde mikrotübül oluşumunu bozarak glukoz alımını azaltan benzimidazol ilaçtır.,Helmint enfeksiyonlarında kullanılır; parazitin enerji üretimi bozulur. Gebelik ve karaciğer toksisitesi açısından dikkat edilir.,Albendazol helmintte mikrotübül/glukoz alımını bozar.,İvermektin klor kanalı; prazikuantel kalsiyum geçirgenliği ile ayrılır.,Mikrotübül | Helmint | Glukoz alımı,0,
v402-pharmacology-praziquantel,Praziquantel,Praziquantel | prazikuantel,Antiparaziter ilaçlar,P1,Trematod ve sestodlarda kalsiyum geçirgenliğini artırarak spastik paralizi yapan ilaçtır.,Schistosoma ve bazı sestod enfeksiyonlarında kullanılır. Parazit kasılma ve tegument hasarıyla immün temizliğe açık hale gelir.,Praziquantel şistozom ve sestodlarda kalsiyum geçirgenliği üzerinden etkilidir.,Albendazol mikrotübül; prazikuantel kalsiyum ilişkili spastik paralizi yapar.,Kalsiyum geçirgenliği | Schistosoma | Sestod,0,
v402-pharmacology-acyclovir,Acyclovir,Acyclovir | asiklovir,Antiviral ilaçlar,P1,Viral timidin kinazla aktive edilen guanozin analoğu antiviral ilaçtır.,HSV ve VZV tedavisinde kullanılır; viral DNA polimerazı inhibe eder. Kristal nefropati/renal toksisite riski hidrasyonla azaltılabilir.,Asiklovir viral timidin kinazla aktive olur; HSV/VZV için klasiktir.,Gansiklovir CMV için daha güçlüdür ama miyelosupresyon riski belirgindir.,Viral timidin kinaz | HSV | VZV,0,
v402-pharmacology-gansiklovir-miyelosupresyonu,Gansiklovir miyelosupresyonu,Gansiklovir miyelosupresyonu | ganciclovir myelosuppression,Antiviral yan etkileri,P1,Gansiklovir kullanımında nötropeni ve kemik iliği baskılanması gelişebilmesidir.,CMV tedavisinde kullanılır; DNA polimeraz inhibisyonu yapar. Myelosupresyon özellikle immünsüprese hastada klinik izlem gerektirir.,CMV tedavisinde gansiklovir; yan etki miyelosupresyon.,Foskarnet nefrotoksisite ve elektrolit bozukluğu; gansiklovir miyelosupresyonla ayrılır.,Gansiklovir | CMV | Nötropeni,0,
v402-pharmacology-oseltamivir,Oseltamivir,Oseltamivir | neuraminidase inhibitor oseltamivir,Antiviral ilaçlar,P1,İnfluenza virüsünde nöraminidazı inhibe ederek virüs salınımını azaltan ilaçtır.,Erken başlanması klinik faydayı artırır. Mekanizma viral girişten çok yeni virionların hücreden ayrılmasını azaltmaya yöneliktir.,Oseltamivir nöraminidaz inhibitörüdür; influenza için kullanılır.,Amantadin M2 kanalını hedefler; oseltamivir nöraminidazı hedefler.,Nöraminidaz | İnfluenza | Antiviral tedavi,0,Kapalı alanda insektisit maruziyeti → kolinesteraz inhibitörüyle uyumlu toksik maruziyet bağlamı oluşturur. || Kapalı alanda insektisit maruziyeti → kolinesteraz inhibitörüyle uyumlu toksik maruziyet bağlamı oluşturur.
v402-pharmacology-ritonavir-cyp-inhibisyonu,Ritonavir CYP inhibisyonu,Ritonavir CYP inhibisyonu | ritonavir boosting,Antiretroviral farmakoloji,P1,Ritonavirin CYP3A inhibisyonu ile başka proteaz inhibitörlerinin düzeyini artırmak için kullanılmasıdır.,Farmakokinetik güçlendirici olarak düşük doz kullanılabilir. Bu kavram antiretroviral ilaç etkileşimlerini anlamada temel örnektir.,Ritonavir güçlü CYP3A inhibitörü olarak boosting amacıyla kullanılır.,Rifampisin CYP indükler; ritonavir CYP inhibe eder.,CYP450 inhibisyonu | Proteaz inhibitörü | Antiretroviral tedavi,0,"Organofosfatlar kolinesterazı fosforile ederek asetilkolin yıkımını azaltır; sonuçta muskarinik sekresyon-bradikardi ve nikotinik fasikülasyon bulguları birlikte gelişir. Pralidoksim, yaşlanma oluşmadan önce fosforillenmiş enzimi reaktive etmeyi hedefler; atropinden farkı reseptörü bloke etmek yerine toksik enzim inhibisyonunu geri çevirmeye çalışmasıdır. Bu nedenle veriler yalnızca kolinerjik bulguyu değil, antidotun enzim düzeyindeki hedefini ayırt ettirir. || Organofosfatlar kolinesterazı fosforile ederek asetilkolin yıkımını azaltır; sonuçta muskarinik sekresyon-bradikardi ve nikotinik fasikülasyon bulguları birlikte gelişir. Pralidoksim, yaşlanma oluşmadan önce fosforillenmiş enzimi reaktive etmeyi hedefler; atropinden farkı reseptörü bloke etmek yerine toksik enzim inhibisyonunu geri çevirmeye çalışmasıdır. Bu nedenle veriler yalnızca kolinerjik bulguyu değil, antidotun enzim düzeyindeki hedefini ayırt ettirir."
v402-pharmacology-nrti-mitokondriyal-toksisite,NRTI mitokondriyal toksisite,NRTI mitokondriyal toksisite | nükleozid revers transkriptaz inhibitörü mitokondriyal toksisite,Antiretroviral yan etkileri,P1,NRTI’ların mitokondriyal DNA polimeraz etkilenmesiyle laktik asidoz ve organ toksisitesi yapabilmesidir.,"Zidovudin, stavudin gibi ajanlarda kemik iliği baskılanması, periferik nöropati veya laktik asidoz gibi yan etkiler ilaç bazında değişebilir.",NRTI sınıfında mitokondriyal toksisite ve laktik asidoz akılda tutulur.,Proteaz inhibitörleri metabolik sendrom; NRTI mitokondriyal toksisiteyle ayrılır.,NRTI | Laktik asidoz | Mitokondriyal DNA,0,"Organofosfat toksisitesinde temel sorun kolinesteraz inhibisyonuna bağlı asetilkolin birikimidir; atropin reseptör düzeyinde, pralidoksim enzim düzeyinde etki eder. || Kapalı alanda insektisit maruziyeti öyküsü, organofosfat toksisitesi için güçlü farmakolojik bağlam oluşturur."
v402-pharmacology-proteaz-inhibitoru-metabolik-sendrom,Proteaz inhibitörü metabolik sendrom,Proteaz inhibitörü metabolik sendrom | HIV proteaz inhibitörü metabolik sendrom,Antiretroviral yan etkileri,P1,"HIV proteaz inhibitörleriyle insülin direnci, dislipidemi ve lipodistrofi gelişebilmesidir.",Antiretroviral tedavide uzun dönem kardiyometabolik risk yönetimi önemlidir. Ritonavir gibi ajanlar CYP etkileşimleriyle de dikkat çeker.,Proteaz inhibitörleri metabolik sendrom/lipodistrofi yapabilir.,NRTI mitokondriyal toksisite; proteaz inhibitörü metabolik yan etkilerle ayrılır.,Proteaz inhibitörü | Dislipidemi | İnsülin direnci,0,Klonus ve hiperrefleksi nöromüsküler hiperaktiviteyi gösterir; kurşun boru rijiditesinin baskın olmaması dopaminerjik blokajla ilişkili sendromlardan ayrımı destekler. || Klonus ve hiperrefleksi nöromüsküler hiperaktiviteyi gösterir; kurşun boru rijiditesinin baskın olmaması dopaminerjik blokajla ilişkili sendromlardan ayrımı destekler.
v402-pharmacology-primaquin-g6pd-hemolizi,Primaquin G6PD hemolizi,Primaquin G6PD hemolizi | primaquine G6PD deficiency,Antimalaryal yan etkileri,P1,Primaquin kullanımında G6PD eksikliği olanlarda oksidatif hemoliz gelişebilmesidir.,Primaquin hipnozoitlere etkisi nedeniyle P. vivax/ovale eradikasyonunda kullanılır; başlamadan önce G6PD değerlendirmesi önemlidir.,Primaquin vermeden önce G6PD eksikliği düşünülür.,Klorokin retinopati; primaquin hemoliz riskiyle ayrılır.,G6PD eksikliği | Oksidatif hemoliz | Hipnozoit,0,G6PD eksikliğinde metilen mavisi etkisiz kalabilir veya hemolizi artırabilir; bu ayrım toksikoloji sorularında önemlidir. || G6PD eksikliğinde metilen mavisi etkisiz kalabilir veya hemolizi artırabilir; bu ayrım toksikoloji sorularında önemlidir.
v402-pharmacology-kalsinorin-inhibitoru-nefrotoksisitesi,Kalsinörin inhibitörü nefrotoksisitesi,Kalsinörin inhibitörü nefrotoksisitesi | siklosporin nefrotoksisitesi | takrolimus nefrotoksisitesi,İmmünsupresanlar,P1,Siklosporin ve takrolimusun afferent arteriol vazokonstriksiyonu ve tübüler etkilerle böbrek hasarı yapabilmesidir.,"IL-2 transkripsiyonunu azaltarak T hücre aktivasyonunu baskılarlar. Nefrotoksisite, hipertansiyon ve ilaç düzeyi izlemi transplant farmakolojisinin temelidir.",Kalsinörin inhibitörleri nefrotoksisite ve hipertansiyonla öne çıkar.,Sirolimus mTOR inhibisyonu yapar ve belirgin nefrotoksisite kalsinörin inhibitörleri kadar klasik değildir.,Siklosporin | Takrolimus | IL-2,0,Sisplatin nefrotoksisitesini azaltmak için kullanılan koruyucu yaklaşımın temel mantığı nedir? || Mesna siklofosfamidin hemorajik sistit toksisitesinde kullanılır; sisplatin nefrotoksisitesi için klasik isim amifostindir.
v402-pharmacology-sirolimus,Sirolimus,Sirolimus | mTOR inhibitörü sirolimus,İmmünsupresanlar,P1,mTOR inhibisyonu ile T hücre proliferasyonunu azaltan immünsupresan ilaçtır.,"IL-2 sinyalinin hücre döngüsü etkisini azaltır. Yara iyileşmesini geciktirme, hiperlipidemi ve miyelosupresyon yan etkileriyle kalsinörin inhibitörlerinden ayrılır.",Sirolimus mTOR inhibitörüdür; yara iyileşmesini geciktirebilir.,Takrolimus kalsinörin inhibisyonu; sirolimus mTOR inhibisyonu yapar.,mTOR | T hücre proliferasyonu | Transplantasyon,0,
