id,term,aliases,category,subcategory,priority,shortDefinition,postAnswerExplanation,tusPearl,differentialPoint,safeNestedTerms,occurrenceCount,sourceFilePath
v400-microbiology-streptolizin-o,Streptolizin O,Streptolizin O | SLO | streptolysin O,Tıbbi Mikrobiyoloji,Gram pozitif kok / virülans,P1,Streptococcus pyogenes’in oksijene duyarlı hemolizinidir.,Streptolizin O eritrositleri ve konak hücrelerini hasarlayabilen antijenik bir toksindir. Anti-streptolizin O yanıtı geçirilmiş A grubu streptokok enfeksiyonunu desteklemek için kullanılır.,Geçirilmiş streptokok enfeksiyonu kanıtı sorulursa ASO yanıtı streptolizin O’ya karşı gelişir.,Streptolizin S oksijene dayanıklıdır ve kanlı agardaki yüzeyel beta hemolize daha çok katkı verir.,Streptococcus pyogenes | ASO | Beta hemoliz,30,src/data/cases.js; src/data/tusPearlCards.js; src/data/tusPearlMedicalMicrobiologyFirst52Overrides.js; src/data/tusPearlMedicalMicrobiologySecond52Overrides.js
v400-microbiology-streptolizin-s,Streptolizin S,Streptolizin S | SLS | streptolysin S,Tıbbi Mikrobiyoloji,Gram pozitif kok / virülans,P2,"S. pyogenes’in oksijene dayanıklı, antijenik olmayan hemolizinidir.",Streptolizin S kanlı agarda beta hemoliz görünümüne katkı verir. Antijenik olmadığı için ASO testinin hedefi değildir.,Beta hemoliz görünümü streptolizin S ile; ASO yanıtı streptolizin O ile ilişkilidir.,Streptolizin O antijeniktir; streptolizin S antijenik değildir.,Streptococcus pyogenes | Beta hemoliz | ASO,26,src/data/cases.js; src/data/tusPearlCards.js; src/data/tusPearlMedicalMicrobiologyFirst52Overrides.js; src/data/tusPearlMedicalMicrobiologySecond52Overrides.js
v400-microbiology-katalaz-testi,Katalaz testi,Katalaz testi | catalase test | katalaz pozitiflik | katalaz negatiflik,Tıbbi Mikrobiyoloji,Laboratuvar tanı testi,P0,Hidrojen peroksidin su ve oksijene ayrılmasını gösteren temel bakteri ayırım testidir.,"Katalaz testi stafilokokları streptokoklardan ayırmada ilk kapılardan biridir. Stafilokoklar katalaz pozitif, streptokoklar genellikle katalaz negatiftir.",Gram pozitif kok ayrımında “üzüm salkımı + katalaz pozitif” stafilokok; “zincir + katalaz negatif” streptokok lehinedir.,Koagülaz testi stafilokok alt ayrımı için kullanılır; katalaz testi stafilokok-streptokok ayrımı içindir.,Staphylococcus aureus | Streptococcus pyogenes | Koagülaz testi,41,src/data/cases.js; src/data/tusPearlCards.js; src/data/tusPearlMedicalMicrobiologyFirst52Overrides.js; src/data/tusPearlMedicalMicrobiologySecond52Overrides.js
v400-microbiology-koagulaz-testi,Koagülaz testi,Koagülaz testi | coagulase test | koagülaz pozitiflik | koagülaz negatiflik,Tıbbi Mikrobiyoloji,Laboratuvar tanı testi,P0,Stafilokoklar arasında S. aureus’u koagülaz negatif türlerden ayıran testtir.,Koagülaz fibrinojeni fibrine dönüştürerek bakterinin çevresinde koruyucu bir yapı oluşmasına katkı sağlar. Koagülaz pozitiflik pürülan deri enfeksiyonu ve apse yapan S. aureus için klasik laboratuvar ipucudur.,Katalaz pozitif gram pozitif kokta koagülaz pozitiflik S. aureus lehinedir.,S. epidermidis ve S. saprophyticus koagülaz negatiftir; S. aureus koagülaz pozitiftir.,Staphylococcus aureus | Katalaz testi | Protein A,118,src/data/cases.js; src/data/tusPearlCards.js; src/data/tusPearlMedicalMicrobiologyFirst52Overrides.js; src/data/tusPearlMedicalMicrobiologySecond52Overrides.js
v400-microbiology-eksfolyatif-toksin,Eksfolyatif toksin,Eksfolyatif toksin | exfoliative toxin | epidermolitik toksin,Tıbbi Mikrobiyoloji,Bakteriyel toksin,P1,S. aureus’un epidermiste desmoglein-1’i hedefleyerek yüzeyel ayrılma yapan toksinidir.,Eksfolyatif toksin stafilokokal haşlanmış deri sendromu ve büllöz impetigo patogenezinde önemlidir. Toksin epidermisin yüzeyel tabakalarında hücre bağlantılarını bozar.,Yaygın yüzeyel deri soyulması + S. aureus toksini = eksfolyatif toksin.,Toksik şok sendromu toksini süperantijen etkisiyle sistemik tablo yapar; eksfolyatif toksin epidermal ayrılma yapar.,Staphylococcus aureus | Büllöz impetigo | Toksik şok sendromu toksini,629,src/data/cases.js; src/data/tusPearlCards.js; src/data/tusPearlMedicalMicrobiologyFirst52Overrides.js; src/data/tusPearlMedicalMicrobiologySecond52Overrides.js
v400-microbiology-panton-valentine-lokosidin,Panton-Valentine lökosidin,Panton-Valentine lökosidin | PVL | Panton Valentine leukocidin,Tıbbi Mikrobiyoloji,Bakteriyel toksin,P1,"S. aureus’un nötrofilleri hedefleyen, nekrotizan deri enfeksiyonu ve pnömoniyle ilişkilendirilen lökosidinidir.",PVL nötrofil membranında por oluşturarak hücre yıkımına katkı sağlar. Toplum kökenli MRSA olgularında nekrotizan apse ve ağır pnömoni bağlamında akılda tutulur.,Nekrotizan deri apsesi veya ağır nekrotizan pnömonide PVL ilişkisi sorulabilir.,Protein A opsonizasyonu azaltır; PVL nötrofil yıkımıyla ilişkilidir.,Staphylococcus aureus | MRSA | Nekrotizan pnömoni,136,src/data/cases.js; src/data/tusPearlCards.js; src/data/tusPearlMedicalMicrobiologyFirst52Overrides.js; src/data/tusPearlMedicalMicrobiologySecond52Overrides.js
v400-microbiology-meca-geni,MecA geni,MecA geni | mecA | mecA-mediated resistance,Tıbbi Mikrobiyoloji,Antibiyotik direnci,P0,MRSA’da beta-laktamlara direnç oluşturan değişmiş penisilin bağlayıcı proteini kodlayan gendir.,mecA geni PBP2a üretimine yol açar; bu protein beta-laktamlara düşük afinite gösterdiği için metisilin/oksasilin direnci gelişir. Bu direnç tedavi seçimini doğrudan değiştirir.,MRSA direncinin moleküler temeli mecA → PBP2a → beta-laktam bağlanmasının azalmasıdır.,Beta-laktamaz enzimi antibiyotiği parçalar; mecA hedef proteinin yapısını değiştirir.,MRSA | PBP2a | Beta-laktam direnci,8,src/data/cases.js; src/data/tusPearlCards.js; src/data/tusPearlMedicalMicrobiologyFirst52Overrides.js; src/data/tusPearlMedicalMicrobiologySecond52Overrides.js
v400-microbiology-pbp2a,PBP2a,PBP2a | penisilin bağlayıcı protein 2a | PBP 2a,Tıbbi Mikrobiyoloji,Antibiyotik direnci,P0,mecA geniyle kodlanan ve beta-laktamlara düşük afinite gösteren hedef proteindir.,PBP2a varlığı MRSA fenotipinin temelidir. Beta-laktamlar normal PBP’leri inhibe etse bile PBP2a hücre duvarı sentezini sürdürebilir.,MRSA’da direnç antibiyotiği parçalamaktan çok hedef PBP’nin değişmesiyle açıklanır.,ESBL beta-laktamaz temelli dirençtir; PBP2a hedef değişikliği temelli dirençtir.,MecA geni | MRSA | Beta-laktam,6,src/data/cases.js; src/data/tusPearlCards.js; src/data/tusPearlMedicalMicrobiologyFirst52Overrides.js; src/data/tusPearlMedicalMicrobiologySecond52Overrides.js
v400-microbiology-vankomisin-direncli-enterokok,Vankomisin dirençli enterokok,Vankomisin dirençli enterokok | VRE | vancomycin-resistant Enterococcus,Tıbbi Mikrobiyoloji,Antibiyotik direnci,P1,Enterokoklarda vankomisin hedefinin değişmesiyle gelişen direnç fenotipidir.,VRE’de peptidoglikan öncül ucundaki D-Ala-D-Ala hedefi çoğunlukla D-Ala-D-Lac’a dönüşür. Bu değişiklik vankomisinin bağlanmasını belirgin azaltır.,"VRE mantığı: hedef uç değişir, vankomisin bağlanamaz.",MRSA’da hedef PBP değişir; VRE’de peptidoglikan öncül ucunun yapısı değişir.,Enterococcus faecalis | D-alanin-D-laktat değişimi | Vankomisin,119,src/data/cases.js; src/data/tusPearlCards.js; src/data/tusPearlMedicalMicrobiologyFirst52Overrides.js; src/data/tusPearlMedicalMicrobiologySecond52Overrides.js
v400-microbiology-d-alanin-d-laktat-degisimi,D-alanin-D-laktat değişimi,D-alanin-D-laktat değişimi | D-Ala-D-Lac | D-Ala-D-Lactate,Tıbbi Mikrobiyoloji,Antibiyotik direnci,P1,VRE’de vankomisinin bağlandığı peptidoglikan hedef ucunun D-Ala-D-Ala yerine D-Ala-D-Lac’a dönüşmesidir.,Bu değişiklik hidrojen bağı düzenini bozarak vankomisin afinitesini azaltır. Böylece hücre duvarı sentezi vankomisin varlığında da devam edebilir.,Vankomisin direncinde anahtar ifade D-Ala-D-Lac hedef değişimidir.,Beta-laktam direncinde PBP değişimi veya beta-laktamaz olabilir; vankomisin direncinde hedef uç değişir.,VRE | Vankomisin | Peptidoglikan,29,src/data/cases.js; src/data/tusPearlCards.js; src/data/tusPearlMedicalMicrobiologyFirst52Overrides.js; src/data/tusPearlMedicalMicrobiologySecond52Overrides.js
v400-microbiology-listeriolizin-o,Listeriolizin O,Listeriolizin O | listeriolysin O | LLO,Tıbbi Mikrobiyoloji,Gram pozitif basil / virülans,P0,Listeria monocytogenes’in fagolizozomdan sitoplazmaya kaçmasını sağlayan por oluşturan toksinidir.,Listeriolizin O hücre içi yaşamı mümkün kılar; bakteri fagolizozomdan kaçar ve aktin kuyruğu oluşturarak hücreden hücreye yayılır. Bu yüzden hücresel immünite baskılanınca risk artar.,"Listeria için listeriolizin O kaçış, ActA ise aktin temelli hücreden hücreye yayılım ipucudur.",Tetanoz toksini sinaptik inhibisyonu bozar; listeriolizin O fagolizozomal kaçış sağlar.,Listeria monocytogenes | ActA proteini | Zorunlu intraselüler bakteri,188,src/data/cases.js; src/data/tusPearlCards.js; src/data/tusPearlMedicalMicrobiologyFirst52Overrides.js; src/data/tusPearlMedicalMicrobiologySecond52Overrides.js
v400-microbiology-tumpling-motility,Tumpling motility,Tumpling motility | tumbling motility | takla hareketi,Tıbbi Mikrobiyoloji,Laboratuvar tanı bulgusu,P1,Listeria monocytogenes’in oda sıcaklığında görülebilen karakteristik hareket paternidir.,"Takla tarzı hareket Listeria için klasik mikrobiyolojik ipucudur. Klinik bağlamda gebeler, yenidoğanlar, yaşlılar ve hücresel immünitesi baskılanmış hastalarda menenjit/sepsis yapabilir.",Takla hareketi + soğukta çoğalma + yaşlı/gebede menenjit Listeria’yı düşündürür.,Proteus yayılma hareketiyle; Listeria ise takla tarzı motiliteyle akılda tutulur.,Listeria monocytogenes | Soğukta çoğalma | Bakteriyel menenjit,112,src/data/cases.js; src/data/tusPearlCards.js; src/data/tusPearlMedicalMicrobiologyFirst52Overrides.js; src/data/tusPearlMedicalMicrobiologySecond52Overrides.js
v400-microbiology-sogukta-cogalma,Soğukta çoğalma,Soğukta çoğalma | cold enrichment | buzdolabında çoğalma,Tıbbi Mikrobiyoloji,Mikrobiyolojik özellik,P1,Listeria’nın düşük sıcaklıklarda çoğalabilme özelliğidir.,Bu özellik pastörize edilmemiş veya buzdolabında saklanan gıdalarla ilişkili listeriyoz riskini açıklar. Klinik olarak yaşlılarda ve gebelerde gıda kaynaklı menenjit/sepsis bağlamında önemlidir.,Buzdolabı gıdası + yaşlı/gebede menenjit = Listeria düşün.,Campylobacter mikroaerofilik koşul ister; Listeria soğukta çoğalabilmesiyle hatırlanır.,Listeria monocytogenes | Tumpling motility | Gıda kaynaklı enfeksiyon,341,src/data/cases.js; src/data/tusPearlCards.js; src/data/tusPearlMedicalMicrobiologyFirst52Overrides.js; src/data/tusPearlMedicalMicrobiologySecond52Overrides.js
v400-microbiology-difteria-toksini,Difteria toksini,Difteria toksini | diphtheria toxin | Corynebacterium diphtheriae toksini,Tıbbi Mikrobiyoloji,Bakteriyel toksin,P1,EF-2’yi ADP-ribozilleyerek protein sentezini inhibe eden Corynebacterium diphtheriae toksinidir.,Difteria toksini farenkste psödomembran oluşturabilir ve sistemik dolaşıma geçerse miyokardit/nöropati yapabilir. Toksijenite bakterinin kendisinden çok toksin genini taşıyan fajla ilişkilidir.,Boğazda psödomembran + EF-2 inhibisyonu = difteria toksini.,Pseudomonas exotoksin A da EF-2’yi hedefler; difteride psödomembran ve miyokardit vurgusu beklenir.,EF-2 ADP-ribozilasyonu | Korynebakteriyel psödomembran | Toksoid aşı,194,src/data/cases.js; src/data/tusPearlCards.js; src/data/tusPearlMedicalMicrobiologyFirst52Overrides.js; src/data/tusPearlMedicalMicrobiologySecond52Overrides.js
v400-microbiology-ef-2-adp-ribozilasyonu,EF-2 ADP-ribozilasyonu,EF-2 ADP-ribozilasyonu | elongation factor 2 ADP ribosylation | EF2 inhibisyonu,Tıbbi Mikrobiyoloji,Toksin mekanizması,P1,Difteria toksini ve Pseudomonas exotoksin A’nın protein sentezini durdurduğu mekanizmadır.,EF-2 translokasyon basamağı için gereklidir. ADP-ribozilasyon bu faktörü işlevsiz kılar ve hücrede protein sentezi durur.,EF-2 inhibisyonu sorulursa difteria toksini ve Pseudomonas exotoksin A birlikte düşünülür.,Shiga toksini 60S ribozomu hedefler; difteria/Pseudomonas exotoksin A EF-2’yi hedefler.,Difteria toksini | Exotoksin A | Protein sentezi inhibisyonu,98,src/data/cases.js; src/data/tusPearlCards.js; src/data/tusPearlMedicalMicrobiologyFirst52Overrides.js; src/data/tusPearlMedicalMicrobiologySecond52Overrides.js
v400-microbiology-snare-protein-yikimi,SNARE protein yıkımı,SNARE protein yıkımı | SNARE cleavage | sinaptobrevin yıkımı,Tıbbi Mikrobiyoloji,Toksin mekanizması,P1,Bazı klostridial nörotoksinlerin nörotransmitter vezikül salınımını bozduğu moleküler mekanizmadır.,Tetanoz ve botulinum toksinleri SNARE kompleksini hedefler ancak klinik sonuçları farklıdır. Tetanoz inhibitör ara nöron sinyalini keser; botulinum nöromüsküler kavşakta ACh salınımını azaltır.,"Aynı SNARE hedefi farklı yerde etkilenirse tetanoz spastik, botulizm flask paralizi yapar.",Tetanoz merkezi inhibitör nöronları; botulizm periferik nöromüsküler kavşağı etkiler.,Tetanospazmin | Botulinum toksini | Spastik paralizi | Flask paralizi,145,src/data/cases.js; src/data/tusPearlCards.js; src/data/tusPearlMedicalMicrobiologyFirst52Overrides.js; src/data/tusPearlMedicalMicrobiologySecond52Overrides.js
v400-microbiology-spastik-paralizi,Spastik paralizi,Spastik paralizi | spastic paralysis | spastik nöromüsküler tablo,Tıbbi Mikrobiyoloji,Klinik tablo / toksin etkisi,P1,Kas tonusunda artış ve spazmla giden paralizi paternidir.,Tetanozda inhibitör nörotransmitter salınımı baskılandığı için motor aktivite kontrolsüzleşir ve spastik kasılmalar oluşur. Bu patern botulizmin flask paralizisinden ayrılır.,Tetanoz spastik; botulizm flask paralizi yapar.,Flask paralizide kas tonusu azalır; spastik paralizide kas tonusu ve refleks aktivite artar.,Tetanospazmin | Clostridium tetani | Flask paralizi,272,src/data/cases.js; src/data/tusPearlCards.js; src/data/tusPearlMedicalMicrobiologyFirst52Overrides.js; src/data/tusPearlMedicalMicrobiologySecond52Overrides.js
v400-microbiology-flask-paralizi,Flask paralizi,Flask paralizi | flaccid paralysis | gevşek paralizi,Tıbbi Mikrobiyoloji,Klinik tablo / toksin etkisi,P1,Kas tonusu azalmasıyla giden güçsüzlük paternidir.,Botulizmde asetilkolin salınımının azalması nöromüsküler iletimi bozar ve flask paralizi yapar. Benzer patern poliomiyelit veya periferik sinir hastalıklarında da görülebilir.,Botulizm sınavda desendan flask paraliziyle yakalanır.,Tetanoz spastik paralizi yapar; botulizm flask paralizi yapar.,Botulinum toksini | Asetilkolin | Spastik paralizi,205,src/data/cases.js; src/data/tusPearlCards.js; src/data/tusPearlMedicalMicrobiologyFirst52Overrides.js; src/data/tusPearlMedicalMicrobiologySecond52Overrides.js
v400-microbiology-c-difficile-toksin-a-b,C. difficile toksin A/B,C. difficile toksin A/B | Clostridioides difficile toksin A/B | toksin A ve toksin B,Tıbbi Mikrobiyoloji,Bakteriyel toksin,P0,C. difficile’nin kolon mukozasında inflamasyon ve hücre hasarı yapan toksinleridir.,"Toksin A enterotoksik, toksin B sitotoksik etkiyle epitel bütünlüğünü bozar. Antibiyotik sonrası sulu ishal ve psödomembranöz kolit bu toksijenik aktiviteyle açıklanır.",Antibiyotik sonrası ishalde toksin/NAAT pozitifliği C. difficile lehinedir.,Kolonizasyon tek başına hastalık değildir; semptom + toksin kanıtı klinik anlam taşır.,Clostridioides difficile | Psödomembranöz kolit | Dışkı toksin testi,319,src/data/cases.js; src/data/tusPearlCards.js; src/data/tusPearlMedicalMicrobiologyFirst52Overrides.js; src/data/tusPearlMedicalMicrobiologySecond52Overrides.js
v400-microbiology-alfa-toksin,Alfa toksin,Alfa toksin | Clostridium perfringens alfa toksini | lecithinase,Tıbbi Mikrobiyoloji,Bakteriyel toksin,P1,C. perfringens’in membran fosfolipitlerini parçalayan fosfolipaz C toksinidir.,"Alfa toksin miyonekroz, hemoliz ve gazlı gangren patogenezinde önemlidir. Doku yıkımı ve anaerob ortam enfeksiyonun hızla ilerlemesine yol açar.",Gazlı gangrende alfa toksin ve çift zon hemoliz klasik ipuçlarıdır.,Tetanoz toksini nörotoksindir; C. perfringens alfa toksini doku yıkımı yapan fosfolipazdır.,Gazlı gangren | Clostridium perfringens | Çift zon hemoliz,123,src/data/cases.js; src/data/tusPearlCards.js; src/data/tusPearlMedicalMicrobiologyFirst52Overrides.js; src/data/tusPearlMedicalMicrobiologySecond52Overrides.js
v400-microbiology-gazli-gangren,Gazlı gangren,Gazlı gangren | klostridial miyonekroz | gas gangrene,Tıbbi Mikrobiyoloji,Klinik tablo / anaerob enfeksiyon,P1,Kas dokusunda hızla ilerleyen nekroz ve gaz oluşumuyla seyreden klostridial enfeksiyondur.,C. perfringens travma sonrası anaerob dokuda çoğalır; alfa toksin doku yıkımı ve sistemik toksisite oluşturur. Cerrahi debridman ve antibiyotik gecikmemelidir.,Travma sonrası şiddetli ağrı + krepitasyon + anaerob gram pozitif basil = gazlı gangren.,Nekrotizan fasiit fasya boyunca yayılır; gazlı gangren kas miyonekrozu ile öne çıkar.,Alfa toksin | Clostridium perfringens | Anaerob kültür,101,src/data/cases.js; src/data/tusPearlCards.js; src/data/tusPearlMedicalMicrobiologyFirst52Overrides.js; src/data/tusPearlMedicalMicrobiologySecond52Overrides.js
v400-microbiology-gram-negatif-diplokok,Gram negatif diplokok,Gram negatif diplokok | gram-negative diplococcus | gram negatif kahve çekirdeği diplokok,Tıbbi Mikrobiyoloji,Morfoloji / laboratuvar,P0,Neisseria türlerini düşündüren çiftler halinde gram negatif kok morfolojisidir.,Meningokok ve gonokok mikroskopide gram negatif diplokok olarak görülür. Klinik bağlam menenjit-sepsis veya üretrit-servisit ayrımında belirleyicidir.,Peteşi + menenjit + gram negatif diplokok = N. meningitidis; üretrit + PMN içi diplokok = N. gonorrhoeae.,Streptococcus pneumoniae gram pozitif lancet şeklinde diplokoktur.,Neisseria meningitidis | Neisseria gonorrhoeae | IgA proteaz,227,src/data/cases.js; src/data/tusPearlCards.js; src/data/tusPearlMedicalMicrobiologyFirst52Overrides.js; src/data/tusPearlMedicalMicrobiologySecond52Overrides.js
v400-microbiology-meningokok-kapsulu,Meningokok kapsülü,Meningokok kapsülü | Neisseria meningitidis kapsülü | meningococcal capsule,Tıbbi Mikrobiyoloji,Virülans / kapsül,P1,N. meningitidis’in invazyon ve kompleman kaçışında önemli polisakkarit kapsülüdür.,Kapsül fagositoza direnç sağlar ve meningokok aşılarının temel hedeflerinden biridir. Terminal kompleman eksikliklerinde kapsüllü Neisseria enfeksiyonları tekrarlayabilir.,Tekrarlayan meningokok enfeksiyonu C5-C9 eksikliğini düşündürür.,Gonokok belirgin kapsül yerine antijenik değişkenlik ve piliyle daha çok sorulur.,Neisseria meningitidis | C5-C9 eksikliği | Konjuge aşı,320,src/data/cases.js; src/data/tusPearlCards.js; src/data/tusPearlMedicalMicrobiologyFirst52Overrides.js; src/data/tusPearlMedicalMicrobiologySecond52Overrides.js
v400-microbiology-c5-c9-eksikligi,C5-C9 eksikliği,C5-C9 eksikliği | terminal kompleman eksikliği | MAC eksikliği,Tıbbi Mikrobiyoloji,İmmünoloji / enfeksiyon yatkınlığı,P0,Membran atak kompleksi oluşumunu bozan terminal kompleman eksikliğidir.,C5-C9 eksikliği özellikle Neisseria türleriyle tekrarlayan invaziv enfeksiyon riskini artırır. Çünkü Neisseria öldürülmesinde terminal kompleman aracılı lizis önemlidir.,Tekrarlayan meningokok/gonokok enfeksiyonu terminal kompleman eksikliğini düşündürür.,C3 eksikliği çok daha geniş piyojenik enfeksiyon yatkınlığı yapar; C5-C9 eksikliği Neisseria ile daha özeldir.,Neisseria meningitidis | Membran atak kompleksi | Meningokok kapsülü,78,src/data/cases.js; src/data/tusPearlCards.js; src/data/tusPearlMedicalMicrobiologyFirst52Overrides.js; src/data/tusPearlMedicalMicrobiologySecond52Overrides.js
v400-microbiology-ga-proteaz,IgA proteaz,IgA proteaz | IgA protease,Tıbbi Mikrobiyoloji,Virülans faktörü,P0,Mukozal yüzeyde sekretuar IgA’yı parçalayarak kolonizasyona katkı sağlayan enzimdir.,"Neisseria, S. pneumoniae ve H. influenzae gibi solunum/mukoza patojenlerinde IgA proteazı önemli bir virülans faktörüdür. Bu enzim mukozal antikor savunmasını zayıflatır.",Mukozal kapsüllü solunum patojenlerinde IgA proteaz akılda tutulur.,Kapsül fagositozdan kaçışı; IgA proteaz mukozal antikor savunmasından kaçışı açıklar.,Neisseria | Streptococcus pneumoniae | Haemophilus influenzae,114,src/data/cases.js; src/data/tusPearlCards.js; src/data/tusPearlMedicalMicrobiologyFirst52Overrides.js; src/data/tusPearlMedicalMicrobiologySecond52Overrides.js
v400-microbiology-hib-kapsulu,Hib kapsülü,Hib kapsülü | Haemophilus influenzae tip b kapsülü | PRP kapsülü,Tıbbi Mikrobiyoloji,Virülans / kapsül,P1,H. influenzae tip b’nin invazif hastalıkla ilişkili poliribozilribitol fosfat kapsülüdür.,"PRP kapsülü Hib’in epiglottit, menenjit ve invazif enfeksiyon yapma kapasitesini artırır. Konjuge Hib aşısı bu kapsüler antijene karşı koruyuculuk sağlar.",Hib aşısı PRP kapsülünü hedefleyen konjuge aşı mantığıyla çalışır.,Tiplenemeyen H. influenzae kapsülsüzdür ve daha çok otitis/sinüzit gibi mukozal enfeksiyonlarla ilişkilidir.,Haemophilus influenzae tip b | PRP kapsülü | Konjuge aşı,31,src/data/cases.js; src/data/tusPearlCards.js; src/data/tusPearlMedicalMicrobiologyFirst52Overrides.js; src/data/tusPearlMedicalMicrobiologySecond52Overrides.js
v400-microbiology-adenilat-siklaz-toksini,Adenilat siklaz toksini,Adenilat siklaz toksini | adenylate cyclase toxin,Tıbbi Mikrobiyoloji,Bakteriyel toksin,P1,Bordetella pertussis’in fagosit fonksiyonunu bozan cAMP artırıcı toksinidir.,"Bu toksin fagositlerde cAMP düzeyini artırarak kemotaksi, fagositoz ve oksidatif yanıtı zayıflatır. Böylece boğmaca etkeninin solunum mukozasında tutunması kolaylaşır.","Boğmaca sadece öksürük değil, toksinlerle immün fonksiyon bozulmasıdır.",Pertussis toksini Gi üzerinden sistemik cAMP artışıyla; adenilat siklaz toksini fagosit işlev bozukluğuyla öne çıkar.,Bordetella pertussis | Pertussis toksini | cAMP,100,src/data/cases.js; src/data/tusPearlCards.js; src/data/tusPearlMedicalMicrobiologyFirst52Overrides.js; src/data/tusPearlMedicalMicrobiologySecond52Overrides.js
v400-microbiology-o-antijeni,O antijeni,O antijeni | somatik O antijeni,Tıbbi Mikrobiyoloji,Bakteriyel antijen,P1,Gram negatif LPS’nin dışta kalan polisakkarit antijenik kısmıdır.,O antijeni serotiplendirmede kullanılır ve E. coli O157:H7 gibi adlandırmalarda “O” somatik antijen bilgisini taşır. Bağışıklık ve epidemiyolojik sınıflamada önemlidir.,"EHEC O157:H7’de O somatik antijeni, H flagellar antijeni ifade eder.",H antijeni flagella ile; K antijeni kapsül ile ilişkilidir.,EHEC O157:H7 | H antijeni | K antijeni,10,src/data/cases.js; src/data/tusPearlCards.js; src/data/tusPearlMedicalMicrobiologyFirst52Overrides.js; src/data/tusPearlMedicalMicrobiologySecond52Overrides.js
v400-microbiology-h-antijeni,H antijeni,H antijeni | flagellar H antijeni,Tıbbi Mikrobiyoloji,Bakteriyel antijen,P2,Bakterinin flagellasına ait serolojik antijendir.,H antijeni hareketli gram negatif bakterilerin serotiplendirilmesinde kullanılır. E. coli O157:H7 ifadesindeki H7 flagellar antijeni belirtir.,O157:H7’de H7 flagellar antijendir.,"O antijeni LPS somatik kısmı, K antijeni kapsül yapısıdır.",O antijeni | EHEC O157:H7 | Flagella,11,src/data/cases.js; src/data/tusPearlCards.js; src/data/tusPearlMedicalMicrobiologyFirst52Overrides.js; src/data/tusPearlMedicalMicrobiologySecond52Overrides.js
v400-microbiology-sorbitol-negatif-macconkey,Sorbitol negatif MacConkey,Sorbitol negatif MacConkey | sorbitol MacConkey negatifliği | SMAC sorbitol negatif,Tıbbi Mikrobiyoloji,Laboratuvar tanı bulgusu,P1,EHEC O157:H7’nin sorbitolü fermente etmemesiyle klasik olarak ilişkilendirilen kültür bulgusudur.,Çoğu E. coli sorbitol fermente ederken O157:H7 suşu klasik olarak sorbitol negatif görünür. Kanlı ishal ve HUS riski bağlamında laboratuvar ipucu sağlar.,Kanlı ishal + HUS riski + sorbitol negatif E. coli = EHEC O157:H7.,ETEC sulu gezgin ishali yapar; EHEC kanlı ishal ve HUS riskiyle öne çıkar.,EHEC O157:H7 | Shiga benzeri toksin | HUS,11,src/data/cases.js; src/data/tusPearlCards.js; src/data/tusPearlMedicalMicrobiologyFirst52Overrides.js; src/data/tusPearlMedicalMicrobiologySecond52Overrides.js
v400-microbiology-shiga-benzeri-toksin,Shiga benzeri toksin,Shiga benzeri toksin | Shiga-like toxin | verotoksin | Stx,Tıbbi Mikrobiyoloji,Bakteriyel toksin,P0,EHEC’in 60S ribozomal alt birimi hedefleyerek protein sentezini bozan toksinidir.,Shiga benzeri toksin kolonik epitel ve endotel hasarı yapar; kanlı ishal ve hemolitik üremik sendrom riskini açıklar. Antibiyotik kullanımı toksin salınımını artırabileceği için klasik sınav tuzağıdır.,EHEC’te antibiyotikten kaçınma mantığı Shiga benzeri toksin ve HUS riskidir.,Shigella dysenteriae gerçek Shiga toksini üretir; EHEC Shiga benzeri toksinle sorulur.,EHEC O157:H7 | HUS | 60S ribozom inhibisyonu,58,src/data/cases.js; src/data/tusPearlCards.js; src/data/tusPearlMedicalMicrobiologyFirst52Overrides.js; src/data/tusPearlMedicalMicrobiologySecond52Overrides.js
v400-microbiology-60s-ribozom-inhibisyonu,60S ribozom inhibisyonu,60S ribozom inhibisyonu | 60S ribozomal alt birim inhibisyonu | protein sentezi inhibisyonu,Tıbbi Mikrobiyoloji,Toksin mekanizması,P1,Shiga/Shiga benzeri toksinlerin ökaryotik ribozomu hedefleyerek protein sentezini durdurma mekanizmasıdır.,"Bu mekanizma bağırsak epitel hasarı, kanlı ishal ve endotel hasarıyla HUS gelişimini açıklar. Toksin A alt birimi ribozomal RNA’yı inaktive eder.",Shiga toksini 60S’i; difteria/Pseudomonas exotoksin A EF-2’yi hedefler.,EF-2 ADP-ribozilasyonu başka bir protein sentezi inhibisyon mekanizmasıdır.,Shiga toksini | EHEC | HUS,73,src/data/cases.js; src/data/tusPearlCards.js; src/data/tusPearlMedicalMicrobiologyFirst52Overrides.js; src/data/tusPearlMedicalMicrobiologySecond52Overrides.js
v400-microbiology-etec-isiya-duyarli-toksin,ETEC ısıya duyarlı toksin,ETEC ısıya duyarlı toksin | LT toksini | heat-labile toxin,Tıbbi Mikrobiyoloji,Bakteriyel toksin,P1,ETEC’in Gs üzerinden cAMP artışı yapan ısıya duyarlı enterotoksinidir.,LT toksini kolera toksinine benzer şekilde adenilat siklazı artırır. Sekretuar sulu ishal ve gezgin ishali patogenezinde önemlidir.,ETEC LT toksini cAMP; ST toksini cGMP artışıyla akılda tutulur.,EHEC invazyon olmadan kanlı ishal/HUS riski yapar; ETEC sekretuar sulu ishal yapar.,ETEC | cAMP | Gezgin ishali,207,src/data/cases.js; src/data/tusPearlCards.js; src/data/tusPearlMedicalMicrobiologyFirst52Overrides.js; src/data/tusPearlMedicalMicrobiologySecond52Overrides.js
v400-microbiology-etec-isiya-dayanikli-toksin,ETEC ısıya dayanıklı toksin,ETEC ısıya dayanıklı toksin | ST toksini | heat-stable toxin,Tıbbi Mikrobiyoloji,Bakteriyel toksin,P1,ETEC’in guanilat siklaz üzerinden cGMP artışı yapan ısıya dayanıklı enterotoksinidir.,ST toksini bağırsakta elektrolit ve su sekresyonunu artırır. Klinik olarak ateşsiz sulu ishal ve seyahat ilişkili ishal bağlamında sorulur.,ETEC ST toksini cGMP artışı yapar.,Kolera ve ETEC LT cAMP üzerinden; ETEC ST cGMP üzerinden sekretuar ishal yapar.,ETEC | cGMP | Gezgin ishali,39,src/data/cases.js; src/data/tusPearlCards.js; src/data/tusPearlMedicalMicrobiologyFirst52Overrides.js; src/data/tusPearlMedicalMicrobiologySecond52Overrides.js
v400-microbiology-pirinc-suyu-diski,Pirinç suyu dışkı,Pirinç suyu dışkı | rice-water stool,Tıbbi Mikrobiyoloji,Klinik bulgu,P1,"Kolera için klasik, mukuslu-beyazımsı yoğun sulu dışkı görünümüdür.",Pirinç suyu dışkı invazif inflamasyondan çok toksin aracılı sekretuar sıvı kaybını düşündürür. En kritik klinik öncelik hızlı rehidratasyondur.,Pirinç suyu dışkı + hızlı dehidratasyon = kolera düşün.,Kanlı-mukuslu tenesmus dizanteriyi; pirinç suyu dışkı kolerayı düşündürür.,Vibrio cholerae | Kolera toksini | Rehidratasyon,58,src/data/cases.js; src/data/tusPearlCards.js; src/data/tusPearlMedicalMicrobiologyFirst52Overrides.js; src/data/tusPearlMedicalMicrobiologySecond52Overrides.js
v400-microbiology-tcbs-agari,TCBS agarı,TCBS agarı | thiosulfate citrate bile salts sucrose agar,Tıbbi Mikrobiyoloji,Kültür besiyeri,P1,Vibrio türlerinin seçici izolasyonunda kullanılan besiyeridir.,TCBS agarı yüksek pH ve safra tuzlarıyla birçok bakteriyi baskılar; Vibrio cholerae sükroz fermentasyonu ile tipik koloniler verebilir. Klinik şüphede kültür için destekleyici bilgidir.,Kolera şüphesinde TCBS agarı Vibrio izolasyonu için klasik besiyeridir.,BCYE Legionella; Löwenstein-Jensen mikobakteriler için hatırlanır.,Vibrio cholerae | Pirinç suyu dışkı | Kültür,11,src/data/cases.js; src/data/tusPearlCards.js; src/data/tusPearlMedicalMicrobiologyFirst52Overrides.js; src/data/tusPearlMedicalMicrobiologySecond52Overrides.js
v400-microbiology-helicobacter-pylori-ureazi,Helicobacter pylori üreazı,Helicobacter pylori üreazı | H. pylori urease | üreaz aktivitesi,Tıbbi Mikrobiyoloji,Virülans / tanı enzimi,P0,H. pylori’nin üreyi amonyağa çevirerek mide asidinden korunmasını sağlayan enzimidir.,Üreaz amonyak oluşturarak lokal pH’ı yükseltir ve bakterinin gastrik mukozada yaşamasına yardım eder. Üre nefes testi ve hızlı üreaz testi bu enzimatik aktiviteye dayanır.,H. pylori için üreaz hem virülans hem tanı mantığının merkezindedir.,CagA/VacA doku hasarı ve ülser-kanser riskiyle; üreaz asitten korunma ve tanıyla ilişkilidir.,Helicobacter pylori | Üre nefes testi | Peptik ülser,231,src/data/cases.js; src/data/tusPearlCards.js; src/data/tusPearlMedicalMicrobiologyFirst52Overrides.js; src/data/tusPearlMedicalMicrobiologySecond52Overrides.js
v400-microbiology-ure-nefes-testi,Üre nefes testi,Üre nefes testi | urea breath test | C13 üre nefes testi,Tıbbi Mikrobiyoloji,Tanı testi,P0,Aktif H. pylori enfeksiyonunda bakteriyel üreaz aktivitesini dolaylı gösteren testtir.,Hasta işaretli üre alır; H. pylori üreazı üreyi parçalayınca işaretli CO₂ nefeste saptanır. Tedavi başarısını değerlendirmede de kullanılabilir.,Üre nefes testi aktif H. pylori enfeksiyonunu gösterir; yalnız geçmiş maruziyet testi değildir.,Seroloji geçmiş enfeksiyonla pozitif kalabilir; üre nefes testi aktif enfeksiyon için daha değerlidir.,Helicobacter pylori | Üreaz | Gastrit,63,src/data/cases.js; src/data/tusPearlCards.js; src/data/tusPearlMedicalMicrobiologyFirst52Overrides.js; src/data/tusPearlMedicalMicrobiologySecond52Overrides.js
v400-microbiology-caga,CagA,CagA | cytotoxin-associated gene A | CagA proteini,Tıbbi Mikrobiyoloji,Virülans faktörü,P1,H. pylori’nin inflamasyon ve malignite riskiyle ilişkili virülans proteinidir.,"CagA pozitif suşlar daha güçlü inflamatuvar yanıt, peptik ülser ve gastrik adenokarsinom riskiyle ilişkilendirilir. Epitel sinyal yollarını değiştirerek hücresel davranışı etkiler.","H. pylori’de CagA/VacA virülans, üreaz ise asitten korunma ve tanı mantığıdır.",Üreaz tanıda kullanılır; CagA daha çok patogenez ve risk artışıyla ilgilidir.,Helicobacter pylori | VacA | Gastrik kanser,37,src/data/cases.js; src/data/tusPearlCards.js; src/data/tusPearlMedicalMicrobiologyFirst52Overrides.js; src/data/tusPearlMedicalMicrobiologySecond52Overrides.js
v400-microbiology-vaca,VacA,VacA | vacuolating cytotoxin A | VacA toksini,Tıbbi Mikrobiyoloji,Virülans faktörü,P1,H. pylori’nin epitel hücrelerinde vakuolizasyon ve doku hasarı oluşturabilen toksinidir.,"VacA hücre içi vakuolizasyon, immün modülasyon ve mukozal hasarla ilişkilidir. CagA ile birlikte daha virülan H. pylori suşlarını düşündürebilir.",H. pylori virülansında CagA ve VacA beraber sorulabilir.,Üreaz aktif enfeksiyon tanısının; VacA doku hasarı/virülansın ipucudur.,Helicobacter pylori | CagA | Peptik ülser,37,src/data/cases.js; src/data/tusPearlCards.js; src/data/tusPearlMedicalMicrobiologyFirst52Overrides.js; src/data/tusPearlMedicalMicrobiologySecond52Overrides.js
v400-microbiology-bcye-agari,BCYE agarı,BCYE agarı | buffered charcoal yeast extract agar,Tıbbi Mikrobiyoloji,Kültür besiyeri,P0,Legionella pneumophila’nın özel kültüründe kullanılan kömür-maya ekstresi içeren besiyeridir.,Legionella standart kanlı agarda iyi üremez; L-sistein ve demir içeren BCYE agarı gerekir. Klinik olarak su aerosolu maruziyeti ve hiponatremiyle birlikte düşünülür.,"Legionella için hızlı test idrar antijeni, kültür için BCYE agarıdır.",TCBS Vibrio; Löwenstein-Jensen mikobakteri; BCYE Legionella için kullanılır.,Legionella pneumophila | Legionella idrar antijeni | Atipik pnömoni,224,src/data/cases.js; src/data/tusPearlCards.js; src/data/tusPearlMedicalMicrobiologyFirst52Overrides.js; src/data/tusPearlMedicalMicrobiologySecond52Overrides.js
v400-microbiology-serogrup-1-antijeni,Serogrup 1 antijeni,Serogrup 1 antijeni | Legionella serogroup 1 urinary antigen | Legionella idrar antijeni serogrup 1,Tıbbi Mikrobiyoloji,Antijen testi,P1,Legionella idrar antijen testinin en klasik olarak yakaladığı antijendir.,İdrar antijeni hızlıdır ve özellikle Legionella pneumophila serogrup 1 için değerlidir. Negatif sonuç tüm Legionella türlerini dışlamaz; kültür veya PCR gerekebilir.,Legionella idrar antijeni hızlıdır ama en çok serogrup 1’i yakalar.,Kültür için BCYE agarı gerekir; idrar antijeni hızlı tarama sağlar.,Legionella pneumophila | BCYE agarı | Atipik pnömoni,210,src/data/cases.js; src/data/tusPearlCards.js; src/data/tusPearlMedicalMicrobiologyFirst52Overrides.js; src/data/tusPearlMedicalMicrobiologySecond52Overrides.js
v400-microbiology-mycoplasma-hucre-duvari-yoklugu,Mycoplasma hücre duvarı yokluğu,Mycoplasma hücre duvarı yokluğu | peptidoglikan yokluğu | cell wall absent Mycoplasma,Tıbbi Mikrobiyoloji,Atypical bakteri özelliği,P0,Mycoplasma pneumoniae’nin peptidoglikan hücre duvarı taşımamasıdır.,"Hücre duvarı olmadığı için Gram boyama sınırlıdır ve beta-laktam antibiyotikler etkisizdir. Atipik pnömoni, soğuk aglutinin ve okul/askeri ortam salgınıyla sorulur.",Beta-laktama yanıtsız atipik pnömonide hücre duvarsız Mycoplasma düşünülür.,Chlamydia zorunlu intraselülerdir; Mycoplasma hücre duvarı yokluğu ile ayrılır.,Mycoplasma pneumoniae | Soğuk aglutinin | Beta-laktam,165,src/data/cases.js; src/data/tusPearlCards.js; src/data/tusPearlMedicalMicrobiologyFirst52Overrides.js; src/data/tusPearlMedicalMicrobiologySecond52Overrides.js
v400-microbiology-chlamydia-elementer-cisimcik,Chlamydia elementer cisimcik,Chlamydia elementer cisimcik | elementer cisimcik | elementary body,Tıbbi Mikrobiyoloji,Hücresel yaşam döngüsü,P0,Chlamydia’nın çevrede dayanıklı ve enfektif formudur.,Elementer cisimcik konak hücreye tutunup içeri alınır; hücre içinde retiküler cisimciğe dönüşerek çoğalır. Bu ayrım Chlamydia yaşam döngüsünün temelidir.,"Chlamydia’da elementer cisimcik enfektif, retiküler cisimcik çoğalan formdur.",Spor bakterilerde çevresel dayanıklılık sağlar; Chlamydia’da elementer cisimcik enfektif partiküldür.,Chlamydia trachomatis | Retiküler cisimcik | Zorunlu intraselüler bakteri,64,src/data/cases.js; src/data/tusPearlCards.js; src/data/tusPearlMedicalMicrobiologyFirst52Overrides.js; src/data/tusPearlMedicalMicrobiologySecond52Overrides.js
v400-microbiology-chlamydia-retikuler-cisimcik,Chlamydia retiküler cisimcik,Chlamydia retiküler cisimcik | retiküler cisimcik | reticulate body,Tıbbi Mikrobiyoloji,Hücresel yaşam döngüsü,P0,Chlamydia’nın konak hücre içinde metabolik olarak aktif ve çoğalan formudur.,"Retiküler cisimcik hücre içinde bölünür, sonra yeniden elementer cisimciğe dönüşerek diğer hücrelere yayılır. Bu döngü zorunlu intraselüler yaşamı açıklar.",Retiküler cisimcik çoğalan; elementer cisimcik bulaştırıcı formdur.,Elementer form çevresel dayanıklı/enfektiftir; retiküler form hücre içinde çoğalır.,Chlamydia trachomatis | Elementer cisimcik | NAAT,62,src/data/cases.js; src/data/tusPearlCards.js; src/data/tusPearlMedicalMicrobiologyFirst52Overrides.js; src/data/tusPearlMedicalMicrobiologySecond52Overrides.js
v400-microbiology-rose-bengal-testi,Rose Bengal testi,Rose Bengal testi | Rose Bengal aglütinasyon testi,Tıbbi Mikrobiyoloji,Serolojik test,P1,Bruselloz taramasında kullanılan hızlı aglütinasyon testidir.,"Pastörize edilmemiş süt ürünü, dalgalı ateş ve osteoartiküler yakınmalarla birlikte Rose Bengal pozitifliği brusellozu destekler. Kesin değerlendirme kültür/seroloji bağlamıyla yapılır.",Undülan ateş + pastörize edilmemiş süt + Rose Bengal = Brucella düşün.,Widal testi tifo için; Rose Bengal bruselloz için kullanılır.,Brucella | Undülan ateş | Zoonotik enfeksiyon,89,src/data/cases.js; src/data/tusPearlCards.js; src/data/tusPearlMedicalMicrobiologyFirst52Overrides.js; src/data/tusPearlMedicalMicrobiologySecond52Overrides.js
v400-microbiology-marti-kanadi-gorunumu,Martı kanadı görünümü,Martı kanadı görünümü | gull-wing appearance | Campylobacter martı kanadı,Tıbbi Mikrobiyoloji,Morfoloji / mikroskopi,P1,Campylobacter jejuni’nin eğri gram negatif basil morfolojisini anlatan klasik görünümdür.,Az pişmiş tavuk sonrası kanlı ishal ve ardından Guillain-Barré sendromu gelişimiyle birlikte bu morfoloji C. jejuni lehinedir. Mikroaerofilik koşullarda ürer.,Az pişmiş tavuk + kanlı ishal + GBS + martı kanadı = Campylobacter jejuni.,Vibrio virgül şeklinde; Campylobacter martı kanadı/eğri basil olarak hatırlanır.,Campylobacter jejuni | Mikroaerofilik üreme | Moleküler benzerlik,70,src/data/cases.js; src/data/tusPearlCards.js; src/data/tusPearlMedicalMicrobiologyFirst52Overrides.js; src/data/tusPearlMedicalMicrobiologySecond52Overrides.js
v400-microbiology-mikroaerofilik-ureme,Mikroaerofilik üreme,Mikroaerofilik üreme | microaerophilic growth,Tıbbi Mikrobiyoloji,Mikrobiyolojik üreme özelliği,P1,Atmosferik oksijenden daha düşük oksijen düzeyinde en iyi üreme özelliğidir.,Campylobacter jejuni mikroaerofilik koşullarda ürer ve özel kültür koşulları gerektirir. Bu bilgi laboratuvar ayırımında önemlidir.,Campylobacter için mikroaerofilik üreme klasik ipucudur.,Anaerob bakteriler oksijensiz ortam ister; mikroaerofiller düşük oksijen düzeyi ister.,Campylobacter jejuni | Martı kanadı görünümü | Dışkı kültürü,124,src/data/cases.js; src/data/tusPearlCards.js; src/data/tusPearlMedicalMicrobiologyFirst52Overrides.js; src/data/tusPearlMedicalMicrobiologySecond52Overrides.js
v400-microbiology-nocardia-zayif-asit-fast,Nocardia zayıf asit-fast,Nocardia zayıf asit-fast | weakly acid-fast Nocardia | modifiye asit-fast Nocardia,Tıbbi Mikrobiyoloji,Morfoloji / boyama,P0,Nocardia’nın modifiye asit-fast boyamada kısmen pozitif görülebilmesidir.,"Nocardia aerob, dallanan filamentöz gram pozitif bakteri olarak akciğer ve beyin apsesi yapabilir. Zayıf asit-fast özellik aktinomikozdan ayrımda önemlidir.",İmmünsüprese hastada akciğer + beyin apsesi + zayıf asit-fast dallanan bakteri = Nocardia.,Actinomyces anaerob ve asit-fast değildir; Nocardia aerob ve zayıf asit-fasttır.,Nocardia | Modifiye Ziehl-Neelsen boyası | Dallanan filamentöz bakteri,139,src/data/cases.js; src/data/tusPearlCards.js; src/data/tusPearlMedicalMicrobiologyFirst52Overrides.js; src/data/tusPearlMedicalMicrobiologySecond52Overrides.js
v400-microbiology-modifiye-ziehl-neelsen-boyasi,Modifiye Ziehl-Neelsen boyası,Modifiye Ziehl-Neelsen boyası | modified Ziehl-Neelsen | modifiye asit-fast boyama,Tıbbi Mikrobiyoloji,Mikrobiyolojik boyama,P1,Zayıf asit-fast organizmaları göstermek için kullanılan asit-fast boyama modifikasyonudur.,Nocardia gibi zayıf asit-fast bakteriler klasik asit-fast boyamada her zaman belirgin olmayabilir. Modifiye yöntemler daha düşük asit ile dekolorizasyon yaparak bu özelliği gösterebilir.,Nocardia için modifiye asit-fast boyama ipucudur.,Mycobacterium klasik asit-fast basil; Nocardia zayıf/modifiye asit-fast olarak ayrılır.,Nocardia | Asit-fast basil | Ziehl-Neelsen boyası,52,src/data/cases.js; src/data/tusPearlCards.js; src/data/tusPearlMedicalMicrobiologyFirst52Overrides.js; src/data/tusPearlMedicalMicrobiologySecond52Overrides.js
v400-microbiology-lowenstein-jensen-besiyeri,Löwenstein-Jensen besiyeri,Löwenstein-Jensen besiyeri | Lowenstein-Jensen medium | LJ besiyeri,Tıbbi Mikrobiyoloji,Kültür besiyeri,P1,Mikobakterilerin kültüründe kullanılan yumurta bazlı özel besiyeridir.,M. tuberculosis yavaş ürer ve özel kültür koşulları gerektirir. Löwenstein-Jensen besiyeri mikobakteriyel kültür için klasik sınav bilgisidir.,Asit-fast basil + yavaş kültür + Löwenstein-Jensen = Mycobacterium tuberculosis.,"BCYE Legionella, TCBS Vibrio; Löwenstein-Jensen mikobakteriler için kullanılır.",Mycobacterium tuberculosis | Asit-fast basil | Ziehl-Neelsen boyası,54,src/data/cases.js; src/data/tusPearlCards.js; src/data/tusPearlMedicalMicrobiologyFirst52Overrides.js; src/data/tusPearlMedicalMicrobiologySecond52Overrides.js
v400-microbiology-cord-faktor,Cord faktör,Cord faktör | trehalose dimycolate | kord faktör,Tıbbi Mikrobiyoloji,Mikobakteriyel virülans,P1,M. tuberculosis’in serpentin kord görünümü ve virülansıyla ilişkili mikolik asit içeren glikolipididir.,Cord faktör makrofaj yanıtını ve granülomatöz inflamasyonu etkileyen önemli virülans bileşenidir. Tüberküloz patogenezinde hücre duvarı lipidlerinin rolünü gösterir.,Tüberküloz virülansında cord faktör ve sulfolipidler hücre duvarı lipid mantığını temsil eder.,Mikolik asit asit-fast boyanmayı; cord faktör virülans ve kord görünümünü destekler.,Mycobacterium tuberculosis | Mikolik asit | Kazeifiye granülom,203,src/data/cases.js; src/data/tusPearlCards.js; src/data/tusPearlMedicalMicrobiologyFirst52Overrides.js; src/data/tusPearlMedicalMicrobiologySecond52Overrides.js
v400-microbiology-nterferon-gamma-salinim-testi,Interferon-gamma salınım testi,Interferon-gamma salınım testi | IGRA | interferon gamma release assay,Tıbbi Mikrobiyoloji,İmmünolojik tanı testi,P1,Tüberküloz antijenlerine T hücre yanıtını ölçen kan testidir.,IGRA latent veya geçirilmiş TB enfeksiyonuna karşı hücresel immün yanıtı gösterir. BCG aşısından tüberkülin deri testine göre daha az etkilenmesi sınavda önemlidir.,BCG etkilenmesi daha az olan TB tarama testi IGRA’dır.,"Aktif hastalık tanısı için tek başına yeterli değildir; klinik, radyoloji ve mikrobiyolojik kanıt gerekir.",Tüberkülin deri testi | Mycobacterium tuberculosis | Hücresel immünite,11,src/data/cases.js; src/data/tusPearlCards.js; src/data/tusPearlMedicalMicrobiologyFirst52Overrides.js; src/data/tusPearlMedicalMicrobiologySecond52Overrides.js
v400-microbiology-anti-hbs,Anti-HBs,Anti-HBs | hepatit B yüzey antikoru | HBsAb,Tıbbi Mikrobiyoloji,Viral seroloji,P0,HBV yüzey antijenine karşı gelişen koruyucu antikordur.,"Anti-HBs iyileşme veya aşı bağışıklığını gösterir. Aşılı kişide anti-HBs pozitif, anti-HBc negatiftir; doğal enfeksiyon sonrası anti-HBc de pozitif beklenir.","Aşı bağışıklığı: anti-HBs pozitif, anti-HBc negatif.",Anti-HBc doğal enfeksiyonu gösterir; anti-HBs tek başına aşı yanıtını gösterebilir.,HBsAg | Anti-HBc IgG | HBV serolojisi,2438,src/data/cases.js; src/data/tusPearlCards.js; src/data/tusPearlMedicalMicrobiologyFirst52Overrides.js; src/data/tusPearlMedicalMicrobiologySecond52Overrides.js
v400-microbiology-anti-hbc-gm,Anti-HBc IgM,Anti-HBc IgM | HBc IgM | hepatit B core IgM,Tıbbi Mikrobiyoloji,Viral seroloji,P0,Akut HBV enfeksiyonunu ve pencere dönemini gösteren core antikorudur.,HBsAg kaybolup anti-HBs henüz oluşmadığında anti-HBc IgM pozitifliği akut enfeksiyon kanıtı olarak kalır. Bu nedenle pencere dönemi sorularında en kritik belirteçtir.,HBV pencere döneminde en yararlı belirteç anti-HBc IgM’dir.,Anti-HBc IgG geçirilmiş/doğal enfeksiyon izini daha çok gösterir; IgM akut dönemi gösterir.,HBV pencere dönemi | HBsAg | Anti-HBs,219,src/data/cases.js; src/data/tusPearlCards.js; src/data/tusPearlMedicalMicrobiologyFirst52Overrides.js; src/data/tusPearlMedicalMicrobiologySecond52Overrides.js
v400-microbiology-anti-hbc-gg,Anti-HBc IgG,Anti-HBc IgG | HBc IgG | hepatit B core IgG,Tıbbi Mikrobiyoloji,Viral seroloji,P1,Doğal HBV enfeksiyonu sonrası kalıcı olabilen core antikorudur.,Anti-HBc IgG aşıyla oluşmaz; doğal enfeksiyon geçirme bilgisini destekler. Anti-HBs ile birlikte pozitifse geçirilmiş enfeksiyon ve bağışıklık düşünülür.,"Anti-HBc varlığı doğal enfeksiyon izidir, aşı tek başına anti-HBc oluşturmaz.",Anti-HBs aşı veya iyileşme gösterebilir; anti-HBc doğal enfeksiyon ayrımını sağlar.,Anti-HBs | HBsAg | HBV serolojisi,108,src/data/cases.js; src/data/tusPearlCards.js; src/data/tusPearlMedicalMicrobiologyFirst52Overrides.js; src/data/tusPearlMedicalMicrobiologySecond52Overrides.js
v400-microbiology-hcv-rna,HCV RNA,HCV RNA | hepatit C RNA | HCV viral RNA,Tıbbi Mikrobiyoloji,Viral moleküler test,P1,Aktif hepatit C replikasyonunu gösteren viral nükleik asit testidir.,Anti-HCV maruziyeti gösterirken HCV RNA aktif viremi ve tedavi yanıtını değerlendirmede kullanılır. Erken enfeksiyon veya immünsüpresyonda moleküler test daha belirleyici olabilir.,HCV’de aktif enfeksiyon/tedavi takibi için HCV RNA kullanılır.,Anti-HCV geçmiş veya mevcut maruziyeti gösterebilir; HCV RNA aktif replikasyonu gösterir.,Hepatit C | Viral yük | PCR,3,src/data/cases.js; src/data/tusPearlCards.js; src/data/tusPearlMedicalMicrobiologyFirst52Overrides.js; src/data/tusPearlMedicalMicrobiologySecond52Overrides.js
v400-microbiology-hav-gm,HAV IgM,HAV IgM | Anti-HAV IgM | hepatit A IgM,Tıbbi Mikrobiyoloji,Viral seroloji,P0,Akut hepatit A enfeksiyonunu gösteren serolojik belirteçtir.,"HAV fekal-oral bulaşır ve akut, genellikle kendini sınırlayan hepatit yapar. Akut dönemde anti-HAV IgM pozitifliği tanısal değerdedir.",Akut hepatit A için anti-HAV IgM beklenir.,Anti-HAV IgG geçirilmiş enfeksiyon veya aşı bağışıklığını gösterir.,HAV IgG | Fekal-oral bulaş | Akut hepatit,20,src/data/cases.js; src/data/tusPearlCards.js; src/data/tusPearlMedicalMicrobiologyFirst52Overrides.js; src/data/tusPearlMedicalMicrobiologySecond52Overrides.js
v400-microbiology-hav-gg,HAV IgG,HAV IgG | Anti-HAV IgG | hepatit A IgG,Tıbbi Mikrobiyoloji,Viral seroloji,P1,Geçirilmiş hepatit A enfeksiyonu veya aşı sonrası bağışıklığı gösteren antikordur.,Anti-HAV IgG akut hastalığı değil bağışıklık durumunu gösterir. Akut enfeksiyon için IgM değerlendirilir.,"HAV IgG bağışıklığı, HAV IgM akut enfeksiyonu düşündürür.",HBV’de seroloji daha karmaşıktır; HAV’da IgM/IgG ayrımı temel mantıktır.,HAV IgM | Aktif immünizasyon | Fekal-oral bulaş,88,src/data/cases.js; src/data/tusPearlCards.js; src/data/tusPearlMedicalMicrobiologyFirst52Overrides.js; src/data/tusPearlMedicalMicrobiologySecond52Overrides.js
v400-microbiology-ebv-vca-gm,EBV VCA IgM,EBV VCA IgM | VCA IgM | viral capsid antigen IgM,Tıbbi Mikrobiyoloji,Viral seroloji,P0,Primer EBV enfeksiyonunun erken döneminde pozitifleşen viral kapsid antikorudur.,Enfeksiyöz mononükleozda heterofil antikorla birlikte VCA IgM akut primer EBV enfeksiyonunu destekler. EBNA genellikle daha geç pozitifleşir.,Akut EBV için VCA IgM; geçirilmiş enfeksiyon için EBNA daha çok kullanılır.,CMV mononükleoz benzeri tablo yapabilir ama heterofil antikor genellikle negatiftir.,EBV | Heterofil antikor | Atipik lenfosit,177,src/data/cases.js; src/data/tusPearlCards.js; src/data/tusPearlMedicalMicrobiologyFirst52Overrides.js; src/data/tusPearlMedicalMicrobiologySecond52Overrides.js
v400-microbiology-ebv-ebna,EBV EBNA,EBV EBNA | EBNA | Epstein-Barr nuclear antigen,Tıbbi Mikrobiyoloji,Viral seroloji,P1,EBV enfeksiyonundan sonra geç dönemde ortaya çıkan nükleer antijene karşı yanıttır.,EBNA pozitifliği genellikle geçirilmiş EBV enfeksiyonunu destekler. Akut primer enfeksiyonda başlangıçta negatif kalabilir.,VCA IgM akut EBV; EBNA geç/geçirilmiş enfeksiyon bilgisidir.,Heterofil antikor akut mononükleozda yardımcıdır; EBNA zamanlama ayrımı sağlar.,EBV VCA IgM | Heterofil antikor | Enfeksiyöz mononükleoz,83,src/data/cases.js; src/data/tusPearlCards.js; src/data/tusPearlMedicalMicrobiologyFirst52Overrides.js; src/data/tusPearlMedicalMicrobiologySecond52Overrides.js
v400-microbiology-cmv-pp65-antijeni,CMV pp65 antijeni,CMV pp65 antijeni | pp65 antijenemi | CMV pp65 antigen,Tıbbi Mikrobiyoloji,Viral tanı testi,P1,CMV enfeksiyonunda lökositlerde saptanabilen fosfoprotein antijenidir.,pp65 antijenemi testi özellikle transplant ve immünsüprese hastalarda CMV aktivitesini izlemek için kullanılmıştır. Günümüzde CMV PCR viral yük takibi daha sık öne çıkar.,Transplant hastasında CMV izleminde pp65 antijenemi veya CMV PCR mantığı sorulabilir.,Seroloji bağışıklık/maruz kalma bilgisini verir; pp65/PCR aktif replikasyon izlemi sağlar.,CMV PCR | CMV retiniti | Transplant immünsüpresyonu,145,src/data/cases.js; src/data/tusPearlCards.js; src/data/tusPearlMedicalMicrobiologyFirst52Overrides.js; src/data/tusPearlMedicalMicrobiologySecond52Overrides.js
v400-microbiology-cmv-pcr,CMV PCR,CMV PCR | Sitomegalovirüs PCR | CMV viral yük,Tıbbi Mikrobiyoloji,Viral moleküler test,P0,CMV DNA düzeyini göstererek aktif replikasyon takibinde kullanılan testtir.,Transplant alıcılarında veya ağır immünsüpresyonda CMV hastalığını izlemek için PCR değerlidir. Klinik tabloyla birlikte yorumlanır; tek başına düşük düzey pozitiflik her zaman doku invazyonu anlamına gelmez.,Transplant sonrası retinit/kolit şüphesinde CMV PCR ve doku bulgusu birlikte düşünülür.,CMV IgG geçmiş maruziyeti; PCR aktif replikasyon düzeyini gösterir.,CMV retiniti | Baykuş gözü inklüzyonu | Transplant,235,src/data/cases.js; src/data/tusPearlCards.js; src/data/tusPearlMedicalMicrobiologyFirst52Overrides.js; src/data/tusPearlMedicalMicrobiologySecond52Overrides.js
v400-microbiology-baykus-gozu-inkluzyonu,Baykuş gözü inklüzyonu,Baykuş gözü inklüzyonu | owl eye inclusion | CMV intranükleer inklüzyonu,Tıbbi Mikrobiyoloji,Viral histopatoloji,P0,CMV enfeksiyonunda büyük intranükleer inklüzyonla tanımlanan klasik hücre görünümüdür.,"CMV dokuda sitopatik etkiyle büyük hücreler ve çevresinde halo olan inklüzyonlar oluşturabilir. Retinit, kolit, pnömoni gibi invazif hastalıkta doku tanısına destek verir.",Baykuş gözü inklüzyonu CMV’nin en klasik histolojik ipucudur.,HSV Cowdry A inklüzyonu ve Tzanck bulguları herpes simpleks/varisella için daha tipiktir.,CMV | CMV retiniti | CMV PCR,188,src/data/cases.js; src/data/tusPearlCards.js; src/data/tusPearlMedicalMicrobiologyFirst52Overrides.js; src/data/tusPearlMedicalMicrobiologySecond52Overrides.js
v400-microbiology-h-v-ccr5-tropizmi,HIV CCR5 tropizmi,HIV CCR5 tropizmi | CCR5 tropik HIV | R5 tropizm,Tıbbi Mikrobiyoloji,Viral tropizm,P1,HIV’in makrofaj/T hücre girişinde CCR5 koreseptörünü kullanma eğilimidir.,CCR5 tropik suşlar erken enfeksiyonda sık görülür ve CCR5 antagonistleri bu giriş basamağını hedefleyebilir. Koreseptör seçimi viral tropizmi belirler.,HIV tropizminde CCR5 erken/makrofaj tropik; CXCR4 daha geç T hücre tropik paternle sorulabilir.,CXCR4 tropizmi daha çok T hücre tropik geç dönem suşlarla ilişkilendirilir.,HIV gp120 | CCR5 | Maravirok,161,src/data/cases.js; src/data/tusPearlCards.js; src/data/tusPearlMedicalMicrobiologyFirst52Overrides.js; src/data/tusPearlMedicalMicrobiologySecond52Overrides.js
v400-microbiology-h-v-cxcr4-tropizmi,HIV CXCR4 tropizmi,HIV CXCR4 tropizmi | CXCR4 tropik HIV | X4 tropizm,Tıbbi Mikrobiyoloji,Viral tropizm,P1,HIV’in T hücre girişinde CXCR4 koreseptörünü kullanma eğilimidir.,CXCR4 tropik suşlar hastalığın ilerleyen dönemlerinde artabilir ve CD4 T hücre kaybıyla ilişkilendirilir. Tropizm bilgisi giriş mekanizmasını anlamak için önemlidir.,HIV gp120 CD4 sonrası CCR5 veya CXCR4 koreseptörüne bağlanır.,CCR5 tropizmi erken enfeksiyon ve makrofaj tropizmiyle daha çok hatırlanır.,HIV gp120 | CXCR4 | CD4 T hücresi,161,src/data/cases.js; src/data/tusPearlCards.js; src/data/tusPearlMedicalMicrobiologyFirst52Overrides.js; src/data/tusPearlMedicalMicrobiologySecond52Overrides.js
v400-microbiology-h-v-viral-yuk,HIV viral yük,HIV viral yük | HIV RNA düzeyi | viral load HIV,Tıbbi Mikrobiyoloji,Viral takip testi,P0,Kandaki HIV RNA miktarını gösteren tedavi ve hastalık aktivitesi göstergesidir.,"Viral yük antiretroviral tedavi etkinliğini ve bulaştırıcılık riskini izlemek için kullanılır. CD4 sayısı immün durum hakkında, viral yük ise replikasyon düzeyi hakkında bilgi verir.","HIV izleminde viral yük tedavi yanıtını, CD4 sayısı immün yetmezlik düzeyini gösterir.",p24 antijeni erken tanıda kullanılabilir; viral yük kantitatif takip testidir.,HIV | CD4 sayısı | Antiretroviral tedavi,107,src/data/cases.js; src/data/tusPearlCards.js; src/data/tusPearlMedicalMicrobiologyFirst52Overrides.js; src/data/tusPearlMedicalMicrobiologySecond52Overrides.js
v400-microbiology-hpv-e6-proteini,HPV E6 proteini,HPV E6 proteini | E6 onkoproteini | human papillomavirus E6,Tıbbi Mikrobiyoloji,Viral onkoprotein,P0,Yüksek riskli HPV tiplerinde p53 tümör baskılayıcı yolunu bozan onkoproteindir.,E6 p53 yıkımını artırarak DNA hasarı yanıtı ve apoptoz kontrolünü zayıflatır. Serviks karsinogenezinde E7 ile birlikte merkezi rol oynar.,"HPV E6 p53’ü, E7 Rb’yi hedefler.",E7 hücre döngüsünü Rb/E2F üzerinden serbestleştirir; E6 p53 aracılı apoptozu azaltır.,HPV | p53 yıkımı | HPV E7 proteini,107,src/data/cases.js; src/data/tusPearlCards.js; src/data/tusPearlMedicalMicrobiologyFirst52Overrides.js; src/data/tusPearlMedicalMicrobiologySecond52Overrides.js
v400-microbiology-hpv-e7-proteini,HPV E7 proteini,HPV E7 proteini | E7 onkoproteini | human papillomavirus E7,Tıbbi Mikrobiyoloji,Viral onkoprotein,P0,Yüksek riskli HPV tiplerinde Rb tümör baskılayıcı yolunu bozan onkoproteindir.,E7 Rb’yi inaktive ederek E2F’nin serbest kalmasına ve kontrolsüz hücre döngüsü ilerlemesine katkı sağlar. E6 ile birlikte servikal neoplazi riskini artırır.,HPV E7 Rb’yi; E6 p53’ü hedefler.,E6 apoptoz kontrolünü; E7 G1/S kontrolünü bozar.,HPV | Rb inhibisyonu | HPV E6 proteini,67,src/data/cases.js; src/data/tusPearlCards.js; src/data/tusPearlMedicalMicrobiologyFirst52Overrides.js; src/data/tusPearlMedicalMicrobiologySecond52Overrides.js
v400-microbiology-koilositoz,Koilositoz,Koilositoz | koilocytosis | koilosit,Tıbbi Mikrobiyoloji,Viral sitopatik etki,P1,HPV enfeksiyonunda perinükleer halo ve nükleer atipiyle görülen epitel hücresi değişikliğidir.,Koilositler HPV’nin skuamöz epitelde sitopatik etkisini gösterir. Pap smear veya biyopsi bağlamında HPV ilişkili lezyonları destekler.,Perinükleer halo + nükleer düzensizlik = HPV koilositozu.,CMV baykuş gözü; HSV Tzanck/Cowdry A; HPV koilositoz yapar.,HPV | HPV E6 proteini | Pap smear,67,src/data/cases.js; src/data/tusPearlCards.js; src/data/tusPearlMedicalMicrobiologyFirst52Overrides.js; src/data/tusPearlMedicalMicrobiologySecond52Overrides.js
v400-microbiology-tzanck-testi,Tzanck testi,Tzanck testi | Tzanck smear | Tzanck yayması,Tıbbi Mikrobiyoloji,Viral sitoloji testi,P1,Herpes virüslerinde çok çekirdekli dev hücreleri gösterebilen sitolojik testtir.,Tzanck testi HSV ve VZV lezyonlarında hızlı destek sağlayabilir ancak etkeni kesin ayırmaz. Günümüzde PCR daha özgül tanı sağlar.,Tzanck çok çekirdekli dev hücreyi gösterir; HSV-VZV ayrımı için PCR daha değerlidir.,CMV baykuş gözü inklüzyonla; HPV koilositozla ayrılır.,HSV | VZV | Cowdry A inklüzyonu,88,src/data/cases.js; src/data/tusPearlCards.js; src/data/tusPearlMedicalMicrobiologyFirst52Overrides.js; src/data/tusPearlMedicalMicrobiologySecond52Overrides.js
v400-microbiology-parvovirus-b19-p-antijeni,Parvovirus B19 P antijeni,Parvovirus B19 P antijeni | P antijeni | globoside receptor,Tıbbi Mikrobiyoloji,Viral reseptör / tropizm,P0,Parvovirus B19’un eritroid prekürsörlere bağlanmasını sağlayan hücresel reseptördür.,P antijeni eritroid öncül hücrelerde bulunduğu için virüs bu hücreleri hedefler. Kronik hemolitik hastalarda geçici eritropoez baskılanması aplastik krize yol açabilir.,Orak hücrede ani anemi + retikülositopeni = Parvovirus B19 ve P antijeni tropizmi.,B19 gebelikte fetal eritropoezi baskılayarak hidrops fetalis yapabilir.,Parvovirus B19 | Aplastik kriz | Hidrops fetalis,135,src/data/cases.js; src/data/tusPearlCards.js; src/data/tusPearlMedicalMicrobiologyFirst52Overrides.js; src/data/tusPearlMedicalMicrobiologySecond52Overrides.js
v400-microbiology-rsv-f-proteini,RSV F proteini,RSV F proteini | respiratory syncytial virus F protein | Füzyon proteini,Tıbbi Mikrobiyoloji,Viral füzyon proteini,P0,RSV’nin hücre füzyonu ve sinsitya oluşumundan sorumlu yüzey proteinidir.,F proteini virüsün komşu hücrelere yayılmasını ve bronşiolit patogenezindeki sinsitya oluşumunu açıklar. Palivizumab bu yapıya karşı geliştirilmiş monoklonal antikordur.,RSV’de F proteini hem sinsitya hem palivizumab hedefidir.,Hemaglutinin influenza için; F proteini RSV için klasik hedef yapıdır.,RSV | Palivizumab | Sinsitya oluşumu,39,src/data/cases.js; src/data/tusPearlCards.js; src/data/tusPearlMedicalMicrobiologyFirst52Overrides.js; src/data/tusPearlMedicalMicrobiologySecond52Overrides.js
v400-microbiology-palivizumab,Palivizumab,Palivizumab | RSV monoklonal antikoru,Tıbbi Mikrobiyoloji,Pasif profilaksi / tedavi kavramı,P1,Yüksek riskli bebeklerde RSV F proteinine karşı kullanılan monoklonal antikordur.,Palivizumab aktif aşı değildir; hazır antikor sağlayan pasif koruma mantığıyla çalışır. Prematüre veya ciddi kardiyopulmoner hastalığı olan bebeklerde RSV riskini azaltmak için kullanılır.,Palivizumab RSV F proteinine karşı pasif immünizasyondur.,Canlı/inaktive aşı bağışıklık yanıtı oluşturur; palivizumab hazır antikor verir.,RSV F proteini | Pasif immünizasyon | Bronşiolit,30,src/data/cases.js; src/data/tusPearlCards.js; src/data/tusPearlMedicalMicrobiologyFirst52Overrides.js; src/data/tusPearlMedicalMicrobiologySecond52Overrides.js
v400-microbiology-kuduz-negri-cisimcigi,Kuduz Negri cisimciği,Kuduz Negri cisimciği | Negri cisimciği | Negri bodies,Tıbbi Mikrobiyoloji,Viral histopatoloji,P1,Kuduz enfeksiyonunda nöron sitoplazmasında görülebilen inklüzyon cisimciğidir.,Negri cisimcikleri klasik patoloji bilgisidir ancak ante-mortem tanıda doğrudan her zaman pratik değildir. Kuduzda klinik maruziyet ve profilaksi zamanlaması asıl hayati konudur.,Kuduzda Negri cisimciği hipokampus/Purkinje nöronlarında klasik ipucudur.,HSV ensefaliti temporal lob nekrozu; kuduz Negri cisimciği ve hidrofobiyle sorulur.,Kuduz | Hidrofobi | Posteksposure profilaksi,99,src/data/cases.js; src/data/tusPearlCards.js; src/data/tusPearlMedicalMicrobiologyFirst52Overrides.js; src/data/tusPearlMedicalMicrobiologySecond52Overrides.js
v400-microbiology-kuduz-posteksposure-profilaksi,Kuduz posteksposure profilaksi,Kuduz posteksposure profilaksi | rabies post-exposure prophylaxis | kuduz PEP,Tıbbi Mikrobiyoloji,Profilaksi / acil yaklaşım,P0,"Kuduz şüpheli temas sonrası yara bakımı, aşı ve gerekirse immünglobulin içeren koruyucu yaklaşımdır.",Kuduz semptom başladıktan sonra neredeyse daima ölümcül olduğu için temas sonrası profilaksi gecikmemelidir. Aşı aktif yanıt oluştururken immünglobulin hazır nötralizan antikor sağlar.,Kuduzda temas sonrası profilaksi semptom başlamadan önce hayat kurtarıcıdır.,Aşı aktif immünizasyon; immünglobulin pasif immünizasyon sağlar.,Kuduz immünglobulini | Aktif immünizasyon | Pasif immünizasyon,95,src/data/cases.js; src/data/tusPearlCards.js; src/data/tusPearlMedicalMicrobiologyFirst52Overrides.js; src/data/tusPearlMedicalMicrobiologySecond52Overrides.js
v400-microbiology-cryptococcus-polisakkarit-kapsulu,Cryptococcus polisakkarit kapsülü,Cryptococcus polisakkarit kapsülü | Cryptococcus capsule | glukuronoksilomannan kapsül,Tıbbi Mikrobiyoloji,Mantar virülans / tanı,P0,Cryptococcus neoformans’ın kalın polisakkarit kapsülüdür.,Kapsül fagositozu azaltır ve çini mürekkebi görünümüyle tanısal ipucu verir. Serum/BOS kriptokok antijen testleri de kapsül polisakkaritini hedefler.,AIDS hastasında subakut menenjit + kapsüllü maya + kriptokok antijeni = Cryptococcus.,Candida psödohif/germ tüp; Cryptococcus kalın kapsüllü maya ile ayrılır.,Cryptococcus neoformans | Çini mürekkebi | Kriptokok antijeni,428,src/data/cases.js; src/data/tusPearlCards.js; src/data/tusPearlMedicalMicrobiologyFirst52Overrides.js; src/data/tusPearlMedicalMicrobiologySecond52Overrides.js
v400-microbiology-cini-murekkebi,Çini mürekkebi,Çini mürekkebi | India ink | çini mürekkebi boyası,Tıbbi Mikrobiyoloji,Mikroskopi / mantar tanısı,P1,Kapsüllü mayayı negatif boyamayla görünür kılan klasik mikroskopi yöntemidir.,Cryptococcus kapsülü boyayı dışladığı için koyu zeminde açık halo görünümü oluşur. Günümüzde antijen testleri çok değerlidir ancak çini mürekkebi klasik sınav ipucudur.,Çini mürekkebinde kapsüllü maya görünümü Cryptococcus lehinedir.,Germ tüp testi Candida albicans; çini mürekkebi Cryptococcus için kullanılır.,Cryptococcus neoformans | Polisakkarit kapsül | Kriptokok antijeni,235,src/data/cases.js; src/data/tusPearlCards.js; src/data/tusPearlMedicalMicrobiologyFirst52Overrides.js; src/data/tusPearlMedicalMicrobiologySecond52Overrides.js
v400-microbiology-kriptokok-antijeni,Kriptokok antijeni,Kriptokok antijeni | cryptococcal antigen | CrAg,Tıbbi Mikrobiyoloji,Antijen testi,P0,Cryptococcus kapsül polisakkaritini serum veya BOS’ta saptayan testtir.,AIDS veya transplant hastasında subakut menenjit şüphesinde hızlı ve duyarlı bir tanısal testtir. Yüksek BOS basıncı ve kapsüllü maya bulgularıyla birlikte yorumlanır.,Kriptokok menenjitinde BOS/serum kriptokok antijeni kapsül polisakkaritini gösterir.,Çini mürekkebi mikroskopik ipucudur; antijen testi daha duyarlı destek sağlar.,Cryptococcus polisakkarit kapsülü | BOS basıncı | AIDS menenjiti,150,src/data/cases.js; src/data/tusPearlCards.js; src/data/tusPearlMedicalMicrobiologyFirst52Overrides.js; src/data/tusPearlMedicalMicrobiologySecond52Overrides.js
v400-microbiology-psodohif,Psödohif,Psödohif | pseudohyphae | yalancı hif,Tıbbi Mikrobiyoloji,Mantar morfolojisi,P0,Candida türlerinde uzamış maya hücrelerinin tam ayrılmamasıyla oluşan filamentöz görünümdür.,Psödohif ve tomurcuklanan maya görünümü kandidiyazı destekler. Germ tüp testi pozitifliği özellikle C. albicans lehine kullanılır.,Mukozal beyaz plak + maya/psödohif + germ tüp pozitifliği Candida albicans lehinedir.,Aspergillus gerçek septalı hif; Candida psödohif ve maya formuyla ayrılır.,Candida albicans | Germ tüp testi | Mukokutanöz kandidiyaz,207,src/data/cases.js; src/data/tusPearlCards.js; src/data/tusPearlMedicalMicrobiologyFirst52Overrides.js; src/data/tusPearlMedicalMicrobiologySecond52Overrides.js
v400-microbiology-th17-ekseni,Th17 ekseni,Th17 ekseni | IL-17 yanıtı | Th17/IL-17 axis,Tıbbi Mikrobiyoloji,İmmün yanıt / mantar savunması,P1,Mukokutanöz Candida savunmasında önemli yardımcı T hücre yanıt yoludur.,Th17 hücreleri IL-17/IL-22 aracılığıyla epitel bariyer ve nötrofil yanıtını destekler. Bu eksendeki kusurlar kronik mukokutanöz kandidiyaza yatkınlık oluşturabilir.,Kronik mukokutanöz kandidiyazda Th17/IL-17 ekseni akılda tutulur.,Nötropeni invaziv aspergilloz riskini; Th17 kusuru mukokutanöz Candida riskini artırır.,Candida albicans | Mukokutanöz kandidiyaz | IL-17,52,src/data/cases.js; src/data/tusPearlCards.js; src/data/tusPearlMedicalMicrobiologyFirst52Overrides.js; src/data/tusPearlMedicalMicrobiologySecond52Overrides.js
v400-microbiology-galaktomannan-testi,Galaktomannan testi,Galaktomannan testi | Aspergillus galactomannan | serum galaktomannan,Tıbbi Mikrobiyoloji,Mantar antijen testi,P1,Aspergillus hücre duvarı bileşenini saptayan antijen testidir.,İnvaziv aspergilloz şüphesinde serum veya BAL galaktomannan testi tanıya destek olabilir. Nötropenik hastada görüntüleme ve kültür/mikroskopiyle birlikte yorumlanır.,Nötropeni + septalı dar açılı hif + galaktomannan pozitifliği invaziv aspergillozu destekler.,Beta-D-glukan daha geniş fungal belirteçtir; galaktomannan Aspergillus için daha hedeflidir.,Aspergillus | Septalı hif | Anjioinvazyon,56,src/data/cases.js; src/data/tusPearlCards.js; src/data/tusPearlMedicalMicrobiologyFirst52Overrides.js; src/data/tusPearlMedicalMicrobiologySecond52Overrides.js
v400-microbiology-histoplasma-makrofaj-ici-maya,Histoplasma makrofaj içi maya,Histoplasma makrofaj içi maya | intramacrophage yeast Histoplasma | makrofaj içinde küçük maya,Tıbbi Mikrobiyoloji,Dimorfik mantar morfolojisi,P0,Histoplasma capsulatum’un dokuda makrofaj içinde küçük maya olarak görülmesidir.,Kuş/yarasa dışkısı ve mağara maruziyeti sonrası pulmoner enfeksiyon yapabilir. Hücre içi maya morfolojisi tüberküloz ve diğer granülomatöz hastalıklarla ayırıcı tanıda önemlidir.,Mağara/yarasa dışkısı + makrofaj içi küçük maya = Histoplasma.,Blastomyces geniş tabanlı tomurcuklanma; Histoplasma makrofaj içi küçük maya yapar.,Histoplasma capsulatum | Dimorfik mantar | Granülom,210,src/data/cases.js; src/data/tusPearlCards.js; src/data/tusPearlMedicalMicrobiologyFirst52Overrides.js; src/data/tusPearlMedicalMicrobiologySecond52Overrides.js
v400-microbiology-histoplasma-idrar-antijeni,Histoplasma idrar antijeni,Histoplasma idrar antijeni | Histoplasma urine antigen,Tıbbi Mikrobiyoloji,Mantar antijen testi,P1,Histoplasmozda özellikle dissemine veya ağır hastalıkta kullanılan antijen testidir.,"İdrar antijeni immünsüprese hastalarda dissemine histoplazmozu destekleyebilir. Klinik maruziyet, görüntüleme ve doku/kültür bulgularıyla birlikte yorumlanır.",Dissemine histoplazmozda idrar antijeni tanıya hızlı destek sağlar.,Legionella idrar antijeni bakteriyel pnömoni için; Histoplasma idrar antijeni dimorfik mantar enfeksiyonu için kullanılır.,Histoplasma capsulatum | Dimorfik mantar | İmmünsüpresyon,432,src/data/cases.js; src/data/tusPearlCards.js; src/data/tusPearlMedicalMicrobiologyFirst52Overrides.js; src/data/tusPearlMedicalMicrobiologySecond52Overrides.js
v400-microbiology-coccidioides-sferul,Coccidioides sferül,Coccidioides sferül | spherule | endospor içeren sferül,Tıbbi Mikrobiyoloji,Dimorfik mantar morfolojisi,P1,Coccidioides’in dokuda endospor içeren sferül formuyla görülmesidir.,"Coccidioides çevrede artrokonidya, dokuda sferül formu gösterir. Çöl bölgesi maruziyeti ve pnömoni/eritema nodosum bağlamında sorulabilir.",Coccidioides dokuda sferül; Histoplasma makrofaj içi maya yapar.,Blastomyces geniş tabanlı tomurcuklanır; Coccidioides sferül-endospor yapar.,Coccidioides | Dimorfik mantar | Artrokonidya,27,src/data/cases.js; src/data/tusPearlCards.js; src/data/tusPearlMedicalMicrobiologyFirst52Overrides.js; src/data/tusPearlMedicalMicrobiologySecond52Overrides.js
v400-microbiology-gumus-boyama-kistleri,Gümüş boyama kistleri,Gümüş boyama kistleri | GMS stain cysts | Pneumocystis gümüş boyama,Tıbbi Mikrobiyoloji,Mantar/protozoon benzeri tanı boyası,P1,Pneumocystis jirovecii kistlerinin gümüş boyamayla gösterilmesidir.,Pneumocystis HIV’de düşük CD4 ile ilişkili interstisyel pnömoni yapar. Direkt mikroskopide gümüş boyama kistler için klasik sınav bilgisidir.,HIV + hipoksemi + bilateral interstisyel pnömoni + gümüş boyama kistleri = Pneumocystis.,Toxoplasma beyin halka lezyonları; Pneumocystis akciğer interstisyel pnömonisiyle öne çıkar.,Pneumocystis jirovecii | TMP-SMX profilaksisi | CD4 düşüklüğü,23,src/data/cases.js; src/data/tusPearlCards.js; src/data/tusPearlMedicalMicrobiologyFirst52Overrides.js; src/data/tusPearlMedicalMicrobiologySecond52Overrides.js
v400-microbiology-tmp-smx-profilaksisi,TMP-SMX profilaksisi,TMP-SMX profilaksisi | trimetoprim-sülfametoksazol profilaksisi | Pneumocystis profilaksisi,Tıbbi Mikrobiyoloji,Antimikrobiyal profilaksi,P0,Pneumocystis jirovecii ve bazı fırsatçı enfeksiyonlara karşı kullanılan profilaksi yaklaşımıdır.,HIV’de CD4 belirgin düştüğünde Pneumocystis pnömonisi riskini azaltmak için TMP-SMX verilir. Aynı ilaç tedavide de ilk seçeneklerden biridir.,Pneumocystis tedavi ve profilaksisinde TMP-SMX klasik cevaptır.,Toxoplasma profilaksisinde de TMP-SMX koruyucu olabilir; kriptokokta farklı antifungal yaklaşım gerekir.,Pneumocystis jirovecii | HIV | CD4 sayısı,120,src/data/cases.js; src/data/tusPearlCards.js; src/data/tusPearlMedicalMicrobiologyFirst52Overrides.js; src/data/tusPearlMedicalMicrobiologySecond52Overrides.js
v400-microbiology-toxoplasma-halka-lezyonu,Toxoplasma halka lezyonu,Toxoplasma halka lezyonu | ring-enhancing lesion | bazal ganglion halka lezyonu,Tıbbi Mikrobiyoloji,Parazit / görüntüleme paterni,P0,İleri HIV’de Toxoplasma ensefalitini düşündüren kontrastlanan beyin lezyonu paternidir.,"Toxoplasma gondii reaktivasyonu genellikle çoklu, halka şeklinde kontrastlanan ve bazal ganglionları tutabilen lezyonlarla sorulur. CD4 düşüklüğü ve kedi/et maruziyeti bağlamı destekler.",AIDS hastasında çoklu bazal ganglion halka lezyonu = Toxoplasma düşün.,Primer CNS lenfoma genellikle EBV ilişkili tek/az sayıda lezyonla ayırıcı tanıya girer.,Toxoplasma gondii | CD4 düşüklüğü | Pirimetamin-sülfadiazin,102,src/data/cases.js; src/data/tusPearlCards.js; src/data/tusPearlMedicalMicrobiologyFirst52Overrides.js; src/data/tusPearlMedicalMicrobiologySecond52Overrides.js
v400-microbiology-toxoplasma-doku-kisti,Toxoplasma doku kisti,Toxoplasma doku kisti | tissue cyst | bradizoit kisti,Tıbbi Mikrobiyoloji,Parazit formu,P1,Toxoplasma’nın ette veya dokuda latent kalabilen kist formudur.,İyi pişmemiş etle alınan doku kistleri insan enfeksiyonunun önemli yollarındandır. İmmünsüpresyonda latent kistlerin reaktivasyonu ensefalit yapabilir.,Toxoplasma bulaşında kedi oositi ve az pişmiş ette doku kisti birlikte bilinmelidir.,Oosit çevresel kedi dışkısı kaynaklıdır; doku kisti az pişmiş ette bulunur.,Toxoplasma oositi | Toxoplasma gondii | İmmünsüpresyon,111,src/data/cases.js; src/data/tusPearlCards.js; src/data/tusPearlMedicalMicrobiologyFirst52Overrides.js; src/data/tusPearlMedicalMicrobiologySecond52Overrides.js
v400-microbiology-toxoplasma-oositi,Toxoplasma oositi,Toxoplasma oositi | oocyst | kedi dışkısı oositi,Tıbbi Mikrobiyoloji,Parazit formu,P1,Toxoplasma’nın kedilerin dışkısıyla çevreye saçılan enfektif formudur.,Oositler çevrede sporlanıp enfektif hale gelir ve kontamine toprak/gıda ile bulaşabilir. Gebelikte primer enfeksiyon konjenital toksoplazmoz riski taşır.,Kedi dışkısı oositi + az pişmiş et doku kisti Toxoplasma bulaşının iki temel yoludur.,Doku kisti ette; oosit çevrede/kedi dışkısında bulunur.,Toxoplasma doku kisti | Konjenital toksoplazmoz | Kedi maruziyeti,143,src/data/cases.js; src/data/tusPearlCards.js; src/data/tusPearlMedicalMicrobiologyFirst52Overrides.js; src/data/tusPearlMedicalMicrobiologySecond52Overrides.js
v400-microbiology-giardia-kisti,Giardia kisti,Giardia kisti | Giardia cyst | Giardia lamblia kisti,Tıbbi Mikrobiyoloji,Parazit formu,P1,Giardia’nın çevrede dayanıklı ve bulaştırıcı formudur.,Kist kontamine suyla alınır; ince bağırsakta trofozoite dönüşür ve yağlı kötü kokulu ishal/malabsorpsiyon yapabilir. Kamp suyu öyküsü klasik ipucudur.,Kamp suyu + yağlı kötü kokulu ishal + Giardia kisti/trofozoiti düşün.,Trofozoit hastalık yapan hareketli formdur; kist çevrede dayanıklı bulaştırıcı formdur.,Giardia trofozoiti | Dışkı antijen testi | Su kaynaklı bulaş,110,src/data/cases.js; src/data/tusPearlCards.js; src/data/tusPearlMedicalMicrobiologyFirst52Overrides.js; src/data/tusPearlMedicalMicrobiologySecond52Overrides.js
v400-microbiology-giardia-trofozoiti,Giardia trofozoiti,Giardia trofozoiti | Giardia trophozoite | armut biçimli trofozoit,Tıbbi Mikrobiyoloji,Parazit formu,P1,Giardia’nın bağırsak mukozasına tutunan hareketli formudur.,Trofozoit disk benzeri yapısıyla duodenal mukozaya tutunur ve malabsorpsiyon/yağlı ishal yapar. Dışkıda kist veya trofozoit gösterilebilir.,"Giardia’da kist bulaştırıcı, trofozoit bağırsakta aktif formdur.",Entamoeba trofozoitinde eritrosit fagositozu invazyonu gösterir; Giardia daha çok malabsorpsiyon yapar.,Giardia kisti | Malabsorpsiyon | Dışkı antijen testi,181,src/data/cases.js; src/data/tusPearlCards.js; src/data/tusPearlMedicalMicrobiologyFirst52Overrides.js; src/data/tusPearlMedicalMicrobiologySecond52Overrides.js
v400-microbiology-entamoeba-eritrosit-fagositozu,Entamoeba eritrosit fagositozu,Entamoeba eritrosit fagositozu | erythrophagocytosis | eritrosit içeren trofozoit,Tıbbi Mikrobiyoloji,Parazit morfolojisi,P1,Entamoeba histolytica trofozoitlerinde eritrosit görülmesidir.,Eritrosit fagositozu invaziv E. histolytica için ayırt ettirici mikroskopik ipucudur. Kanlı ishal ve karaciğer absesi bağlamında önemlidir.,Trofozoit içinde eritrosit = Entamoeba histolytica lehine güçlü ipucu.,Giardia trofozoiti malabsorpsiyon yapar ama eritrosit fagosite etmez.,Entamoeba histolytica | Kanlı ishal | Karaciğer absesi,32,src/data/cases.js; src/data/tusPearlCards.js; src/data/tusPearlMedicalMicrobiologyFirst52Overrides.js; src/data/tusPearlMedicalMicrobiologySecond52Overrides.js
v400-microbiology-luminal-amebisid,Luminal amebisid,Luminal amebisid | paromomisin | iyodokinol | luminal ajan,Tıbbi Mikrobiyoloji,Antiparaziter tedavi mantığı,P1,Entamoeba tedavisinde bağırsak lümenindeki kist taşıyıcılığını temizlemek için kullanılan ajan grubudur.,Metronidazol doku invazyonunu tedavi eder ancak lümendeki kistleri tamamen ortadan kaldırmayabilir. Bu yüzden invaziv amebiyaz sonrası luminal ajan eklenir.,Entamoeba karaciğer absesinde metronidazol sonrası luminal amebisid gerekir.,Sadece metronidazol doku hastalığını düzeltir; luminal ajan bulaştırıcılık ve relaps riskini azaltır.,Entamoeba histolytica | Metronidazol | Kist taşıyıcılığı,47,src/data/cases.js; src/data/tusPearlCards.js; src/data/tusPearlMedicalMicrobiologyFirst52Overrides.js; src/data/tusPearlMedicalMicrobiologySecond52Overrides.js
v400-microbiology-echinococcus-hidatik-kist,Echinococcus hidatik kist,Echinococcus hidatik kist | hidatik kist | hydatid cyst,Tıbbi Mikrobiyoloji,Parazit / klinik tablo,P0,Echinococcus granulosus larvalarının özellikle karaciğerde oluşturduğu kistik lezyondur.,Köpek-koyun döngüsüyle ilişkili hidatik kist içinde kız kistler bulunabilir. Kontrolsüz rüptür veya aspirasyon anafilaksi riski taşır.,Köpek-koyun teması + karaciğerde kız kistli lezyon = Echinococcus hidatik kist.,Basit karaciğer kisti seroloji/kız kist/epidemiyoloji olmadan hidatik kist kadar spesifik değildir.,Kız kist | Hidatik kist aspirasyon riski | Echinococcus granulosus,134,src/data/cases.js; src/data/tusPearlCards.js; src/data/tusPearlMedicalMicrobiologyFirst52Overrides.js; src/data/tusPearlMedicalMicrobiologySecond52Overrides.js
v400-microbiology-kiz-kist,Kız kist,Kız kist | daughter cyst | hidatik kız kist,Tıbbi Mikrobiyoloji,Parazit / görüntüleme morfolojisi,P1,Hidatik kistin içinde gelişen ikincil kistik yapılardır.,Kız kist görünümü Echinococcus hidatik kistini destekleyen önemli radyolojik/morfolojik ipucudur. Kist manipülasyonu anafilaksi ve yayılım riski taşıyabilir.,Karaciğerde kız kistler hidatik kist lehine güçlü ipucudur.,Amebik karaciğer absesi kistik paraziter kız kist yapısından farklıdır.,Echinococcus hidatik kist | Anafilaksi | Köpek-koyun döngüsü,55,src/data/cases.js; src/data/tusPearlCards.js; src/data/tusPearlMedicalMicrobiologyFirst52Overrides.js; src/data/tusPearlMedicalMicrobiologySecond52Overrides.js
v400-microbiology-hidatik-kist-aspirasyon-riski,Hidatik kist aspirasyon riski,Hidatik kist aspirasyon riski | hidatik kist rüptür riski | PAIR anafilaksi riski,Tıbbi Mikrobiyoloji,Parazit / girişim riski,P1,Hidatik kistin kontrolsüz boşaltılmasıyla anafilaksi ve peritoneal yayılım gelişebilme riskidir.,Kist içeriğindeki antijenik materyal dolaşıma veya peritoneal alana yayılırsa ciddi alerjik reaksiyon ve yeni ekinokok odakları oluşabilir. Bu yüzden girişim planı kontrollü yapılır.,Hidatik kistte kontrolsüz aspirasyon anafilaksi riski taşır.,Basit kist aspirasyonu genellikle bu düzeyde paraziter yayılım riski taşımaz.,Echinococcus hidatik kist | Kız kist | Anafilaksi,93,src/data/cases.js; src/data/tusPearlCards.js; src/data/tusPearlMedicalMicrobiologyFirst52Overrides.js; src/data/tusPearlMedicalMicrobiologySecond52Overrides.js
v400-microbiology-plasmodium-kalin-damla,Plasmodium kalın damla,Plasmodium kalın damla | kalın damla yayması | thick blood smear,Tıbbi Mikrobiyoloji,Parazit tanı testi,P0,Sıtma tanısında parazit varlığını duyarlı şekilde göstermek için kullanılan kan yaymasıdır.,Kalın damla düşük parazitemide duyarlılığı artırır; ince yayma tür tayini ve morfolojik ayrım için kullanılır. Ateş nöbetleri ve seyahat öyküsüyle birlikte değerlendirilir.,"Sıtmada kalın damla tarama, ince yayma tür ayrımı için önemlidir.",Babesia’da Maltese cross; Plasmodium’da eritrosit içi formlar ve yayma paternleri değerlendirilir.,Plasmodium | İnce yayma | Periyodik ateş,94,src/data/cases.js; src/data/tusPearlCards.js; src/data/tusPearlMedicalMicrobiologyFirst52Overrides.js; src/data/tusPearlMedicalMicrobiologySecond52Overrides.js
v400-microbiology-hipnozoit,Hipnozoit,Hipnozoit | hypnozoite | karaciğer latent formu,Tıbbi Mikrobiyoloji,Parazit yaşam döngüsü,P1,P. vivax ve P. ovale’nin karaciğerde latent kalabilen formudur.,Hipnozoitler aylar-yıllar sonra relapsa yol açabilir. Bu nedenle eradikasyon için karaciğer formlarını hedefleyen tedavi mantığı gerekir.,Vivax/ovale relapsı hipnozoit nedeniyle olur.,Falciparum ağır hastalık ve yüksek parazitemiyle; vivax/ovale hipnozoit relapsıyla öne çıkar.,Plasmodium vivax | Plasmodium ovale | Primaquin,34,src/data/cases.js; src/data/tusPearlCards.js; src/data/tusPearlMedicalMicrobiologyFirst52Overrides.js; src/data/tusPearlMedicalMicrobiologySecond52Overrides.js
v400-microbiology-gametosit,Gametosit,Gametosit | Plasmodium gametocyte,Tıbbi Mikrobiyoloji,Parazit yaşam döngüsü,P2,Plasmodium’un sivrisineğe geçebilen cinsel formudur.,Gametositler insan kanında bulunur ve Anopheles sivrisineği tarafından alındığında parazitin cinsel döngüsünü başlatır. Yayılım ve bulaş zinciri için önemlidir.,Sıtmanın sivrisineğe bulaşan formu gametosittir.,Şizont doku/eritrosit çoğalma formu; gametosit vektöre geçen formdur.,Plasmodium | Anopheles | Vektör kaynaklı bulaş,34,src/data/cases.js; src/data/tusPearlCards.js; src/data/tusPearlMedicalMicrobiologyFirst52Overrides.js; src/data/tusPearlMedicalMicrobiologySecond52Overrides.js
v400-microbiology-minimal-inhibitor-konsantrasyon,Minimal inhibitör konsantrasyon,Minimal inhibitör konsantrasyon | MİK | MIC | minimum inhibitory concentration,Tıbbi Mikrobiyoloji,Antimikrobiyal duyarlılık,P0,Bir antibiyotiğin görünür bakteri üremesini engelleyen en düşük konsantrasyonudur.,MİK değeri antibiyotik duyarlılığı ve doz/ilaç seçimi açısından yorumlanır. Düşük MİK genellikle daha yüksek in vitro etkinlik anlamına gelir ancak klinik başarı farmakokinetik ve enfeksiyon odağına da bağlıdır.,MİK antibiyotiğin üremeyi durdurduğu en düşük düzeyi gösterir.,Disk difüzyonda zon çapı ölçülür; MİK sayısal konsantrasyon değeri verir.,Antibiyogram | Disk difüzyon testi | Antibiyotik direnci,1218,src/data/cases.js; src/data/tusPearlCards.js; src/data/tusPearlMedicalMicrobiologyFirst52Overrides.js; src/data/tusPearlMedicalMicrobiologySecond52Overrides.js
v400-microbiology-metallo-beta-laktamaz,Metallo-beta-laktamaz,Metallo-beta-laktamaz | MBL | metallo beta lactamase,Tıbbi Mikrobiyoloji,Antibiyotik direnci,P1,"Çinko bağımlı, karbapenemleri hidrolize edebilen beta-laktamaz grubudur.",Metallo-beta-laktamazlar birçok beta-laktamı etkisizleştirir ve ağır gram negatif enfeksiyonlarda tedavi seçeneklerini kısıtlar. Klasik beta-laktamaz inhibitörleriyle her zaman etkili şekilde baskılanmaz.,MBL karbapenem direnci bağlamında kritik bir direnç mekanizmasıdır.,ESBL geniş spektrumlu sefalosporin direnciyle; MBL karbapenem direnciyle öne çıkar.,Karbapenemaz | Beta-laktamaz | Antibiyogram,46,src/data/cases.js; src/data/tusPearlCards.js; src/data/tusPearlMedicalMicrobiologyFirst52Overrides.js; src/data/tusPearlMedicalMicrobiologySecond52Overrides.js
v400-microbiology-kolonizasyon,Kolonizasyon,Kolonizasyon | colonization | mikrobiyal kolonizasyon,Tıbbi Mikrobiyoloji,Enfeksiyon jargonu,P1,Mikroorganizmanın dokuda bulunması ancak invazyon veya klinik hastalık oluşturmamasıdır.,"Kolonizasyon pozitif kültür veya testin her zaman tedavi gerektiren enfeksiyon anlamına gelmediğini hatırlatır. Özellikle C. difficile, idrar kültürü ve solunum örneklerinde klinik korelasyon gerekir.",Pozitif test tek başına enfeksiyon değildir; semptom ve doku yanıtı aranır.,Enfeksiyon invazyon/hasar ve klinik yanıt içerir; kolonizasyon sadece varlığı gösterir.,Enfeksiyon | Kültür | C. difficile,216,src/data/cases.js; src/data/tusPearlCards.js; src/data/tusPearlMedicalMicrobiologyFirst52Overrides.js; src/data/tusPearlMedicalMicrobiologySecond52Overrides.js
v400-microbiology-fekal-oral-bulas,Fekal-oral bulaş,Fekal-oral bulaş | fecal-oral transmission,Tıbbi Mikrobiyoloji,Bulaş yolu,P1,"Dışkıyla kontamine su, gıda veya eller aracılığıyla mikroorganizmanın ağızdan alınmasıdır.","HAV, Giardia, Shigella, ETEC ve kolera gibi birçok enterik enfeksiyon bu yolla bulaşır. Hijyen, güvenli su ve gıda önlemleri korunmada temeldir.",Sulu/kanlı ishal etkenlerinde bulaş yolunu düşünürken fekal-oral yol temel çerçevedir.,Damlacık bulaşı solunum sekresyonlarıyla; fekal-oral bulaş enterik yolakla ilişkilidir.,HAV | Giardia | Vibrio cholerae,324,src/data/cases.js; src/data/tusPearlCards.js; src/data/tusPearlMedicalMicrobiologyFirst52Overrides.js; src/data/tusPearlMedicalMicrobiologySecond52Overrides.js
v400-microbiology-damlacik-bulasi,Damlacık bulaşı,Damlacık bulaşı | droplet transmission,Tıbbi Mikrobiyoloji,Bulaş yolu,P1,Yakın mesafede solunum damlacıklarıyla bulaşan enfeksiyon yoludur.,"Meningokok, boğmaca, influenza gibi etkenlerde yakın temas ve solunum sekresyonları önemlidir. Klinik pratikte maske ve temaslı profilaksisi kararlarını etkileyebilir.",Meningokok temaslı profilaksisi damlacık/yakın temas mantığıyla ilişkilidir.,Aerosen bulaş daha küçük parçacıkların havada asılı kalmasıyla olur; damlacık genellikle yakın mesafe gerektirir.,Meningokok | Boğmaca | Temaslı profilaksisi,96,src/data/cases.js; src/data/tusPearlCards.js; src/data/tusPearlMedicalMicrobiologyFirst52Overrides.js; src/data/tusPearlMedicalMicrobiologySecond52Overrides.js
v400-microbiology-temas-izolasyonu,Temas izolasyonu,Temas izolasyonu | contact precautions | temas önlemleri,Tıbbi Mikrobiyoloji,Enfeksiyon kontrolü,P1,Doğrudan temas veya kontamine yüzeylerle bulaşan etkenler için uygulanan izolasyon yaklaşımıdır.,C. difficile gibi spor oluşturan veya çevresel kontaminasyonu önemli olan etkenlerde el hijyeni ve yüzey temizliği kritik hale gelir. İzolasyon bulaş zincirini kesmeyi amaçlar.,C. difficile’de temas önlemleri ve spor temizliği önemlidir.,Damlacık izolasyonu solunum damlacıklarına; temas izolasyonu yüzey/temas bulaşına yöneliktir.,C. difficile | Spor | Enfeksiyon kontrolü,88,src/data/cases.js; src/data/tusPearlCards.js; src/data/tusPearlMedicalMicrobiologyFirst52Overrides.js; src/data/tusPearlMedicalMicrobiologySecond52Overrides.js
v400-microbiology-konjuge-asi,Konjuge aşı,Konjuge aşı | conjugate vaccine | polisakkarit-protein konjuge aşı,Tıbbi Mikrobiyoloji,Aşı tipi,P0,Polisakkarit kapsül antijeninin protein taşıyıcıya bağlanarak T hücre bağımlı yanıt oluşturduğu aşı tipidir.,"Konjuge aşılar özellikle küçük çocuklarda kapsüllü bakterilere karşı daha etkili bağışıklık ve immün hafıza sağlar. Hib, pnömokok ve meningokok aşılarında bu mantık önemlidir.",Kapsüllü bakterilere karşı küçük çocukta güçlü yanıt için konjuge aşı gerekir.,Saf polisakkarit aşı T hücre bağımsızdır; konjuge aşı T hücre yardımı ve hafıza oluşturur.,Hib kapsülü | Meningokok kapsülü | Kapsüllü bakteri,269,src/data/cases.js; src/data/tusPearlCards.js; src/data/tusPearlMedicalMicrobiologyFirst52Overrides.js; src/data/tusPearlMedicalMicrobiologySecond52Overrides.js
v400-microbiology-toksoid-asi,Toksoid aşı,Toksoid aşı | toxoid vaccine,Tıbbi Mikrobiyoloji,Aşı tipi,P0,Toksik etkisi kaldırılmış ancak antijenik yapısı korunmuş toksinden hazırlanan aşıdır.,Tetanoz ve difteri aşıları toksoid mantığıyla korur. Aşı bakterinin kolonizasyonunu değil toksinin etkisini nötralize edecek antikor yanıtını hedefler.,Tetanoz ve difteri korunması toksoid aşı mantığıdır.,Canlı aşı mikroorganizma içerir; toksoid aşı inaktive toksin antijenidir.,Tetanospazmin | Difteria toksini | Aktif immünizasyon,113,src/data/cases.js; src/data/tusPearlCards.js; src/data/tusPearlMedicalMicrobiologyFirst52Overrides.js; src/data/tusPearlMedicalMicrobiologySecond52Overrides.js
v400-microbiology-pasif-immunizasyon,Pasif immünizasyon,Pasif immünizasyon | passive immunization | hazır antikor verilmesi,Tıbbi Mikrobiyoloji,İmmünizasyon kavramı,P1,Kişiye hazır antikor verilerek hızlı ama geçici koruma sağlanmasıdır.,İmmünglobulin veya monoklonal antikor uygulamaları pasif immünizasyon örnekleridir. Hızlı koruma sağlar ancak uzun süreli immün hafıza oluşturmaz.,Kuduz immünglobulini ve VZIG pasif immünizasyon örnekleridir.,Aktif immünizasyon kişinin kendi bağışıklık yanıtını ve hafızasını oluşturur.,Kuduz immünglobulini | VZIG | Aktif immünizasyon,16,src/data/cases.js; src/data/tusPearlCards.js; src/data/tusPearlMedicalMicrobiologyFirst52Overrides.js; src/data/tusPearlMedicalMicrobiologySecond52Overrides.js
v400-microbiology-naat,NAAT,NAAT | nükleik asit amplifikasyon testi | nucleic acid amplification test,Tıbbi Mikrobiyoloji,Moleküler tanı,P0,Etkenin DNA/RNA’sını çoğaltarak saptayan moleküler tanı testleri grubudur.,"NAAT özellikle kültürü zor, yavaş veya duyarlılığı sınırlı etkenlerde hızlı tanı sağlar. Chlamydia, gonore, boğmaca, viral enfeksiyonlar ve bazı solunum panellerinde sık kullanılır.",NAAT hızlı ve duyarlı nükleik asit temelli tanıdır; canlı etken varlığını her zaman tek başına kanıtlamaz.,Kültür canlı mikroorganizma üretir ve antibiyogram sağlar; NAAT genetik materyal saptar.,PCR | Nazofarengeal NAAT | Chlamydia trachomatis,437,src/data/cases.js; src/data/tusPearlCards.js; src/data/tusPearlMedicalMicrobiologyFirst52Overrides.js; src/data/tusPearlMedicalMicrobiologySecond52Overrides.js
v400-microbiology-serokonversiyon,Serokonversiyon,Serokonversiyon | seroconversion,Tıbbi Mikrobiyoloji,Serolojik zamanlama,P1,Önceden negatif olan özgül antikorun enfeksiyon veya aşı sonrası pozitifleşmesidir.,Serokonversiyon bağışıklık sisteminin antijene yanıt verdiğini gösterir. Akut-kronik veya eski-yeni enfeksiyon ayrımında serolojik zamanlama önemlidir.,Serolojide tek sonuçtan çok zamanlama ve serokonversiyon mantığı önemlidir.,Antijen veya PCR etken varlığını doğrudan/erken gösterebilir; serokonversiyon konak yanıtını gösterir.,IgM pozitifliği | IgG aviditesi | Antikor,252,src/data/cases.js; src/data/tusPearlCards.js; src/data/tusPearlMedicalMicrobiologyFirst52Overrides.js; src/data/tusPearlMedicalMicrobiologySecond52Overrides.js
v400-microbiology-gg-aviditesi,IgG aviditesi,IgG aviditesi | IgG avidity | avidite testi,Tıbbi Mikrobiyoloji,Serolojik zamanlama,P1,IgG antikorlarının antijene bağlanma gücünü ölçerek enfeksiyon zamanlamasına yardım eden testtir.,"Düşük avidite yakın dönem primer enfeksiyonu, yüksek avidite daha eski enfeksiyonu destekleyebilir. Gebelikte toksoplazma/CMV gibi enfeksiyonlarda zamanlama açısından değerlidir.",Gebelikte primer enfeksiyon zamanlamasında IgG aviditesi kritik ipucu olabilir.,IgM pozitifliği tek başına yeni enfeksiyonu her zaman kanıtlamaz; avidite zamanlama netleştirebilir.,IgM pozitifliği | Toxoplasma | CMV,175,src/data/cases.js; src/data/tusPearlCards.js; src/data/tusPearlMedicalMicrobiologyFirst52Overrides.js; src/data/tusPearlMedicalMicrobiologySecond52Overrides.js
v400-microbiology-dfa-testi,DFA testi,DFA testi | direct fluorescent antibody test | direkt floresan antikor testi,Tıbbi Mikrobiyoloji,Mikrobiyolojik tanı testi,P1,Örnekteki antijeni floresan işaretli antikorlarla gösteren testtir.,"DFA bazı protozoal, viral veya solunum etkenlerinin hızlı gösteriminde kullanılabilir. Test sonucu örnek kalitesi ve hedef antijenin varlığına bağlıdır.",DFA antijenin örnekte doğrudan gösterilmesi mantığına dayanır.,Seroloji konak antikor yanıtını; DFA örnekteki antijeni gösterir.,Antijen testi | Giardia | Solunum virüsleri,402,src/data/cases.js; src/data/tusPearlCards.js; src/data/tusPearlMedicalMicrobiologyFirst52Overrides.js; src/data/tusPearlMedicalMicrobiologySecond52Overrides.js
v400-microbiology-lateks-aglutinasyon,Lateks aglütinasyon,Lateks aglütinasyon | latex agglutination,Tıbbi Mikrobiyoloji,Antijen/antikor testi,P2,Partiküllere bağlı antijen veya antikorların görünür kümelenme oluşturmasıyla çalışan hızlı test prensibidir.,Lateks aglütinasyon kapsüler antijen veya bazı mikrobiyal antijenlerin hızlı gösteriminde kullanılabilir. Sonuç klinik ve kültür/PCR gibi doğrulayıcı testlerle birlikte yorumlanır.,Aglütinasyon testleri hızlı yönlendirir ama klinik bağlam olmadan tek başına karar verdirmez.,ELISA enzim aracılı sinyal üretir; lateks aglütinasyon görünür partikül kümelenmesine dayanır.,Antijen testi | Kapsül | Seroloji,37,src/data/cases.js; src/data/tusPearlCards.js; src/data/tusPearlMedicalMicrobiologyFirst52Overrides.js; src/data/tusPearlMedicalMicrobiologySecond52Overrides.js
v400-microbiology-anaerob-kultur,Anaerob kültür,Anaerob kültür | anaerobic culture,Tıbbi Mikrobiyoloji,Kültür yöntemi,P1,Oksijensiz koşullarda üreyen mikroorganizmaları izole etmek için yapılan kültür yöntemidir.,"Anaerob bakteriler oksijen varlığında üreyemeyebilir; örnek alma, taşıma ve inkübasyon koşulları tanı başarısını belirler. Derin doku, apse ve nekrotik enfeksiyonlarda önemlidir.","Anaerob enfeksiyon şüphesinde örnek yüzey sürüntüsü değil, uygun derin materyal olmalıdır.",Aerob kültür oksijenli koşullarda; anaerob kültür oksijensiz koşullarda üreme sağlar.,Clostridium | Gazlı gangren | Apse,88,src/data/cases.js; src/data/tusPearlCards.js; src/data/tusPearlMedicalMicrobiologyFirst52Overrides.js; src/data/tusPearlMedicalMicrobiologySecond52Overrides.js
