id,term,aliases,category,subcategory,priority,shortDefinition,postAnswerExplanation,tusPearl,differentialPoint,safeNestedTerms,occurrenceCount,sourceTextExamples
v401-pathology-protein-denaturasyonu,Protein denatürasyonu,Protein denatürasyonu,Tıbbi Patoloji,Hücre hasarı / nekroz,P1,Proteinlerin üç boyutlu yapısını kaybederek işlevsizleşmesidir.,Koagülasyon nekrozunda yapısal proteinler ve proteolitik enzimler denatüre olur. Bu durum hücre canlılığı kaybolmasına rağmen doku mimarisinin bir süre seçilebilmesini açıklar.,Solid organ infarktında mimarinin korunması protein denatürasyonu baskınlığıyla açıklanır.,Enzimatik sindirim baskınsa sıvılaşma nekrozu; protein denatürasyonu baskınsa koagülasyon nekrozu beklenir.,Koagülasyon nekrozu | Proteolitik enzim | Solid organ infarktı,101,"Miyokard enfarktüsünün saat-gün düzeyindeki histopatolojik evrimini koagülasyon nekrozu, nötrofil, makrofaj ve skar evreleriyle ayırt edebilme. || Solid organ iskemisinde temel nekroz paterni beyin dışı dokularda koagülasyon nekrozudur."
v401-pathology-hayalet-hucre,Hayalet hücre,Hayalet hücre,Tıbbi Patoloji,Hücre hasarı / nekroz,P1,Çekirdeği kaybolmuş ancak hücre sınırları silik şekilde seçilebilen nekrotik hücre görünümüdür.,"Koagülasyon nekrozunda çekirdek piknoz, karyoreksis ve karyolizisle kaybolur; sitoplazmik kontur ise geçici olarak korunabilir. Bu mikroskobik görünüm “hayalet hücre” mantığıyla anlatılır.",Koagülasyon nekrozu = canlılık kaybı + geçici mimari korunumu + hayalet hücre.,Apoptozda apoptotik cisimcikler ve fagositoz; koagülasyon nekrozunda doku alanı ölümü ve hayalet hücreler öne çıkar.,Koagülasyon nekrozu | Karyolizis | Piknoz,88,"Miyokard enfarktüsünün saat-gün düzeyindeki histopatolojik evrimini koagülasyon nekrozu, nötrofil, makrofaj ve skar evreleriyle ayırt edebilme. || Solid organ iskemisinde temel nekroz paterni beyin dışı dokularda koagülasyon nekrozudur."
v401-pathology-proteolitik-enzim,Proteolitik enzim,Proteolitik enzim,Tıbbi Patoloji,Hücre hasarı / nekroz,P1,"Proteinleri parçalayan, nekrotik dokunun sindiriminde rol alan enzim grubudur.",Nötrofil ve makrofajlardan salınan proteolitik enzimler nekrotik dokunun temizlenmesine katkı verir. Apse ve beyin infarktında doku mimarisinin erimesi bu enzimatik sindirimin baskınlığıyla ilişkilidir.,Apse + püy + doku erimesi ifadesi proteolitik/lizozomal enzimleri düşündürür.,Protein denatürasyonu dokuyu korur; proteolitik enzim aktivitesi dokuyu sıvılaştırır.,Sıvılaşma nekrozu | Nötrofil | Lizozomal enzim,214,Glomerüllerde yaygın endokapiller hipersellülarite ve nötrofil lökositlerden zengin eksüdatif görünüm. || Glomerüllerde yaygın endokapiller hipersellülarite ve nötrofil lökositlerden zengin eksüdatif görünüm.
v401-pathology-notrofil-lizozomal-enzimleri,Nötrofil lizozomal enzimleri,nötrofil enzimleri | lizozomal enzimler | Nötrofil lizozomal enzimleri,Tıbbi Patoloji,Akut inflamasyon,P1,Nötrofillerden salınarak mikroorganizma ve çevre dokuyu sindirebilen enzimlerdir.,Akut piyojenik inflamasyonda nötrofiller bakterileri öldürürken çevre dokuda da enzimatik hasar oluşturur. Bu süreç püy oluşumu ve sıvılaşma nekrozunun temelidir.,Bakteriyel apse sorusunda nötrofil lizozomal enzimleri doku erimesinin ana mekanizmasıdır.,Granülomatöz inflamasyon makrofaj/Th1 baskındır; apse nötrofil ve lizozomal enzim baskındır.,Apse | Püy | Sıvılaşma nekrozu,90,"Kript distorsiyonu, bazal plazmasitoz ve kript apseleri || Likefaksiyon nekrozu beyin infarktında veya apse içinde enzimatik doku sindirimiyle sıvılaşma şeklinde beklenir. Bu olguda miyokard mimarisi korunmuş, sıvılaşma paterni verilmemiştir."
v401-pathology-apse,Apse,Apse,Tıbbi Patoloji,Akut inflamasyon,P0,"Püy içeren, çoğunlukla nötrofil ağırlıklı lokalize enfeksiyon odağıdır.","Apse merkezinde canlı ve ölü nötrofiller, nekrotik doku artıkları ve mikroorganizmalar bulunur. Nötrofil enzimleri çevre dokuyu erittiği için sıvılaşma nekrozu gelişir.",Apse = lokalize püy + nötrofil + sıvılaşma nekrozu.,Granülom kronik makrofaj yanıtıdır; apse akut nötrofilik yanıtın morfolojik sonucudur.,Püy | Nötrofil | Sıvılaşma nekrozu,252,"Kript distorsiyonu, bazal plazmasitoz ve kript apseleri || Glomerüllerde yaygın endokapiller hipersellülarite ve nötrofil lökositlerden zengin eksüdatif görünüm."
v401-pathology-amorf-eozinofilik-merkez,Amorf eozinofilik merkez,Amorf eozinofilik merkez,Tıbbi Patoloji,Granülomatöz inflamasyon,P1,"Mikroskopide hücresiz, granüler-pembe nekrotik merkez görünümüdür.",Kazeifikasyon nekrozunda doku mimarisi tamamen silinir ve merkezde amorf eozinofilik materyal birikir. Bu merkez epiteloid histiyositler ve dev hücrelerle çevrilirse kazeifiye granülom oluşur.,"Amorf eozinofilik merkez + granülom = kazeifikasyon, özellikle tüberküloz.",Apse merkezinde pürülan nötrofilik içerik; kazeifikasyonda hücresiz amorf nekrotik merkez beklenir.,Kazeifikasyon nekrozu | Granülom | Epiteloid histiyosit,346,"Bu patern Crohn hastalığı için daha uygundur; skip lezyon, fistül, transmural tutulum veya granülom beklenir. Bu olguda kanlı ishal, perianal hastalık veya transmural komplikasyon değil, glutenle ilişkili proksimal malabsorpsiyon ön plandadır. || Bu patern Crohn hastalığı için daha uygundur; skip lezyon, fistül, transmural tutulum veya granülom beklenir. Bu olguda kanlı ishal, perianal hastalık veya transmural komplikasyon değil, glutenle ilişkili proksimal malabsorpsiyon ön plandadır."
v401-pathology-epiteloid-histiyosit,Epiteloid histiyosit,Epiteloid histiyosit,Tıbbi Patoloji,Granülomatöz inflamasyon,P0,Kronik inflamasyonda epitelsi görünüme dönüşmüş aktive makrofajdır.,Epiteloid histiyositler granülomun temel hücresidir. Th1-IFN-gamma ekseniyle aktive olan makrofajlar birleşerek dev hücreleri de oluşturabilir.,Granülom sorusunda epiteloid histiyosit makrofaj kökenli ana hücredir.,"Nötrofil apseyi, epiteloid histiyosit granülomatöz inflamasyonu düşündürür.",Granülom | IFN-gamma | Langhans dev hücresi,340,"Bu patern Crohn hastalığı için daha uygundur; skip lezyon, fistül, transmural tutulum veya granülom beklenir. Bu olguda kanlı ishal, perianal hastalık veya transmural komplikasyon değil, glutenle ilişkili proksimal malabsorpsiyon ön plandadır. || Bu patern Crohn hastalığı için daha uygundur; skip lezyon, fistül, transmural tutulum veya granülom beklenir. Bu olguda kanlı ishal, perianal hastalık veya transmural komplikasyon değil, glutenle ilişkili proksimal malabsorpsiyon ön plandadır."
v401-pathology-enzimatik-yag-nekrozu,Enzimatik yağ nekrozu,Enzimatik yağ nekrozu,Tıbbi Patoloji,Hücre hasarı / nekroz,P0,Pankreatik lipazların yağ dokusunu parçalamasıyla gelişen yağ nekrozu tipidir.,Akut pankreatitte lipazlar peripankreatik yağ dokusunu trigliseritlerden serbest yağ asitlerine ayırır. Bu yağ asitleri kalsiyumla birleşerek tebeşirimsi sabunlaşma odakları oluşturur.,Akut pankreatit + tebeşirimsi beyaz odak + hipokalsemi = enzimatik yağ nekrozu.,Travmatik yağ nekrozu daha çok memede sert kitle/fibrozisle maligniteyi taklit eder.,Akut pankreatit | Sabunlaşma | Hipokalsemi,31,"Yağ nekrozu pankreatit veya travmatik yağ dokusu hasarında sabunlaşma, kalsifikasyon ve adiposit gölge hücreleriyle beklenir. Olguda yağ dokusu değil miyokard iskemisi ön plandadır. || Yağ nekrozu pankreatit veya travmatik yağ dokusu hasarında sabunlaşma, kalsifikasyon ve adiposit gölge hücreleriyle beklenir. Olguda yağ dokusu değil miyokard iskemisi ön plandadır."
v401-pathology-sabunlasma,Sabunlaşma,Sabunlaşma,Tıbbi Patoloji,Hücre hasarı / nekroz,P1,Yağ asitlerinin kalsiyumla birleşerek kalsiyum sabunları oluşturmasıdır.,Yağ nekrozunda serbest yağ asitleri kalsiyumu bağlayabilir. Akut pankreatitte bu süreç hipokalsemi ve tebeşirimsi beyaz nekroz odaklarıyla ilişkilidir.,"Pankreatit sorusunda sabunlaşma, enzimatik yağ nekrozunun morfolojik anahtar kelimesidir.",Distrofik kalsifikasyon ölü dokuda kalsiyum birikimidir; sabunlaşma yağ nekrozu bağlamında yağ asidi-kalsiyum birleşimini vurgular.,Enzimatik yağ nekrozu | Akut pankreatit | Kalsiyum,34,"Yağ nekrozu pankreatit veya travmatik yağ dokusu hasarında sabunlaşma, kalsifikasyon ve adiposit gölge hücreleriyle beklenir. Olguda yağ dokusu değil miyokard iskemisi ön plandadır. || Yağ nekrozu pankreatit veya travmatik yağ dokusu hasarında sabunlaşma, kalsifikasyon ve adiposit gölge hücreleriyle beklenir. Olguda yağ dokusu değil miyokard iskemisi ön plandadır."
v401-pathology-travmatik-yag-nekrozu,Travmatik yağ nekrozu,Travmatik yağ nekrozu,Tıbbi Patoloji,Hücre hasarı / nekroz,P1,"Travma sonrası yağ dokusunda nekroz, inflamasyon ve fibrozis gelişmesidir.","Memede travmatik yağ nekrozu sert kitle, kalsifikasyon ve fibrozis oluşturabilir. Klinik ve radyolojik olarak meme kanserini taklit edebilmesi sınav açısından önemlidir.",Memede travma sonrası sert kitle malignite değil travmatik yağ nekrozu olabilir.,Enzimatik yağ nekrozu pankreatitle; travmatik yağ nekrozu meme travması ve kanser taklidiyle ilişkilidir.,Meme kitlesi | Fibrozis | Kalsifikasyon,100,"Papiller tiroid karsinomunda mikrokalsifikasyon, lenfatik yayılım ve nükleer sitoloji özelliklerini ayırt ettirici patoloji bulgusuyla ilişkilendirme. || Tiroid nodülü düzensiz ve mikrokalsifikasyonludur."
v401-pathology-fibrin-benzeri-materyal,Fibrin benzeri materyal,Fibrin benzeri materyal,Tıbbi Patoloji,Vasküler patoloji,P1,Damar duvarı hasarında plazma proteinleri ve fibrinin oluşturduğu parlak eozinofilik birikimdir.,"Fibrinoid nekrozda damar duvarına sızan plazma proteinleri, immün kompleksler ve fibrin parlak pembe bir görünüm oluşturur. Vaskülit ve malign hipertansiyon bu bulgunun klasik bağlamlarıdır.",Damar duvarında parlak eozinofilik fibrin benzeri materyal = fibrinoid nekroz.,Amiloid ekstraselüler protein birikimidir; fibrinoid materyal damar duvarı hasarı ve immün komplekslerle ilişkilidir.,Fibrinoid nekroz | Vaskülit | Malign hipertansiyon,111,"Kresent oluşumu ve fibrinoid nekroz || Kresent ve fibrinoid nekroz hızlı ilerleyen glomerülonefriti düşündürür; burada kreatinin normaldir, eritrosit silendiri yoktur ve nefrotik sendrom bulguları baskındır."
v401-pathology-vaskulit,Vaskülit,Vaskülit,Tıbbi Patoloji,Vasküler patoloji,P0,Damar duvarında inflamasyon ve hasarla seyreden patolojik süreçtir.,"Vaskülitte damar duvarı inflamasyonu lümen daralması, tromboz, iskemi veya kanamaya yol açabilir. İmmün kompleks aracılı tiplerde fibrinoid nekroz tipik morfolojik ipucudur.",Damar duvarı + immün kompleks + fibrinoid nekroz birlikte vasküliti düşündürür.,Ateroskleroz lüminal plak ve kronik intimal süreçtir; vaskülit damar duvarında aktif inflamasyonla ayrılır.,Fibrinoid nekroz | İmmün kompleks | Damar duvarı,335,Subepitelyal immün kompleks birikimleri || Kresent oluşumu ve fibrinoid nekroz
v401-pathology-malign-hipertansiyon-arteriolopatisi,Malign hipertansiyon arteriolopatisi,malign hipertansiyon | Malign hipertansiyon arteriolopatisi,Tıbbi Patoloji,Vasküler patoloji,P1,Ağır hipertansiyonda arteriol duvarında fibrinoid nekroz ve hiperplastik değişiklikle seyreden hasardır.,Malign hipertansiyon endotel hasarı ve plazma protein sızıntısı oluşturarak arteriol duvarında fibrinoid nekroza yol açabilir. Böbrekte “onion-skin” benzeri hiperplastik arterioloskleroz eşlik edebilir.,Malign HT + arteriol + fibrinoid nekroz ifadesi hipertansif vasküler hasarı gösterir.,Benign hipertansiyonda hiyalin arterioloskleroz; malign hipertansiyonda fibrinoid nekroz ve hiperplastik arterioloskleroz daha tipiktir.,Fibrinoid nekroz | Arteriol | Endotel hasarı,98,"Kresent oluşumu ve fibrinoid nekroz || Kresent ve fibrinoid nekroz hızlı ilerleyen glomerülonefriti düşündürür; burada kreatinin normaldir, eritrosit silendiri yoktur ve nefrotik sendrom bulguları baskındır."
v401-pathology-endotel-hasari,Endotel hasarı,Endotel hasarı,Tıbbi Patoloji,Hemodinamik bozukluklar,P1,Damar iç yüzeyinin hasarlanarak tromboz ve inflamasyona zemin hazırlamasıdır.,"Endotel antitrombotik yüzeyin temelidir; hasarlandığında trombosit adezyonu, koagülasyon aktivasyonu ve damar duvarına protein sızıntısı artar. Virchow triadının temel bileşenlerinden biridir.","Tromboz sorusunda endotel hasarı, staz ve hiperkoagülabilite ile birlikte düşünülür.",Endotel disfonksiyonu fonksiyon bozukluğunu; endotel hasarı yapısal yüzey bozulmasını vurgular.,Tromboz | Virchow triadı | Fibrinoid nekroz,142,"Kresent oluşumu ve fibrinoid nekroz || Kresent ve fibrinoid nekroz hızlı ilerleyen glomerülonefriti düşündürür; burada kreatinin normaldir, eritrosit silendiri yoktur ve nefrotik sendrom bulguları baskındır."
v401-pathology-apoptotik-cisimcik,Apoptotik cisimcik,Apoptotik cisimcik,Tıbbi Patoloji,Hücre ölümü / apoptoz,P0,Apoptozda hücrenin membranla çevrili küçük parçalara ayrılmış formudur.,"Apoptoz sırasında hücre küçülür, kromatin yoğunlaşır ve membran bütünlüğü korunarak apoptotik cisimcikler oluşur. Bu parçalar fagosite edildiği için belirgin inflamasyon beklenmez.",Apoptoz = apoptotik cisimcik + membran bütünlüğü + inflamasyon yokluğu.,Nekrozda membran rüptürü ve inflamasyon vardır; apoptozda membranlı cisimcikler ve sessiz fagositoz vardır.,Apoptoz | Kaspaz | İnflamasyon yokluğu,126,"p21, p53 aracılı hücre döngüsü arrestinin temel efektör CDK inhibitörüdür. Cyclin D CDK aktivasyonuyla proliferasyonu destekler; MDM2 p53’ü negatif düzenleyen ubiquitin ligazdır; BCL-2 antiapoptotik, MYC ise proliferatif transkripsiyon faktörüdür. P53 DNA h... || Yanlıştır; mitokondriyal apoptozu baskılayan antiapoptotik proteindir."
v401-pathology-intrinsik-apoptoz-yolu,İntrinsik apoptoz yolu,intrinsik apoptoz | İntrinsik apoptoz yolu,Tıbbi Patoloji,Hücre ölümü / apoptoz,P0,Mitokondri aracılı sitokrom c salınımı ve kaspaz aktivasyonu ile ilerleyen apoptoz yoludur.,"DNA hasarı, büyüme faktörü eksikliği veya hücresel stres BAX/BAK aracılığıyla mitokondri dış membran permeabilitesini artırır. Sitokrom c salınımı apoptosomu ve kaspaz-9 aktivasyonunu başlatır.",Mitokondri + sitokrom c + kaspaz-9 = intrinsik apoptoz yolu.,Ekstrinsik yol ölüm reseptörü ve kaspaz-8 üzerinden; intrinsik yol mitokondri ve kaspaz-9 üzerinden ilerler.,Sitokrom c | BAX | Kaspaz 9,21,Mitokondriyal sitokrom c salınımının artması ve apoptozun hızlanması || Yanlıştır. Sitokrom c salınımı intrinsik apoptoz yolunun parçasıdır. RB kaybı apoptozu hızlandırmaktan çok proliferatif kontrolün kaybına neden olur.
v401-pathology-kaspaz-9,Kaspaz 9,Kaspaz 9,Tıbbi Patoloji,Hücre ölümü / apoptoz,P1,İntrinsik apoptoz yolunda apoptosomla aktive olan başlatıcı kaspazdır.,Sitokrom c salınımı Apaf-1 ile apoptosom oluşumunu tetikler ve kaspaz-9’u aktive eder. Kaspaz-9 daha sonra yürütücü kaspazları etkinleştirerek apoptotik morfolojiyi oluşturur.,Kaspaz-9 intrinsik; kaspaz-8 ekstrinsik apoptoz yoluyla ilişkilidir.,Kaspazlar apoptozda kontrollü parçalanmayı sağlar; nekrozda temel olay membran yırtılması ve inflamasyondur.,İntrinsik apoptoz yolu | Sitokrom c | Apoptotik cisimcik,47,"Apoptoz programlı hücre ölümüdür; kaspaz aktivasyonu, hücre büzüşmesi, kromatin yoğunlaşması ve apoptotik cisimcik oluşumu ile seyreder. Membran bütünlüğünün korunması inflamasyonu sınırlar; hücre şişmesi ve membran rüptürü nekroza daha özgüdür. || Apoptoz programlı hücre ölümüdür; kaspaz aktivasyonu, hücre büzüşmesi, kromatin yoğunlaşması ve apoptotik cisimcik oluşumu ile seyreder. Membran bütünlüğünün korunması inflamasyonu sınırlar; hücre şişmesi ve membran rüptürü nekroza daha özgüdür."
v401-pathology-beta-pleated-sheet-yapisi,Beta-pleated sheet yapısı,beta-pleated sheet | Beta-pleated sheet yapısı,Tıbbi Patoloji,Protein birikimleri,P0,Amiloid proteinlerinin katlanarak oluşturduğu dayanıklı fibriler konformasyondur.,Amiloid fibrilleri beta-pleated sheet yapısı nedeniyle dokuda çözünmeyen ekstraselüler birikim oluşturur. Congo red ile boyanıp polarize ışıkta elma yeşili çift kırınım göstermesi bu yapıyla ilişkilidir.,Amiloid = beta-pleated sheet + Congo red + elma yeşili çift kırınım.,Hiyalin görünüm genel pembe proteinöz görünümü anlatır; amiloid özel beta-pleated sheet yapısı ve Congo red pozitifliğiyle ayrılır.,Amiloid | Congo red | Elma yeşili çift kırınım,153,Bu bulgu amiloidoz için karakteristiktir ve amorf ekstrasellüler protein birikimini gösterir. Bu vakada temel veri subepitelyal immün kompleks lokalizasyonudur; amiloid birikimi veya sistemik amiloidoz bağlamı verilmemiştir. || Bu bulgu amiloidoz için karakteristiktir ve amorf ekstrasellüler protein birikimini gösterir. Bu vakada temel veri subepitelyal immün kompleks lokalizasyonudur; amiloid birikimi veya sistemik amiloidoz bağlamı verilmemiştir.
v401-pathology-al-amiloidoz,AL amiloidoz,AL amiloidoz,Tıbbi Patoloji,Protein birikimleri,P0,İmmünoglobulin hafif zincirlerinden gelişen amiloidoz tipidir.,"AL amiloidoz plazma hücre diskrazilerinde hafif zincir üretiminin artmasıyla oluşur. Kalp, böbrek ve dil gibi dokularda ekstraselüler amiloid birikimi yapabilir.",Multiple miyelom/plazma hücre diskrazisi + hafif zincir = AL amiloidoz.,AA amiloidoz kronik inflamasyonda serum amyloid A’dan gelişir; AL hafif zincir kökenlidir.,Hafif zincir | Plazma hücre diskrazisi | Amiloid,145,Bu bulgu amiloidoz için karakteristiktir ve amorf ekstrasellüler protein birikimini gösterir. Bu vakada temel veri subepitelyal immün kompleks lokalizasyonudur; amiloid birikimi veya sistemik amiloidoz bağlamı verilmemiştir. || Bu bulgu amiloidoz için karakteristiktir ve amorf ekstrasellüler protein birikimini gösterir. Bu vakada temel veri subepitelyal immün kompleks lokalizasyonudur; amiloid birikimi veya sistemik amiloidoz bağlamı verilmemiştir.
v401-pathology-aa-amiloidoz,AA amiloidoz,AA amiloidoz,Tıbbi Patoloji,Protein birikimleri,P1,Kronik inflamasyona bağlı serum amyloid A’dan gelişen sekonder amiloidoz tipidir.,Uzun süren inflamatuvar hastalıklarda karaciğerden SAA üretimi artar ve yanlış katlanan protein dokularda AA amiloid olarak birikir. Böbrek tutulumu sık klinik sonuçlardan biridir.,Kronik inflamasyon + SAA kökenli amiloid = AA amiloidoz.,AL amiloidoz plazma hücre/hafif zincir; AA amiloidoz kronik inflamasyon/SAA kökenlidir.,Kronik inflamasyon | Amiloid | Böbrek tutulumu,185,Bu bulgu amiloidoz için karakteristiktir ve amorf ekstrasellüler protein birikimini gösterir. Bu vakada temel veri subepitelyal immün kompleks lokalizasyonudur; amiloid birikimi veya sistemik amiloidoz bağlamı verilmemiştir. || Bu bulgu amiloidoz için karakteristiktir ve amorf ekstrasellüler protein birikimini gösterir. Bu vakada temel veri subepitelyal immün kompleks lokalizasyonudur; amiloid birikimi veya sistemik amiloidoz bağlamı verilmemiştir.
v401-pathology-plazma-hucre-diskrazisi,Plazma hücre diskrazisi,Plazma hücre diskrazisi,Tıbbi Patoloji,Hematopatoloji,P1,Klonal plazma hücrelerinin immünoglobulin veya hafif zincir ürettiği hastalık grubudur.,"Plazma hücre diskrazilerinde monoklonal protein ve hafif zincir üretimi artabilir. Bu durum multiple miyelom, AL amiloidoz ve Bence Jones proteinürisi gibi tablolarla ilişkilidir.",AL amiloidoz veya M protein sorusunda plazma hücre diskrazisini düşün.,Reaktif plazmasitoz poliklonaldir; diskrazi klonal monoklonal protein üretimiyle ayrılır.,AL amiloidoz | Hafif zincir | M proteini,14,AL amiloidoz || hafif zincir
v401-pathology-karsinoma-in-situ,Karsinoma in situ,CIS | Karsinoma in situ,Tıbbi Patoloji,Neoplazi / tümör biyolojisi,P0,Bazal membranı aşmadan epitel içinde sınırlı kalan malign epitelyal proliferasyondur.,Karsinoma in situ hücrelerde malign sitolojik atipi içerir ancak invazyon yoktur. Bazal membran aşılırsa invaziv karsinom tanısı konur.,Karsinoma in situ = malign hücre + epitel içinde sınırlı + bazal membran sağlam.,Displazi preinvaziv atipi spektrumudur; invaziv karsinomda bazal membran aşılmıştır.,Bazal membran | Displazi | İnvazyon,292,Yüzey epitelinde trofozoit tutunması ve belirgin villus invazyonu olmaması || Glomerüler bazal membranda çift kontur görünümü
v401-pathology-premalign-lezyon,Premalign lezyon,Premalign lezyon,Tıbbi Patoloji,Neoplazi / tümör biyolojisi,P1,Kanser gelişme riski artmış ancak invaziv malignite olmayan öncül lezyondur.,"Premalign lezyonlar genellikle displazi, metaplazi zemininde displazi veya in situ değişiklikler içerir. Klinik önemi izlem veya tedaviyle invaziv kansere ilerleme riskinin azaltılmasıdır.",Barrett özofagusu gibi premalign lezyonlarda asıl risk displazi ve adenokarsinom gelişimidir.,Benign lezyon her zaman premalign değildir; premalign lezyon kanserleşme potansiyeli taşıdığı için izlenir.,Displazi | Metaplazi | Karsinoma in situ,228,"Kolorektal adenokarsinomu adenomda yüksek dereceli displazi, inflamatuvar/iskemik striktür ve lenfoid tümörlerden morfolojik invazyon mantığıyla ayırabilme. || Biyopside atipik glandüler proliferasyonun stromal invazyon ve desmoplastik yanıtla birlikte görülmesi, yalnız yüzey displazisinden daha ileri bir patolojik süreci gösterir."
v401-pathology-bazal-membran,Bazal membran,basement membrane | Bazal membran,Tıbbi Patoloji,Neoplazi / tümör biyolojisi,P0,"Epitel ile alttaki stromayı ayıran, invazyon sınırı olarak kullanılan matriks tabakasıdır.","Epitel tümörlerinde bazal membranın sağlam kalması in situ lezyonu, aşılması invaziv karsinomu destekler. Bu nedenle patolojide invazyon değerlendirmesinin temel morfolojik sınırıdır.",Bazal membran aşılmadıysa in situ; aşıldıysa invaziv karsinom düşünülür.,Basement membrane kaybı invazyonu gösterir; epitel içi atipi tek başına metastaz kapasitesi anlamına gelmez.,Karsinoma in situ | İnvaziv karsinom | Stroma,343,Glomerüler bazal membranda çift kontur görünümü || Perilezyonel sağlam görünümlü deride intersellüler balık ağı tarzı IgG/C3 birikimi keratinositler arası otoimmüniteyi destekler; bazal membran boyunca lineer patern izlenmez.
v401-pathology-orphan-annie-nukleusu,Orphan Annie nükleusu,Orphan Annie | Orphan Annie eye nuclei | Orphan Annie nükleusu,Tıbbi Patoloji,Endokrin patoloji,P0,"Papiller tiroid karsinomunda görülen optik olarak boş, soluk nükleer görünümüdür.",Papiller tiroid karsinomunda nükleer clearing nedeniyle nükleus boş/şeffaf izlenir. Nükleer groove ve psammoma cisimcikleriyle birlikte tanısal ipucu değerindedir.,Orphan Annie nükleusu + nükleer groove + psammoma cisimciği = papiller tiroid karsinomu.,Folliküler karsinomda tanı kapsül/damar invazyonuna dayanır; papiller karsinomda nükleer özellikler öne çıkar.,Papiller tiroid karsinomu | Nükleer groove | Psammoma cisimciği,86,"Papiller tiroid karsinomunda mikrokalsifikasyon, lenfatik yayılım ve nükleer sitoloji özelliklerini ayırt ettirici patoloji bulgusuyla ilişkilendirme. || Papiller tiroid karsinomunun nükleer özelliklerini ve psammoma cisimciklerini medüller, folliküler, anaplastik ve inflamatuvar tiroid lezyonlarından ayırt edebilme."
v401-pathology-nukleer-groove,Nükleer groove,nükleer yarıklanma | Nükleer groove,Tıbbi Patoloji,Endokrin patoloji,P1,Nükleusta çizgi/yarık şeklinde katlantı görünümüdür.,Papiller tiroid karsinomunda nükleer zar katlantıları nükleer groove olarak görülür. Orphan Annie nükleusu ve psammoma cisimciğiyle birlikte tanı değerini artırır.,Nükleer groove papiller tiroid karsinomunun klasik nükleer bulgularındandır.,Nükleer pleomorfizm genel malignite bulgusudur; nükleer groove papiller tiroid yönünde daha spesifik ipucudur.,Papiller tiroid karsinomu | Orphan Annie nükleusu | Psammoma cisimciği,82,"Papiller tiroid karsinomunda mikrokalsifikasyon, lenfatik yayılım ve nükleer sitoloji özelliklerini ayırt ettirici patoloji bulgusuyla ilişkilendirme. || Papiller tiroid karsinomunun nükleer özelliklerini ve psammoma cisimciklerini medüller, folliküler, anaplastik ve inflamatuvar tiroid lezyonlarından ayırt edebilme."
v401-pathology-psammoma-cisimcigi,Psammoma cisimciği,Psammoma cisimciği,Tıbbi Patoloji,Tümör morfolojisi,P0,Konsantrik lameller kalsifikasyon odağıdır.,Psammoma cisimcikleri papiller tiroid karsinomu başta olmak üzere papiller seröz tümörlerde görülebilir. Nekrotik papiller uçlar üzerinde distrofik kalsifikasyon gelişmesiyle oluşur.,Papiller yapı + psammoma cisimciği tiroid ve over seröz tümörlerinde sınav ipucudur.,Keratin incisi skuamöz diferansiyasyonu; psammoma cisimciği lameller kalsifikasyonu gösterir.,Papiller tiroid karsinomu | Distrofik kalsifikasyon | Papiller tümör,76,"Papiller tiroid karsinomunda mikrokalsifikasyon, lenfatik yayılım ve nükleer sitoloji özelliklerini ayırt ettirici patoloji bulgusuyla ilişkilendirme. || Papiller tiroid karsinomunun nükleer özelliklerini ve psammoma cisimciklerini medüller, folliküler, anaplastik ve inflamatuvar tiroid lezyonlarından ayırt edebilme."
v401-pathology-lenfatik-yayilim,Lenfatik yayılım,Lenfatik yayılım,Tıbbi Patoloji,Neoplazi / yayılım,P1,Tümör hücrelerinin lenf damarları ve lenf nodları üzerinden yayılmasıdır.,Karsinomlar sıklıkla bölgesel lenf nodlarına lenfatik yolla yayılır. Papiller tiroid karsinomu için servikal lenf nodu yayılımı klasik bir örnektir.,Karsinomlar lenfatik; sarkomlar daha çok hematolojik yayılım eğilimindedir.,Hematolojik yayılım kan damarlarıyla uzak organ metastazını; lenfatik yayılım bölgesel nod tutulumunu vurgular.,Metastaz | Lenf nodu | Papiller tiroid karsinomu,193,"Servikal lenf nodu ile saptanan tiroid nodülü || Papiller tiroid karsinomunda mikrokalsifikasyon, lenfatik yayılım ve nükleer sitoloji özelliklerini ayırt ettirici patoloji bulgusuyla ilişkilendirme."
v401-pathology-kapsul-invazyonu,Kapsül invazyonu,Kapsül invazyonu,Tıbbi Patoloji,Endokrin patoloji,P0,Tümörün çevresindeki kapsül yapısını aşarak dışarı ilerlemesidir.,Folliküler tiroid karsinomunda malignite tanısı sitolojik atipiden çok kapsül ve/veya damar invazyonunun gösterilmesine dayanır. Bu nedenle kapsül invazyonu folliküler adenom-karsinom ayrımında kritiktir.,Folliküler tiroid tümöründe kapsül/damar invazyonu yoksa karsinom denmez.,Papiller tiroid karsinomunda nükleer özellikler; folliküler karsinomda kapsül/damar invazyonu belirleyicidir.,Folliküler karsinom | Damar invazyonu | Tiroid nodülü,63,Servikal lenf nodu ile saptanan tiroid nodülü || tiroid nodülü ve servikal lenf nodu nedeniyle endokrinoloji/endokrin cerrahi
v401-pathology-keratin-incisi,Keratin incisi,Keratin incisi,Tıbbi Patoloji,Akciğer / tümör morfolojisi,P0,Skuamöz hücreli karsinomda tümör adacıkları içinde konsantrik keratin birikimidir.,Keratin incileri ve intersellüler köprüler skuamöz diferansiyasyonu gösterir. Santral bronş yerleşimli sigara ilişkili akciğer tümöründe bu bulgu klasik olarak skuamöz hücreli karsinomu destekler.,Keratin incisi + intersellüler köprü = skuamöz hücreli karsinom.,Adenokarsinom bez/müsin yapar; skuamöz karsinom keratin ve intersellüler köprü yapar.,Skuamöz hücreli karsinom | İntersellüler köprü | Santral bronş,62,Akciğer skuamöz hücreli karsinomu || Servikal skuamöz hücreli karsinom
v401-pathology-interselluler-kopru,İntersellüler köprü,İntersellüler köprü,Tıbbi Patoloji,Tümör morfolojisi,P1,Skuamöz hücreler arasında desmozomal bağlantıları gösteren mikroskobik köprü görünümüdür.,İntersellüler köprüler skuamöz diferansiyasyonun morfolojik kanıtıdır. Keratin incileriyle birlikte skuamöz hücreli karsinom tanısını destekler.,Keratin incisi ve intersellüler köprü birlikteyse skuamöz diferansiyasyon düşünülür.,Adenokarsinomda glandüler yapı ve müsin; skuamöz karsinomda keratin ve intersellüler köprü beklenir.,Keratin incisi | Skuamöz hücreli karsinom | Desmozom,95,"Pemfigus vulgariste desmozomal desmoglein hedefini; büllöz pemfigoid, muköz membran pemfigoid, epidermolizis bülloza akizita ve hemidesmozomal hastalıklardan ayırt edebilme. || Kronik ağrılı oral erozyonlar, gevşek ve kolay rüptüre olan büller, Nikolsky pozitifliği, suprabazal akantoliz ve intersellüler balık ağı tarzı immün birikim pemfigus vulgaris paternidir. Mukozal baskın tabloda temel hedef desmozomal adezyon proteini desmog..."
v401-pathology-skuamoz-metaplazi,Skuamöz metaplazi,Skuamöz metaplazi,Tıbbi Patoloji,Hücre adaptasyonları,P0,Normal epitelin çok katlı yassı epitele dönüşmesidir.,Sigara irritasyonu bronş epitelinde skuamöz metaplazi oluşturabilir. Sürekli hasar devam ederse displazi ve skuamöz hücreli karsinom gelişimine zemin hazırlayabilir.,Bronşta sigara + skuamöz metaplazi + displazi = skuamöz karsinom prekürsörü.,Metaplazi adaptiftir ve geri dönebilir; displazi premalign atipiyi gösterir.,Bronş epiteli | Displazi | Skuamöz hücreli karsinom,142,"Akciğer skuamöz hücreli karsinomu || Kolorektal adenokarsinomu adenomda yüksek dereceli displazi, inflamatuvar/iskemik striktür ve lenfoid tümörlerden morfolojik invazyon mantığıyla ayırabilme."
v401-pathology-kucuk-hucreli-karsinom,Küçük hücreli karsinom,small cell carcinoma | Küçük hücreli karsinom,Tıbbi Patoloji,Akciğer patolojisi,P0,Yüksek dereceli nöroendokrin akciğer karsinomudur.,"Küçük hücreli akciğer karsinomu sigarayla güçlü ilişkilidir, santral yerleşir ve erken metastaz yapar. SIADH veya ektopik ACTH gibi paraneoplastik sendromlar oluşturabilir.",Santral akciğer tümörü + nöroendokrin marker + SIADH/ektopik ACTH = küçük hücreli karsinom.,"Skuamöz karsinom keratin incisi; küçük hücreli karsinom küçük mavi hücre, yüksek mitoz ve erken yayılımla ayrılır.",Nöroendokrin marker | Ektopik ACTH | SIADH,67,"Santral sigara ilişkili akciğer kitlesinde SIADH paterni, yüksek dereceli nöroendokrin morfoloji, nükleer molding ve çok yüksek proliferasyon indeksini doğru tümör tanısıyla birleştirme. || Hipotonik övolemik hiponatremi SIADH paternini destekler."
v401-pathology-noroendokrin-marker,Nöroendokrin marker,Nöroendokrin marker,Tıbbi Patoloji,İmmünohistokimya,P1,Nöroendokrin diferansiyasyonu gösteren immünohistokimyasal belirteç grubudur.,"Sinaptofizin, kromogranin ve CD56 gibi markerlar nöroendokrin tümörlerde pozitif olabilir. Küçük hücreli akciğer karsinomunda tanısal destek sağlar.",Küçük hücreli karsinomda nöroendokrin marker pozitifliği beklenir.,Nöroendokrin marker tümör kökenini destekler; tek başına davranış derecesini belirlemez.,Küçük hücreli karsinom | Sinaptofizin | Kromogranin,49,"Nöroendokrin marker pozitifliği ve çok yüksek proliferasyon indeksi, düşük dereceli karsinoidden ayrımı güçlendiren biyolojik veridir. || Nöroendokrin marker pozitifliği ve çok yüksek proliferasyon indeksi, düşük dereceli karsinoidden ayrımı güçlendiren biyolojik veridir."
v401-pathology-ektopik-acth-uretimi,Ektopik ACTH üretimi,ektopik ACTH | Ektopik ACTH üretimi,Tıbbi Patoloji,Paraneoplastik patoloji,P1,Hipofiz dışı tümör dokusundan ACTH salınmasıdır.,Küçük hücreli akciğer karsinomu gibi nöroendokrin tümörler ektopik ACTH üretebilir. Sonuçta Cushing sendromu bulguları ve hipokalemik metabolik alkaloz görülebilir.,Küçük hücreli akciğer karsinomu paraneoplastik olarak SIADH veya ektopik ACTH yapabilir.,Hipofizer Cushing ACTH’nin hipofiz kaynaklı olmasıyla; ektopik ACTH tümör kaynaklı olmasıyla ayrılır.,Küçük hücreli karsinom | Paraneoplastik sendrom | Cushing sendromu,38,"Bu seçenek tüm verileri en iyi açıklar. Santral sigara ilişkili kitle, paraneoplastik SIADH, dar sitoplazmalı yüksek dereceli nöroendokrin hücreler, nükleer molding, nekroz ve çok yüksek Ki-67 küçük hücreli karsinom için klasik zincirdir. || Adenokarsinom sıklıkla periferik yerleşim, glandüler yapı veya müsin üretimiyle ilişkilidir; bazı olgularda TTF-1 pozitif olabilir. Ancak bu vakada santral yerleşim, SIADH ve yüksek dereceli nöroendokrin morfoloji adenokarsinomdan çok küçük hücreli karsinom..."
v401-pathology-kucuk-mavi-hucreli-tumor,Küçük mavi hücreli tümör,küçük mavi hücre | küçük yuvarlak mavi hücreli tümör | Küçük mavi hücreli tümör,Tıbbi Patoloji,Tümör morfolojisi,P1,"Yoğun nükleuslu, az sitoplazmalı küçük hücrelerden oluşan tümör morfoloji grubudur.","Küçük mavi hücreli tümör paterni Ewing sarkomu, lenfoma, nöroblastom ve küçük hücreli karsinom gibi farklı tanıları kapsar. Ayırıcı tanı yaş, lokalizasyon, immünohistokimya ve genetikle yapılır.",Küçük mavi hücre görünümü tanı değil; ayırıcı tanı başlatan morfolojik paterndir.,Malign osteoid üretimi osteosarkomu; küçük yuvarlak mavi hücre + t(11;22) Ewing sarkomunu destekler.,Ewing sarkomu | Lenfoma | Nöroblastom,231,"Reaktif lenfadenit, non-Hodgkin lenfomalar ve metastatik tümörlerden ayrımda hücresel zemin ile İHK paternini yorumlayabilme. || Yaklaşık iki aydır sol servikal bölgede yavaş büyüyen, ağrısız bir şişlik fark etmiştir. Son üç haftada geceleri çamaşır değiştirecek kadar terleme ve belirgin iştahsızlık gelişmiştir. Kısa süreli antibiyotik kullanımına rağmen lenf nodu küçülmemiştir. Yakı..."
v401-pathology-mikroglia,Mikroglia,Mikroglia,Tıbbi Patoloji,Nöropatoloji,P1,Santral sinir sisteminin makrofaj benzeri fagositik hücresidir.,Beyin infarktı sonrası nekrotik dokunun temizlenmesinde mikroglia ve makrofajlar görev alır. Doku erimesi kistik boşlukla sonuçlanabilir.,Beyin infarktında sıvılaşma nekrozunu mikroglial fagositoz ve kistik boşluk izler.,Astrositler gliozisle skar yanıtı oluşturur; mikroglia fagositozda öne çıkar.,Beyin infarktı | Sıvılaşma nekrozu | Gliozis,76,"Kalp, böbrek ve dalak infarktlarında temel nekroz paterni koagülasyon nekrozudur; beyin infarktında ise likefaksiyon nekrozu beklenir. || Likefaksiyon nekrozu beyin infarktında veya apse içinde enzimatik doku sindirimiyle sıvılaşma şeklinde beklenir. Bu olguda miyokard mimarisi korunmuş, sıvılaşma paterni verilmemiştir."
v401-pathology-gliozis,Gliozis,Gliozis,Tıbbi Patoloji,Nöropatoloji,P1,Santral sinir sisteminde astrosit proliferasyonu ve reaktif skar yanıtıdır.,CNS hasarında fibroblastik skar yerine astrositlerin reaktif proliferasyonu görülür. Beyin infarktı sonrası nekrotik alan temizlenirken gliozis çevresel onarım yanıtının parçasıdır.,CNS hasarında fibrozis değil gliozis kavramı kullanılır.,Mikroglia fagositoz; astrosit gliozis ve skar yanıtıyla ilişkilidir.,Astrosit | Beyin infarktı | Kistik boşluk,50,"Kalp, böbrek ve dalak infarktlarında temel nekroz paterni koagülasyon nekrozudur; beyin infarktında ise likefaksiyon nekrozu beklenir. || Likefaksiyon nekrozu beyin infarktında veya apse içinde enzimatik doku sindirimiyle sıvılaşma şeklinde beklenir. Bu olguda miyokard mimarisi korunmuş, sıvılaşma paterni verilmemiştir."
v401-pathology-kistik-bosluk,Kistik boşluk,Kistik boşluk,Tıbbi Patoloji,Nöropatoloji,P2,Beyin infarktı sonrası sıvılaşan nekrotik dokunun temizlenmesiyle kalan boşluktur.,Beyinde iskemik nekroz koagülasyon yerine sıvılaşma nekrozu yapar. Nekrotik materyal fagosite edildikten sonra parankimde kistik boşluk kalabilir.,Beyin infarktının geç dönem sonucu kistik boşluk olabilir.,Solid organ infarktlarında skar; beyin infarktında sıvılaşma ve kistik boşluk beklenir.,Sıvılaşma nekrozu | Beyin infarktı | Mikroglia,76,"Kalp, böbrek ve dalak infarktlarında temel nekroz paterni koagülasyon nekrozudur; beyin infarktında ise likefaksiyon nekrozu beklenir. || Likefaksiyon nekrozu beyin infarktında veya apse içinde enzimatik doku sindirimiyle sıvılaşma şeklinde beklenir. Bu olguda miyokard mimarisi korunmuş, sıvılaşma paterni verilmemiştir."
v401-pathology-enfeksiyoz-granulom,Enfeksiyöz granülom,Enfeksiyöz granülom,Tıbbi Patoloji,Granülomatöz inflamasyon,P1,Kalıcı mikroorganizmaya karşı gelişen granülomatöz inflamasyon paternidir.,Tüberküloz ve bazı fungal enfeksiyonlarda makrofajlar epiteloid hücrelere dönüşür ve granülom oluşturur. Kazeifikasyon varlığı enfeksiyöz etkenleri düşündüren önemli morfolojik ipucudur.,Kazeifiye granülomda özel boyalarla mikobakteri/fungal etken aranır.,Sarkoidoz genellikle nonkazeifiye granülom; enfeksiyöz granülom sıklıkla kazeifikasyon ve etken arama gerektirir.,Tüberküloz granülomu | Fungal enfeksiyon | Özel boya,93,"Sekonder AA amiloidozda kronik inflamasyon, glomerüler birikim ve özel boya ilişkisini ayırıcı tanı düzeyinde yorumlayabilme. || H&E’de amorf ekstrasellüler eozinofilik materyal, özel boya ile doğrulanması gereken birikim paternidir."
v401-pathology-th1-yaniti,Th1 yanıtı,T hücre yanıtı | Th1 yanıtı,Tıbbi Patoloji,İmmünopatoloji,P0,Hücresel immüniteyi ve makrofaj aktivasyonunu yönlendiren T yardımcı hücre yanıtıdır.,Granülom oluşumunda antijen sunumu IL-12 aracılığıyla Th1 farklılaşmasını artırır. Th1 hücrelerinden salınan IFN-gamma makrofajları aktive ederek epiteloid histiyosit ve dev hücre oluşumunu destekler.,Granülom patogenezinde Th1–IFN-gamma–makrofaj aksı temel mekanizmadır.,Th2 yanıtı eozinofil/IgE eğilimli alerjik-paraziter yanıtlarla; Th1 yanıtı makrofaj aktivasyonu ve granülomla ilişkilidir.,IFN-gamma | IL-12 | Makrofaj aktivasyonu,25,"Th1 yanıtı ve interferon-gama makrofaj aktivasyonunda önemlidir || Doğru cevap D’dir çünkü ifade yanlıştır. Granülomlar epiteloid makrofajlar, dev hücreler ve çevresel lenfositlerden oluşabilir. Th1 hücrelerinden salınan interferon-gama makrofaj aktivasyonunu destekler; TNF ise granülom bütünlüğü için önemlidir. Tüberküloz..."
v401-pathology-fn-gamma,IFN-gamma,IFN-gamma,Tıbbi Patoloji,İmmünopatoloji,P0,"Th1 ve NK hücrelerinden salınan, makrofaj aktivasyonunda kritik sitokindir.",IFN-gamma makrofajların mikrobisidal ve epiteloid dönüşüm kapasitesini artırır. Granülomatöz inflamasyonda antijenin çevrelenmesi ve kontrol altına alınmasında temel sinyaldir.,Granülom sorusunda IFN-gamma makrofaj aktivasyonunu sağlayan ana sitokindir.,IL-4/IL-5 daha çok Th2; IFN-gamma Th1 ve granülomatöz inflamasyonla ilişkilidir.,Th1 yanıtı | Makrofaj aktivasyonu | Granülom,322,"Bu patern Crohn hastalığı için daha uygundur; skip lezyon, fistül, transmural tutulum veya granülom beklenir. Bu olguda kanlı ishal, perianal hastalık veya transmural komplikasyon değil, glutenle ilişkili proksimal malabsorpsiyon ön plandadır. || Bu patern Crohn hastalığı için daha uygundur; skip lezyon, fistül, transmural tutulum veya granülom beklenir. Bu olguda kanlı ishal, perianal hastalık veya transmural komplikasyon değil, glutenle ilişkili proksimal malabsorpsiyon ön plandadır."
v401-pathology-l-12,IL-12,IL-12,Tıbbi Patoloji,İmmünopatoloji,P1,Makrofaj ve dendritik hücrelerden salınıp Th1 farklılaşmasını destekleyen sitokindir.,"IL-12, T hücrelerini Th1 yönünde polarize eder ve IFN-gamma üretimini artırır. Bu aks granülom oluşumu ve hücre içi patojen kontrolünde önemlidir.",IL-12 → Th1 → IFN-gamma → makrofaj aktivasyonu zincirini kur.,IL-10 antiinflamatuvar baskılayıcıdır; IL-12 hücresel immün yanıtı güçlendirir.,Th1 yanıtı | IFN-gamma | Granülom,322,"Bu patern Crohn hastalığı için daha uygundur; skip lezyon, fistül, transmural tutulum veya granülom beklenir. Bu olguda kanlı ishal, perianal hastalık veya transmural komplikasyon değil, glutenle ilişkili proksimal malabsorpsiyon ön plandadır. || Bu patern Crohn hastalığı için daha uygundur; skip lezyon, fistül, transmural tutulum veya granülom beklenir. Bu olguda kanlı ishal, perianal hastalık veya transmural komplikasyon değil, glutenle ilişkili proksimal malabsorpsiyon ön plandadır."
v401-pathology-hiperakut-rejeksiyon,Hiperakut rejeksiyon,Hiperakut rejeksiyon,Tıbbi Patoloji,Transplant patolojisi,P0,Transplantasyondan dakikalar-saatler sonra gelişen antikor aracılı greft trombozu ve nekrozudur.,"Alıcıda önceden var olan ABO veya HLA antikorları donör endoteline bağlanır. Kompleman aktivasyonu, vasküler hasar, tromboz ve hızlı greft nekrozu gelişir.",Dakikalar-saatler içinde greft trombozu = hiperakut rejeksiyon.,Akut hücresel rejeksiyon günler-haftalar içinde T hücre/tubülit; hiperakut rejeksiyon preformed antikor ve trombozla ayrılır.,Preformed antikor | Donör endoteli | Kompleman,118,Kompleman düzeyi || Kompleman düzeyi
v401-pathology-preformed-antikor,Preformed antikor,Preformed antikor,Tıbbi Patoloji,Transplant patolojisi,P1,Transplantasyondan önce alıcıda mevcut olan donör antijenlerine karşı antikordur.,Preformed anti-ABO veya anti-HLA antikorları donör endoteline hızla bağlanır. Bu bağlanma hiperakut rejeksiyonda kompleman aktivasyonu ve vasküler trombozun başlangıcıdır.,Hiperakut rejeksiyonda yeni yanıt beklenmez; önceden var olan antikor vardır.,Akut hücresel rejeksiyonda T hücre yanıtı zamanla gelişir; preformed antikor hiperakut tabloyu açıklar.,Hiperakut rejeksiyon | HLA antikoru | ABO uyumsuzluğu,22,hiperakut rejeksiyon || preformed antikor
v401-pathology-donor-endoteli,Donör endoteli,Donör endoteli,Tıbbi Patoloji,Transplant patolojisi,P1,Transplante edilen organın damar iç yüzeyini oluşturan hedef hücre tabakasıdır.,"Hiperakut rejeksiyonda alıcı antikorları öncelikle donör endotel antijenlerine bağlanır. Endotel hasarı kompleman aktivasyonu, tromboz ve greft iskemisiyle sonuçlanır.",Rejeksiyonda vasküler hedef çoğu zaman donör endoteli üzerinden okunur.,Parankimal hücre hasarı kronik süreçte görülebilir; hiperakut hasarın ilk hedefi vasküler endoteldir.,Hiperakut rejeksiyon | Endotel hasarı | Tromboz,68,"Nefrotik sendrom glomerüler filtrasyon bariyerinde protein geçirgenliğinin artmasıyla gelişir. Masif proteinüri hipoalbüminemiye, plazma onkotik basıncında azalmaya ve ödem oluşumuna yol açar; hiperlipidemi ve tromboz eğilimi eşlik edebilir. || Protein kaybı tromboz riskini azaltır"
v401-pathology-abo-uyumsuzlugu,ABO uyumsuzluğu,ABO uyumsuzluğu,Tıbbi Patoloji,Transplant patolojisi,P1,Alıcı antikorlarının donör ABO antijenleriyle uyumsuz olduğu transplant/kan grubu durumudur.,ABO uyumsuzluğu güçlü preformed antikor yanıtı oluşturabilir. Transplantta bu antikorlar donör endoteline bağlanıp hiperakut rejeksiyon riskini artırır.,ABO uyumsuzluğu hiperakut rejeksiyonun klasik nedenlerinden biridir.,HLA uyumsuzluğu da önemlidir; ABO uyumsuzluğu özellikle hızlı antikor aracılı vasküler hasarla ilişkilidir.,Preformed antikor | Hiperakut rejeksiyon | Donör endoteli,22,hiperakut rejeksiyon || preformed antikor
v401-pathology-hla-antikoru,HLA antikoru,HLA antikoru,Tıbbi Patoloji,Transplant patolojisi,P1,Donör HLA antijenlerine karşı gelişmiş veya önceden var olan antikordur.,"Anti-HLA antikorları transplant reddinde antikor aracılı vasküler hasara yol açabilir. Önceden mevcutsa hiperakut rejeksiyon, sonradan gelişirse antikor aracılı akut/kronik hasar oluşturabilir.",Transplant sorusunda HLA antikoru vasküler-endotelyal hasar mantığıyla düşünülür.,T hücresel rejeksiyonda hücresel infiltrasyon; HLA antikorunda kompleman ve vasküler hasar daha belirgindir.,Hiperakut rejeksiyon | Preformed antikor | Kompleman,118,Kompleman düzeyi || Kompleman düzeyi
v401-pathology-tubulit,Tubülit,Tubülit,Tıbbi Patoloji,Transplant patolojisi,P0,Böbrek greftinde lenfositlerin tübül epiteline saldırmasıdır.,"Akut hücresel rejeksiyonda T lenfositler interstisyuma ve tübül epiteline infiltre olur. Tubülit, böbrek transplant biyopsisinde hücresel rejeksiyonun önemli morfolojik bulgusudur.",Transplanttan günler-haftalar sonra interstisyel infiltrasyon + tubülit = akut hücresel rejeksiyon.,Hiperakut rejeksiyonda tromboz/nekroz; akut hücresel rejeksiyonda tubülit ve T hücre infiltrasyonu öne çıkar.,Akut hücresel rejeksiyon | T lenfosit | İnterstisyel infiltrasyon,25,"Miyokard interstisyumunda fibrinoid nekroz/dejenerasyon odağı çevresinde T lenfositler, plazma hücreleri ve tırtıklı-katerpil kromatinli aktivasyon göstermiş histiositler izlenir. || Miyokard interstisyumunda fibrinoid nekroz/dejenerasyon odağı çevresinde T lenfositler, plazma hücreleri ve tırtıklı-katerpil kromatinli aktivasyon göstermiş histiositler izlenir."
v401-pathology-interstisyel-infiltrasyon,İnterstisyel infiltrasyon,İnterstisyel infiltrasyon,Tıbbi Patoloji,Transplant patolojisi,P1,Doku aralığında inflamatuvar hücre birikimidir.,Böbrek greftinde interstisyel mononükleer infiltrasyon akut hücresel rejeksiyonun temel parçasıdır. Hücresel infiltrasyon tübülite eşlik ettiğinde tanısal değeri artar.,Greftte interstisyel mononükleer infiltrasyon + tubülit hücresel rejeksiyonu destekler.,İnterstisyel infiltrasyon yerleşimi anlatır; tubülit tübül epitel hedeflenmesini gösterir.,Tubülit | Akut hücresel rejeksiyon | T lenfosit,25,"Miyokard interstisyumunda fibrinoid nekroz/dejenerasyon odağı çevresinde T lenfositler, plazma hücreleri ve tırtıklı-katerpil kromatinli aktivasyon göstermiş histiositler izlenir. || Miyokard interstisyumunda fibrinoid nekroz/dejenerasyon odağı çevresinde T lenfositler, plazma hücreleri ve tırtıklı-katerpil kromatinli aktivasyon göstermiş histiositler izlenir."
v401-pathology-kronik-rejeksiyon,Kronik rejeksiyon,Kronik rejeksiyon,Tıbbi Patoloji,Transplant patolojisi,P0,Transplant sonrası aylar-yıllar içinde gelişen ilerleyici vasküler daralma ve fibrozisle giden rejeksiyondur.,"Kronik rejeksiyonda immün hasar damar lümeninde daralma, intimal fibrozis ve parankimal atrofi oluşturur. Sonuç greftin yavaş ve kalıcı fonksiyon kaybıdır.",Aylar-yıllar sonra intimal fibrozis + lümen daralması = kronik rejeksiyon.,Hiperakut rejeksiyon dakikalar-saatler; akut rejeksiyon günler-haftalar; kronik rejeksiyon aylar-yıllar içinde gelişir.,İntimal fibrozis | Obliteratif vaskülopati | Greft iskemisi,24,Akut hücresel rejeksiyon günler-haftalar içinde T hücre infiltrasyonu ile; kronik rejeksiyon aylar-yıllar içinde vasküler fibrozisle seyreder. || Kronik rejeksiyon daha çok ilerleyici damar intimal kalınlaşması ve fibrozisle kalıcı fonksiyon kaybı oluşturur.
v401-pathology-intimal-fibrozis,İntimal fibrozis,İntimal fibrozis,Tıbbi Patoloji,Vasküler / transplant patoloji,P1,Damar intimasında fibrotik kalınlaşma ve lümen daralması gelişmesidir.,Kronik greft rejeksiyonunda intimal fibrozis damar lümenini daraltarak kronik iskemiye yol açar. Bu durum parankimal atrofi ve greft fonksiyon kaybını açıklar.,Kronik rejeksiyonda ana vasküler bulgu intimal fibrozis ve lümen daralmasıdır.,Ateroskleroz lipid plakla; kronik rejeksiyon immün aracılı intimal fibrozisle öne çıkar.,Kronik rejeksiyon | Lümen daralması | Parankimal atrofi,29,"Sigmoid kolonda yaklaşık 4 cm uzunlukta, halka tarzında lümen daralması yapan ülserovejetan kitle izleniyor. || Sigmoid kolonda yaklaşık 4 cm uzunlukta, halka tarzında lümen daralması yapan ülserovejetan kitle izleniyor."
v401-pathology-obliteratif-vaskulopati,Obliteratif vaskülopati,Obliteratif vaskülopati,Tıbbi Patoloji,Vasküler / transplant patoloji,P1,Damar lümeninin intimal kalınlaşma ile ilerleyici olarak daralmasıdır.,Kronik greft rejeksiyonunda obliteratif vaskülopati greft dokusunda sürekli hipoperfüzyon oluşturur. Fibrozis ve atrofi bu kronik iskeminin sonucudur.,Kronik greft kaybı sorusunda obliteratif vaskülopati temel mekanizmadır.,Akut tromboz ani lümen tıkanmasıdır; obliteratif vaskülopati yavaş ilerleyen intimal daralmadır.,Kronik rejeksiyon | İntimal fibrozis | Greft iskemisi,24,Akut hücresel rejeksiyon günler-haftalar içinde T hücre infiltrasyonu ile; kronik rejeksiyon aylar-yıllar içinde vasküler fibrozisle seyreder. || Kronik rejeksiyon daha çok ilerleyici damar intimal kalınlaşması ve fibrozisle kalıcı fonksiyon kaybı oluşturur.
v401-pathology-primer-hemostaz,Primer hemostaz,Primer hemostaz,Tıbbi Patoloji,Hemostaz patolojisi,P0,"Trombosit adezyonu, aktivasyonu ve agregasyonu ile ilk tıkaç oluşumudur.","Primer hemostaz bozukluklarında mukokutanöz kanama, peteşi ve purpura daha belirgindir. İmmün trombositopenide PT/aPTT genellikle normaldir çünkü pıhtılaşma faktörleri değil trombositler etkilenir.",Peteşi/purpura + normal PT/aPTT primer hemostaz sorununu düşündürür.,Sekonder hemostaz faktör kaskadı ve fibrin oluşumudur; primer hemostaz trombosit tıkacıyla ilgilidir.,Trombosit | PT normal | aPTT normal,107,"Nonbakteriyel trombotik endokardit özellikle malignite veya hiperkoagülabiliteyle ilişkili, inflamasyon içeriği az steril fibrin-trombosit vejetasyonlarıyla seyreder. Gezici poliartrit, yüksek ASO ve miyokardiyal Anitschkow tipi hücreli lezyon bu tabloyu de... || Nonbakteriyel trombotik endokardit özellikle malignite veya hiperkoagülabiliteyle ilişkili, inflamasyon içeriği az steril fibrin-trombosit vejetasyonlarıyla seyreder. Gezici poliartrit, yüksek ASO ve miyokardiyal Anitschkow tipi hücreli lezyon bu tabloyu de..."
v401-pathology-vwf-multimerleri,vWF multimerleri,vWF multimerleri,Tıbbi Patoloji,Hemostaz patolojisi,P0,Von Willebrand faktörünün trombosit adezyonunda görevli büyük multimer formlarıdır.,ADAMTS13 normalde büyük vWF multimerlerini parçalar. Eksiklikte multimerler damar içinde trombosit agregasyonunu artırarak TTP mikrotrombüslerine yol açar.,ADAMTS13 eksikliği + büyük vWF multimerleri = TTP.,DIC yaygın koagülasyon aktivasyonu ve faktör tüketimidir; TTP büyük vWF multimerleri ve trombosit mikrotrombüsleriyle ayrılır.,TTP | ADAMTS13 | Mikrotrombüs,38,TTP patogenezi || TTP
v401-pathology-mikrotrombus,Mikrotrombüs,Mikrotrombüs,Tıbbi Patoloji,Hemostaz patolojisi,P1,Küçük damar lümeninde oluşan mikroskobik trombüslerdir.,TTP ve DIC gibi trombotik mikroanjiyopatilerde küçük damarlarda mikrotrombüsler oluşur. Eritrositler bu daralmış damarlardan geçerken parçalanarak şistosit oluşturabilir.,MAHA + şistosit + trombositopeni sorusunda mikrotrombüs mantığını kur.,Makrotrombüs büyük damar tıkanması; mikrotrombüs kapiller/arteriyol düzeyinde organ hasarı yapar.,Şistosit | TTP | DIC,46,Aplastik anemide kemik iliği hiposellülerdir ve megakaryosit artışı beklenmez; DIC’de koagülasyon testleri bozulur. || DIC’de trombositler ve koagülasyon faktörleri birlikte tüketildiği için PT/aPTT uzar ve D-dimer yükselir.
v401-pathology-tuketim-koagulopatisi,Tüketim koagülopatisi,Tüketim koagülopatisi,Tıbbi Patoloji,Hemostaz patolojisi,P0,Koagülasyon faktörleri ve trombositlerin yaygın pıhtılaşma nedeniyle tüketilmesidir.,DIC’de yaygın trombin oluşumu mikrotromboz yaparken trombosit ve faktörleri tüketir. Bu nedenle aynı hastada hem tromboz hem kanama bulguları gelişebilir.,DIC = mikrotromboz + tüketim koagülopatisi + kanama.,TTP’de PT/aPTT genellikle normal olabilir; DIC’de faktör tüketimi nedeniyle PT/aPTT uzar.,DIC | Fibrinojen düşüklüğü | Yüksek D-dimer,30,Aplastik anemide kemik iliği hiposellülerdir ve megakaryosit artışı beklenmez; DIC’de koagülasyon testleri bozulur. || DIC’de trombositler ve koagülasyon faktörleri birlikte tüketildiği için PT/aPTT uzar ve D-dimer yükselir.
v401-pathology-uzamis-pt,Uzamış PT,Uzamış PT,Tıbbi Patoloji,Laboratuvar / hemostaz,P1,Ekstrinsik ve ortak koagülasyon yolunun laboratuvar uzamasıdır.,"PT uzaması özellikle faktör VII, ortak yol faktörleri, karaciğer hastalığı, K vitamini eksikliği veya DIC gibi durumlarda görülür. DIC’de aPTT ile birlikte uzaması tüketim koagülopatisini destekler.","DIC’de PT ve aPTT uzar, fibrinojen düşer, D-dimer yükselir.",PT daha çok ekstrinsik yol; aPTT intrinsik yol hakkında bilgi verir.,DIC | Tüketim koagülopatisi | Fibrinojen düşüklüğü,32,"Aplastik anemide kemik iliği hiposellülerdir ve megakaryosit artışı beklenmez; DIC’de koagülasyon testleri bozulur. || Peteşi-purpura tarzı kanama primer hemostazı, uzamış PT/aPTT ise koagülasyon faktörü sorununu düşündürür."
v401-pathology-uzamis-aptt,Uzamış aPTT,Uzamış aPTT,Tıbbi Patoloji,Laboratuvar / hemostaz,P1,İntrinsik ve ortak koagülasyon yolunun laboratuvar uzamasıdır.,"aPTT uzaması hemofili, heparin etkisi, lupus antikoagülanı veya DIC gibi durumlarda görülebilir. DIC’de PT ile birlikte uzaması yaygın faktör tüketimini düşündürür.",PT+aPTT birlikte uzunsa ortak yol/faktör tüketimi düşün.,Primer trombosit bozukluklarında PT/aPTT normal kalabilir; faktör bozukluklarında aPTT veya PT uzar.,DIC | Hemofili | Tüketim koagülopatisi,26,Aplastik anemide kemik iliği hiposellülerdir ve megakaryosit artışı beklenmez; DIC’de koagülasyon testleri bozulur. || DIC’de trombositler ve koagülasyon faktörleri birlikte tüketildiği için PT/aPTT uzar ve D-dimer yükselir.
v401-pathology-fibrinojen-dusuklugu,Fibrinojen düşüklüğü,Fibrinojen düşüklüğü,Tıbbi Patoloji,Laboratuvar / hemostaz,P1,Pıhtılaşma faktörü I düzeyinin azalmasıdır.,DIC’de fibrinojen yaygın fibrin oluşumu sırasında tüketilir. Bu bulgu yüksek D-dimer ve uzamış PT/aPTT ile birlikte tüketim koagülopatisini destekler.,"DIC laboratuvarı: trombosit düşük, PT/aPTT uzun, fibrinojen düşük, D-dimer yüksek.",Karaciğer hastalığında sentez azalabilir; DIC’de tüketim ve fibrinoliz baskındır.,DIC | Yüksek D-dimer | Tüketim koagülopatisi,30,Aplastik anemide kemik iliği hiposellülerdir ve megakaryosit artışı beklenmez; DIC’de koagülasyon testleri bozulur. || DIC’de trombositler ve koagülasyon faktörleri birlikte tüketildiği için PT/aPTT uzar ve D-dimer yükselir.
v401-pathology-ferritin-dusuklugu,Ferritin düşüklüğü,ferritin düşük | Ferritin düşüklüğü,Tıbbi Patoloji,Hematopatoloji / anemi,P0,Vücut demir depolarının azaldığını gösteren laboratuvar bulgusudur.,Demir eksikliği anemisinde ferritin genellikle düşüktür ve depo demirin azaldığını gösterir. Kronik hastalık anemisinde ferritin akut faz reaktanı olduğu için normal veya yüksek olabilir.,Mikrositer anemide düşük ferritin demir eksikliğini en güçlü destekleyen bulgudur.,TIBC demir bağlama kapasitesini; ferritin depo demirini gösterir.,Demir eksikliği anemisi | Mikrositer hipokrom anemi | TIBC yüksekliği,34,"Konjonktival solukluk demir eksikliği anemisiyle uyumludur. || Dışkılama alışkanlığı değişikliği, dışkı çapında incelme, rektal kanama, kilo kaybı ve demir eksikliği anemisi vardır."
v401-pathology-t-bc-yuksekligi,TIBC yüksekliği,TIBC yüksek | TIBC yüksekliği,Tıbbi Patoloji,Hematopatoloji / anemi,P1,Transferrin aracılı toplam demir bağlama kapasitesinin artmasıdır.,Demir eksikliğinde karaciğer daha fazla transferrin üretir ve TIBC yükselir. Kronik hastalık anemisinde ise demir tutulumu artar ama TIBC genellikle düşük veya normaldir.,"Demir eksikliği: ferritin düşük, serum demiri düşük, TIBC yüksek.",Ferritin depoyu; TIBC transferrin kapasitesini gösterir.,Demir eksikliği anemisi | Ferritin düşüklüğü | Serum demiri,36,"Konjonktival solukluk demir eksikliği anemisiyle uyumludur. || Dışkılama alışkanlığı değişikliği, dışkı çapında incelme, rektal kanama, kilo kaybı ve demir eksikliği anemisi vardır."
v401-pathology-mikrositer-hipokrom-anemi,Mikrositer hipokrom anemi,Mikrositer hipokrom anemi,Tıbbi Patoloji,Hematopatoloji / anemi,P0,Eritrositlerin küçük ve hemoglobinden fakir olduğu anemi paternidir.,"Demir eksikliği, talasemi ve kronik hastalık anemisi mikrositer hipokrom anemi yapabilir. Ayırıcı tanıda ferritin, TIBC, RDW ve hemoglobin elektroforezi kullanılır.",Mikrositer anemide ilk ayrım demir eksikliği–talasemi–kronik hastalık üçlüsüdür.,Makrositer anemide DNA sentez bozukluğu; mikrositer anemide hemoglobin sentez bozukluğu ön plandadır.,Demir eksikliği anemisi | TIBC yüksekliği | Ferritin düşüklüğü,32,"Konjonktival solukluk demir eksikliği anemisiyle uyumludur. || Dışkılama alışkanlığı değişikliği, dışkı çapında incelme, rektal kanama, kilo kaybı ve demir eksikliği anemisi vardır."
v401-pathology-hipersegmentli-notrofil,Hipersegmentli nötrofil,Hipersegmentli nötrofil,Tıbbi Patoloji,Hematopatoloji / anemi,P0,Beşten fazla lob içeren nötrofil görünümüdür.,Megaloblastik anemide DNA sentezi bozulduğu için hematopoietik hücrelerde nükleer olgunlaşma gecikir. Periferik yaymada hipersegmentli nötrofiller ve makro-ovalositler görülür.,Makrositer anemi + hipersegmentli nötrofil = megaloblastik anemi.,Mikrositer anemi hemoglobin sentez bozukluğudur; hipersegmentli nötrofil DNA sentez bozukluğunu gösterir.,Megaloblastik anemi | Makro-ovalosit | B12 eksikliği,30,Megaloblastik anemi morfolojisi || megaloblastik anemi
v401-pathology-makro-ovalosit,Makro-ovalosit,Makro-ovalosit,Tıbbi Patoloji,Hematopatoloji / anemi,P1,"Megaloblastik anemide görülen büyük, oval şekilli eritrosittir.",B12 veya folat eksikliğinde DNA sentezi bozulur ve eritroid öncüllerde nükleer-sitoplazmik uyumsuzluk gelişir. Bu durum periferde makro-ovalositlerle yansır.,Makro-ovalosit + hipersegmentli nötrofil megaloblastik anemi için güçlü ipucudur.,Retikülositozda makrositoz olabilir ama hipersegmentli nötrofil/makro-ovalosit kombinasyonu megaloblastik süreci destekler.,Megaloblastik anemi | Hipersegmentli nötrofil | DNA sentezi,30,"RB proteini G1 kontrol noktasının merkezi tümör baskılayıcılarından biridir. Normalde hipofosforile RB, E2F’yi bağlayarak S fazına geçiş için gerekli genlerin transkripsiyonunu engeller. Siklin D-CDK4/6 aracılı fosforilasyon RB’yi inaktive eder ve E2F kontr... || RB proteini G1 kontrol noktasının merkezi tümör baskılayıcılarından biridir. Normalde hipofosforile RB, E2F’yi bağlayarak S fazına geçiş için gerekli genlerin transkripsiyonunu engeller. Siklin D-CDK4/6 aracılı fosforilasyon RB’yi inaktive eder ve E2F kontr..."
v401-pathology-aplastik-anemi,Aplastik anemi,Aplastik anemi,Tıbbi Patoloji,Hematopatoloji / kemik iliği,P0,Kemik iliği hiposellülaritesi ve periferik pansitopeniyle seyreden kemik iliği yetmezliğidir.,"Aplastik anemide hematopoietik kök hücre veya progenitör hücre hasarı nedeniyle eritrosit, lökosit ve trombosit üretimi azalır. Kemik iliği yağ dokusundan zengin ve hiposellülerdir.",Pansitopeni + yağlı hiposellüler ilik = aplastik anemi.,Hipersplenizmde hücreler periferde tutulur ve splenomegali beklenir; aplastik anemide üretim yetmezliği ve hiposellüler ilik vardır.,Pansitopeni | Hiposellüler ilik | Hematopoietik kök hücre,28,Aplastik anemide kemik iliği hiposellülerdir ve megakaryosit artışı beklenmez; DIC’de koagülasyon testleri bozulur. || Aplastik anemi iliği
v401-pathology-hiposelluler-ilik,Hiposellüler ilik,Hiposellüler ilik,Tıbbi Patoloji,Hematopatoloji / kemik iliği,P1,Kemik iliğinde hematopoietik hücrelerin belirgin azaldığı görünümüdür.,Hiposellüler ilik aplastik anemide yağ dokusu artışıyla birlikte görülür. Periferik pansitopeninin üretim yetersizliğine bağlı olduğunu destekler.,Pansitopenide hiposellüler ilik üretim yetmezliğini gösterir.,Hiposellüler ilik aplazi; hipersellüler ilik periferik yıkım veya etkisiz hematopoezle ilişkili olabilir.,Aplastik anemi | Pansitopeni | Yağlı kemik iliği,28,Aplastik anemide kemik iliği hiposellülerdir ve megakaryosit artışı beklenmez; DIC’de koagülasyon testleri bozulur. || Aplastik anemi iliği
v401-pathology-hematopoietik-kok-hucre,Hematopoietik kök hücre,Hematopoietik kök hücre,Tıbbi Patoloji,Hematopatoloji / kemik iliği,P1,Kan hücrelerinin tüm serilerine kaynaklık eden multipotent kemik iliği hücresidir.,Aplastik anemide hematopoietik kök hücre hasarı veya immün baskılanması tüm kan serilerinde üretim azalmasına yol açar. Bu nedenle pansitopeni gelişir.,Tüm seriler düşükse kök hücre/kemik iliği üretim sorunu düşün.,Tek seri azalması daha sınırlı üretim/yıkım bozukluğu; tüm serilerin azalması kök hücre veya ilik düzeyi sorunu düşündürür.,Aplastik anemi | Pansitopeni | Kemik iliği,46,İTP kemik iliği || Periferde trombosit yıkımı artmış bir hastada kemik iliğinde megakaryosit artışı görülmesi en çok hangi trombositopeni mekanizmasını destekler?
v401-pathology-kontiguoz-yayilim,Kontigüöz yayılım,Kontigüöz yayılım,Tıbbi Patoloji,Hematopatoloji / lenfoma,P1,Lezyonun komşu lenf nodu veya dokulara sıra izleyerek yayılmasıdır.,Klasik Hodgkin lenfomada lenf nodu tutulumu çoğu zaman komşu nod gruplarına düzenli ilerler. Bu özellik birçok non-Hodgkin lenfomadaki daha düzensiz yayılımdan ayrılır.,Hodgkin lenfoma için kontigüöz lenf nodu yayılımı klasik sınav ipucudur.,Non-Hodgkin lenfomada extranodal ve nonkontigüöz tutulum daha sık olabilir.,Hodgkin lenfoma | Lenf nodu | Non-Hodgkin lenfoma,203,Servikal lenf nodu ile saptanan tiroid nodülü || tiroid nodülü ve servikal lenf nodu nedeniyle endokrinoloji/endokrin cerrahi
v401-pathology-folikuler-lenfoma,Foliküler lenfoma,Foliküler lenfoma,Tıbbi Patoloji,Hematopatoloji / lenfoma,P0,"Germinal merkez B hücrelerinden köken alan, genellikle indolent B hücreli lenfomadır.",Foliküler lenfomada t(14;18) ile BCL2 aşırı ekspresyonu gelişir ve apoptoz baskılanır. Germinal merkezlerde normalde BCL2 düşük olması gerektiği için BCL2 pozitifliği patolojik ipucudur.,t(14;18) + BCL2 + indolent nodal lenfoma = foliküler lenfoma.,Burkitt lenfoma MYC ve çok yüksek proliferasyonla; foliküler lenfoma BCL2 ve indolent seyirle ayrılır.,t(14;18) | BCL2 | Germinal merkez,34,Foliküler lenfoma translokasyonu || foliküler lenfoma
v401-pathology-t-14-18,t(14;18),t(14;18),Tıbbi Patoloji,Moleküler patoloji / lenfoma,P0,BCL2 genini immünoglobulin ağır zincir lokusuna taşıyan translokasyondur.,t(14;18) sonucunda BCL2 aşırı ekspresyonu olur ve germinal merkez B hücreleri apoptozdan kaçar. Bu olay foliküler lenfomanın klasik genetik temelidir.,t(14;18) = BCL2 = foliküler lenfoma.,t(8;14) MYC/Burkitt; t(14;18) BCL2/foliküler lenfoma ile eşleştirilir.,Foliküler lenfoma | BCL2 | Apoptoz inhibisyonu,34,Foliküler lenfoma translokasyonu || foliküler lenfoma
v401-pathology-bcl2-asiri-ekspresyonu,BCL2 aşırı ekspresyonu,BCL2 pozitifliği | BCL2 aşırı ekspresyonu,Tıbbi Patoloji,Moleküler patoloji / lenfoma,P1,Antiapoptotik BCL2 proteininin normalden fazla üretilmesidir.,Foliküler lenfomada BCL2 aşırı ekspresyonu germinal merkez B hücrelerinin apoptozdan kaçmasına neden olur. Bu durum reaktif foliküllerden ayrımda önemlidir.,Foliküler lenfomada BCL2 pozitifliği apoptozdan kaçışı gösterir.,Burkitt’te MYC proliferasyonu; foliküler lenfomada BCL2 apoptoz inhibisyonu öne çıkar.,Foliküler lenfoma | t(14;18) | Apoptoz inhibisyonu,28,Foliküler lenfoma translokasyonu || foliküler lenfoma
v401-pathology-germinal-merkez,Germinal merkez,Germinal merkez,Tıbbi Patoloji,Hematopatoloji / lenfoid doku,P1,"Lenf folikülünde B hücre proliferasyonu, somatik hipermutasyon ve seçilimin gerçekleştiği bölgedir.","Foliküler lenfoma germinal merkez B hücrelerinden köken alır. Normal germinal merkezde apoptoz önemliyken, BCL2 aşırı ekspresyonu hücrelerin yaşamasını sağlar.",BCL2 pozitif germinal merkez foliküler lenfoma yönünde şüphe uyandırır.,Reaktif germinal merkez poliklonal ve BCL2 düşük; foliküler lenfoma klonal ve BCL2 pozitiftir.,Foliküler lenfoma | BCL2 | Reaktif folikül,43,Reaktif foliküler hiperplazi || Reaktif foliküler hiperplazide foliküler mimari ve poliklonal immün yanıt beklenir; B semptomlarıyla birlikte CD30/CD15 pozitif büyük atipik hücrelerin fibrotik nodüller içinde görülmesi bu olasılığı zayıflatır.
v401-pathology-myc-aktivasyonu,MYC aktivasyonu,MYC | MYC aktivasyonu,Tıbbi Patoloji,Moleküler patoloji / lenfoma,P0,MYC onkogeninin proliferasyonu artıracak şekilde etkinleşmesidir.,"Burkitt lenfomada t(8;14) ile MYC immünoglobulin ağır zincir düzenleyici bölgesinin etkisine girer. Bu, çok yüksek proliferasyon ve starry-sky görünümünü açıklar.",t(8;14) + MYC + starry-sky = Burkitt lenfoma.,BCL2 hücre ölümünden kaçışı; MYC hücre proliferasyonunu artırır.,Burkitt lenfoma | t(8;14) | Starry-sky görünümü,47,"Klasik Hodgkin lenfoma ile nodüler lenfosit predominant Hodgkin lenfoma, diffüz büyük B-hücreli lenfoma, Burkitt lenfoma ve reaktif lenfadeniti ayırabilme. || Burkitt lenfoma"
v401-pathology-t-8-14,t(8;14),t(8;14),Tıbbi Patoloji,Moleküler patoloji / lenfoma,P0,MYC genini immünoglobulin ağır zincir lokusuna taşıyan translokasyondur.,t(8;14) Burkitt lenfomada MYC aktivasyonuna neden olur. Sonuçta çok hızlı çoğalan B hücreli tümör ve yüksek apoptotik hücre döngüsü gelişir.,t(8;14) = MYC = Burkitt lenfoma.,t(14;18) BCL2/foliküler lenfoma; t(8;14) MYC/Burkitt lenfoma ile eşleştirilir.,Burkitt lenfoma | MYC aktivasyonu | Starry-sky görünümü,30,"Klasik Hodgkin lenfoma ile nodüler lenfosit predominant Hodgkin lenfoma, diffüz büyük B-hücreli lenfoma, Burkitt lenfoma ve reaktif lenfadeniti ayırabilme. || Burkitt lenfoma"
v401-pathology-starry-sky-gorunumu,Starry-sky görünümü,starry-sky | Starry-sky görünümü,Tıbbi Patoloji,Hematopatoloji / lenfoma,P0,Koyu tümör hücreleri arasında açık renkli tingible body makrofajlarının oluşturduğu histolojik paterndir.,Burkitt lenfomada çok yüksek proliferasyon ve apoptoz nedeniyle makrofajlar hücre artıklarını fagosite eder. Açık makrofajlar koyu tümör zemini üzerinde yıldızlı gökyüzü görünümü oluşturur.,Starry-sky + MYC + t(8;14) Burkitt lenfoma için klasiktir.,Foliküler lenfomada nodüler foliküler yapı; Burkitt’te diffuse yüksek proliferasyon ve starry-sky görünümü beklenir.,Burkitt lenfoma | MYC aktivasyonu | Makrofaj,167,"Lamina propriada PAS-pozitif köpüksü makrofaj birikimi || PAS-pozitif makrofajlar Whipple hastalığı gibi enfeksiyöz malabsorpsiyon nedenlerinde beklenir. Bu olguda artrit, ateş veya sistemik enfeksiyon ipuçları değil, glutenle tetiklenen serolojik ve klinik patern baskındır."
v401-pathology-dusuk-epo,Düşük EPO,EPO düşük | Düşük EPO,Tıbbi Patoloji,Miyeloproliferatif neoplaziler,P1,Eritropoietin düzeyinin baskılanmış olmasıdır.,Polisitemia verada eritrosit üretimi klonal ve otonom olduğu için böbrekten EPO salınımı negatif geri bildirimle düşer. Bu bulgu sekonder polisitemiden ayrımda değerlidir.,Polisitemia vera: yüksek eritrosit kitlesi + düşük EPO + JAK2.,Sekonder polisitemide hipoksi veya EPO üreten tümör nedeniyle EPO genellikle yüksektir.,Polisitemia vera | JAK2 mutasyonu | Sekonder polisitemi,26,Polisitemia vera || polisitemia vera
v401-pathology-panmiyeloz,Panmiyeloz,Panmiyeloz,Tıbbi Patoloji,Miyeloproliferatif neoplaziler,P1,"Kemik iliğinde eritroid, miyeloid ve megakaryositik serilerin birlikte artmasıdır.","Polisitemia verada sadece eritrosit değil, tüm miyeloid serilerde klonal artış görülebilir. Bu nedenle kemik iliğinde panmiyeloz tanımlanır.",PV yalnız eritrosit artışı değildir; panmiyeloz miyeloproliferatif karakteri gösterir.,Sekonder polisitemide eritroid uyarı baskındır; panmiyeloz klonal miyeloproliferasyonu destekler.,Polisitemia vera | JAK2 mutasyonu | Kemik iliği,46,İTP kemik iliği || Periferde trombosit yıkımı artmış bir hastada kemik iliğinde megakaryosit artışı görülmesi en çok hangi trombositopeni mekanizmasını destekler?
v401-pathology-jak2-calr-mpl-mutasyonlari,JAK2-CALR-MPL mutasyonları,JAK2 CALR MPL | JAK2-CALR-MPL mutasyonları,Tıbbi Patoloji,Miyeloproliferatif neoplaziler,P1,Esansiyel trombositemi ve diğer MPN’lerde görülen sürücü mutasyon grubudur.,"Esansiyel trombositemide klonal megakaryosit proliferasyonu JAK2, CALR veya MPL mutasyonlarıyla ilişkili olabilir. Bu mutasyonlar trombositozun reaktif değil klonal olduğunu destekler.",Kalıcı trombositoz + dev megakaryositler + JAK2/CALR/MPL = esansiyel trombositemi.,Reaktif trombositoz inflamasyon/kanama sonrası gelişir; klonal trombositoz sürücü mutasyonlarla desteklenir.,Esansiyel trombositemi | Trombositoz | Megakaryosit,38,megakaryosit artışı || Periferde trombosit yıkımı artmış bir hastada kemik iliğinde megakaryosit artışı görülmesi en çok hangi trombositopeni mekanizmasını destekler?
v401-pathology-edinilmis-vwf-kaybi,Edinilmiş vWF kaybı,Edinilmiş vWF kaybı,Tıbbi Patoloji,Hemostaz patolojisi,P1,Aşırı trombositozda büyük vWF multimerlerinin azalmasına bağlı kanama eğilimidir.,Esansiyel trombositemide çok yüksek trombosit sayıları vWF multimerlerini bağlayıp tüketebilir. Bu nedenle tromboz eğilimine rağmen paradoksal kanama görülebilir.,Çok yüksek trombosit + kanama = edinilmiş vWF kaybı akılda olmalı.,Trombosit sayısı artışı tromboz riskini artırır; ancak aşırı artış vWF kaybıyla kanama da yapabilir.,Esansiyel trombositemi | vWF multimerleri | Kanama,178,"Kıvrımlarda azalma, hafif nodüler görünüm ve taraklanma izlenir; aktif kanama veya kitle görünümü yoktur. || Kıvrımlarda azalma, hafif nodüler görünüm ve taraklanma izlenir; aktif kanama veya kitle görünümü yoktur."
v401-pathology-dalgali-lif,Dalgalı lif,Dalgalı lif,Tıbbi Patoloji,Kardiyovasküler patoloji,P1,Erken miyokart infarktında iskemiye bağlı uzamış/ondüle miyosit görünümüdür.,Miyokart infarktının erken döneminde lifler kontraksiyon ve ödem etkisiyle dalgalı görünüm alabilir. Ardından koagülasyon nekrozu ve nötrofil infiltrasyonu belirginleşir.,MI erken saatlerinde dalgalı lifler erken histolojik ipucudur.,Geç dönemde granülasyon dokusu ve skar; erken dönemde dalgalı lif ve koagülasyon nekrozu öne çıkar.,Miyokart infarktı | Koagülasyon nekrozu | Nötrofil,241,Glomerüllerde yaygın endokapiller hipersellülarite ve nötrofil lökositlerden zengin eksüdatif görünüm. || Glomerüllerde yaygın endokapiller hipersellülarite ve nötrofil lökositlerden zengin eksüdatif görünüm.
v401-pathology-miyokart-infarktinda-3-7-gun-ruptur-riski,Miyokart infarktında 3-7. gün rüptür riski,3-7 gün | duvar rüptürü | Miyokart infarktında 3-7. gün rüptür riski,Tıbbi Patoloji,Kardiyovasküler patoloji,P0,Makrofaj temizliğiyle duvarın geçici zayıfladığı dönemdir.,"Miyokart infarktından 3-7 gün sonra nekrotik dokuyu makrofajlar temizlerken kollajen skar henüz yeterince oluşmamıştır. Bu ara dönem ventrikül duvar rüptürü, papiller kas rüptürü veya septal rüptür açısından risklidir.",MI’da rüptür riski en çok 3-7. günde makrofaj temizliği dönemindedir.,İlk 24 saatte aritmi; 3-7 günde rüptür; haftalar sonra skar/anevrizma daha çok sorulur.,Makrofaj | Duvar rüptürü | Miyokart infarktı,148,"Lamina propriada PAS-pozitif köpüksü makrofaj birikimi || PAS-pozitif makrofajlar Whipple hastalığı gibi enfeksiyöz malabsorpsiyon nedenlerinde beklenir. Bu olguda artrit, ateş veya sistemik enfeksiyon ipuçları değil, glutenle tetiklenen serolojik ve klinik patern baskındır."
v401-pathology-anitschkow-hucresi,Anitschkow hücresi,Anitschkow hücresi,Tıbbi Patoloji,Kardiyovasküler patoloji,P0,"Romatizmal karditte görülen, dalgalı/katerpil nükleuslu aktive makrofajdır.",Anitschkow hücreleri Aschoff cisimciklerinin karakteristik hücresidir. Romatizmal ateşte moleküler benzerlik aracılı immün yanıtla miyokard tutulumu gelişir.,Aschoff cisimciği + Anitschkow hücresi = romatizmal kardit.,Enfektif endokardit vejetasyon/mikroorganizma; romatizmal kardit Aschoff cisimciği ve Anitschkow hücresiyle ayrılır.,Aschoff cisimciği | Romatizmal ateş | Moleküler benzerlik,58,Aschoff cisimciği || Aschoff cisimciği
v401-pathology-komissur-fuzyonu,Komissür füzyonu,Komissür füzyonu,Tıbbi Patoloji,Kardiyovasküler patoloji,P1,Kalp kapak yaprakçıklarının birleşme hattında fibrotik kaynaşmadır.,Kronik romatizmal kalp hastalığında özellikle mitral kapakta komissür füzyonu gelişir. Bu durum balık ağzı görünümü ve mitral stenozla sonuçlanabilir.,Romatizmal mitral stenozda komissür füzyonu klasik morfolojik bulgudur.,Kalsifik aort stenozunda kalsifik dejenerasyon; romatizmal stenozda komissür füzyonu öne çıkar.,Mitral stenoz | Romatizmal ateş | Balık ağzı görünümü,37,"Zamanlama, yüksek ASO titresi ve gezici poliartrit streptokok enfeksiyonu sonrası immün aracılı akut romatizmal ateş zeminini kurar. Kardit bulgularına eşlik eden miyokardiyal histolojide fibrinoid hasar odağı çevresinde lenfosit, plazma hücresi ve Anitschk... || Zamanlama, yüksek ASO titresi ve gezici poliartrit streptokok enfeksiyonu sonrası immün aracılı akut romatizmal ateş zeminini kurar. Kardit bulgularına eşlik eden miyokardiyal histolojide fibrinoid hasar odağı çevresinde lenfosit, plazma hücresi ve Anitschk..."
v401-pathology-balik-agzi-gorunumu,Balık ağzı görünümü,balık ağzı | Balık ağzı görünümü,Tıbbi Patoloji,Kardiyovasküler patoloji,P1,Romatizmal mitral stenozda daralmış kapak açıklığının makroskopik görünümüdür.,Komissür füzyonu ve fibrotik kalınlaşma mitral kapak açıklığını daraltır. Makroskopide kapak orifisi balık ağzı veya düğme deliği şeklinde tarif edilir.,Mitral stenoz + komissür füzyonu + balık ağzı görünümü romatizmal hastalığı düşündürür.,Mitral kapak prolapsusunda miksomatöz gevşeme; romatizmal stenozda fibrotik komissür füzyonu vardır.,Mitral stenoz | Komissür füzyonu | Romatizmal kalp hastalığı,16,mitral stenoz || komissür füzyonu
v401-pathology-septik-emboli,Septik emboli,Septik emboli,Tıbbi Patoloji,Kardiyovasküler patoloji,P0,Mikroorganizma içeren enfektif trombotik materyalin dolaşımla taşınmasıdır.,"Enfektif endokarditte frajil vejetasyon parçaları koparak septik emboli oluşturabilir. Bu emboliler uzak dokuda infarkt, apse veya mikotik anevrizmaya yol açabilir.",Endokardit vejetasyonu frajilse emboli ve kapak destrüksiyonu riski yüksektir.,Steril tromboemboli mikroorganizma içermez; septik emboli enfeksiyon odağını uzak dokulara taşır.,Enfektif endokardit | Vejetasyon | Kapak destrüksiyonu,48,Libman-Sacks vejetasyonu || Nonbakteriyel trombotik endokardit vejetasyonu
v401-pathology-kapak-destruksiyonu,Kapak destrüksiyonu,Kapak destrüksiyonu,Tıbbi Patoloji,Kardiyovasküler patoloji,P1,Kalp kapağının enfeksiyon veya inflamasyonla yapısal olarak yıkıma uğramasıdır.,Enfektif endokarditte mikroorganizma içeren büyük frajil vejetasyonlar kapak yaprakçıklarını yıkıma uğratabilir. Bu durum akut yetmezlik ve emboli riskini artırır.,Frajil enfektif vejetasyon = emboli + kapak destrüksiyonu riski.,Romatizmal hastalıkta fibrozis ve deformite; enfektif endokarditte aktif doku yıkımı ve septik materyal öne çıkar.,Enfektif endokardit | Septik emboli | Vejetasyon,48,Libman-Sacks vejetasyonu || Nonbakteriyel trombotik endokardit vejetasyonu
v401-pathology-pas-pozitif-globul,PAS pozitif globül,PAS pozitif globül,Tıbbi Patoloji,Akciğer / karaciğer patolojisi,P0,PAS boyasıyla pozitif boyanan hepatosit içi protein birikimidir.,Alfa-1 antitripsin eksikliğinde yanlış katlanan protein hepatositlerde birikir ve PAS pozitif globüller şeklinde görülebilir. Akciğerde ise proteaz-antiproteaz dengesizliği panasinüler amfizeme yol açar.,PAS pozitif hepatosit globülü + panasinüler amfizem = alfa-1 antitripsin eksikliği.,Glikojen de PAS pozitif olabilir; A1AT globülleri protein katlanma/birikim patolojisini gösterir.,Alfa-1 antitripsin eksikliği | Panasinüler amfizem | Hepatosit birikimi,66,Alfa-1 antitripsin eksikliği || Alfa-1 antitripsin eksikliği
v401-pathology-proteaz-antiproteaz-dengesi,Proteaz-antiproteaz dengesi,Proteaz-antiproteaz dengesi,Tıbbi Patoloji,Akciğer patolojisi,P0,Akciğer dokusunda elastaz gibi proteazlar ile inhibitörleri arasındaki koruyucu dengedir.,Alfa-1 antitripsin normalde nötrofil elastazını baskılar. Eksiklikte proteaz aktivitesi alveol duvarını yıkar ve özellikle alt lob ağırlıklı panasinüler amfizem gelişir.,A1AT eksikliği akciğerde proteaz-antiproteaz dengesinin bozulmasıyla amfizem yapar.,Sigara ilişkili sentriasiner amfizem üst lob; A1AT eksikliği panasinüler ve alt lob ağırlıklıdır.,Alfa-1 antitripsin eksikliği | Elastaz | Panasinüler amfizem,94,Yanlıştır. Alfa-1 antitripsin mutasyonu hepatositlerde yanlış katlanmış protein birikimi ve akciğerde elastaz hasarı ile ilişkilidir. Wilson mekanizması değildir. || Yanlıştır. Alfa-1 antitripsin mutasyonu hepatositlerde yanlış katlanmış protein birikimi ve akciğerde elastaz hasarı ile ilişkilidir. Wilson mekanizması değildir.
v401-pathology-eggshell-kalsifikasyon,Eggshell kalsifikasyon,yumurta kabuğu kalsifikasyonu | eggshell kalsifikasyon | Eggshell kalsifikasyon,Tıbbi Patoloji,Akciğer patolojisi,P0,Hiler lenf nodu periferinde yumurta kabuğu tarzı kalsifikasyondur.,Silikoziste hiler lenf nodlarında periferik ince kalsifikasyon görülebilir. Bu bulgu üst lob fibrotik nodülleri ve tüberküloz risk artışıyla birlikte değerlidir.,Üst lob nodülleri + hiler eggshell kalsifikasyon = silikozis.,Asbestoz daha çok alt lob interstisyel fibrozis ve plevral plakla; silikozis üst lob ve eggshell kalsifikasyonla ilişkilidir.,Silikozis | Hiler lenf nodu | Pnömokonyoz,20,Silikozis || silikozis
v401-pathology-plevral-plak,Plevral plak,Plevral plak,Tıbbi Patoloji,Akciğer patolojisi,P1,Asbest maruziyetine bağlı parietal plevrada gelişen fibrotik plaklardır.,Plevral plaklar asbest maruziyetinin en sık morfolojik göstergelerindendir. Kendileri malign değildir ancak asbest maruziyeti mezotelyoma ve akciğer karsinomu riskini artırır.,Asbest maruziyeti sorusunda plevral plak maruziyet göstergesidir.,Silikoziste hiler eggshell kalsifikasyon; asbestte plevral plak ve alt lob fibrozis daha tipiktir.,Asbest maruziyeti | Mezotelyoma | Akciğer karsinomu,68,"Küçük hücreli akciğer karsinomunu adenokarsinom, skuamöz karsinom, büyük hücreli nöroendokrin karsinom ve tipik karsinoidden ayırt edebilme. || Küçük hücreli akciğer karsinomu"
v401-pathology-calretinin-wt1-pozitifligi,Calretinin-WT1 pozitifliği,calretinin WT1 | WT1 | calretinin | Calretinin-WT1 pozitifliği,Tıbbi Patoloji,İmmünohistokimya,P1,Mezotelyal kökeni destekleyen immünohistokimyasal marker paternidir.,Malign mezotelyomada calretinin ve WT1 gibi mezotelyal markerlar pozitif olabilir. Bu markerlar plevral adenokarsinom metastazından ayırıcı tanıda kullanılır.,Plevral tümör + asbest + calretinin/WT1 pozitifliği mezotelyomayı destekler.,Adenokarsinom markerları farklıdır; calretinin-WT1 mezotelyal diferansiyasyonu gösterir.,Mezotelyoma | Asbest | Plevra,96,Sağ hiler dolgunluk ve mediastinal kontur genişliği izlenir; belirgin plevral efüzyon saptanmaz. || Sağ hiler dolgunluk ve mediastinal kontur genişliği izlenir; belirgin plevral efüzyon saptanmaz.
v401-pathology-subepitelyal-depozit,Subepitelyal depozit,Subepitelyal depozit,Tıbbi Patoloji,Renal patoloji,P0,Glomerül bazal membranının epitel/podosit tarafında immün birikimdir.,Membranöz nefropatide immün kompleksler podosit tarafında subepitelyal yerleşir. Bu birikimler kapiller duvar kalınlaşması ve spike-and-dome görünümü oluşturur.,Nefrotik sendrom + subepitelyal depozit + spike-and-dome = membranöz nefropati.,Poststreptokoksik GN’de de hump subepitelyal olabilir; membranözde diffüz kapiller duvar boyunca spike-and-dome paterni öne çıkar.,Membranöz nefropati | Spike and dome | Podosit,251,Podosit ayaksı çıkıntılarında yaygın silinme || Podosit ayaksı çıkıntılarında yaygın silinme
v401-pathology-spike-and-dome-gorunumu,Spike-and-dome görünümü,spike and dome | Spike-and-dome görünümü,Tıbbi Patoloji,Renal patoloji,P0,Membranöz nefropatide GBM çıkıntıları ve immün depozitlerin oluşturduğu mikroskobik paterndir.,"Subepitelyal immün depozitler arasında bazal membran materyali uzantılar oluşturur. Gümüş boyayla spike, depozitlerle dome görünümü membranöz nefropatiyi destekler.",Spike-and-dome membranöz nefropatinin klasik morfolojik ipucudur.,Subepitelyal hump poststreptokoksik GN; spike-and-dome membranöz nefropatiyle ilişkilidir.,Membranöz nefropati | Subepitelyal depozit | PLA2R,153,Subepitelyal birikimler membranöz nefropati için tipiktir; çocukluk çağında en sık nefrotik sendrom nedeni değildir ve bu yaşta izole nefrotik tabloyu en iyi açıklayan bulgu podosit değişikliğidir. || Subepitelyal birikimler membranöz nefropati için tipiktir; çocukluk çağında en sık nefrotik sendrom nedeni değildir ve bu yaşta izole nefrotik tabloyu en iyi açıklayan bulgu podosit değişikliğidir.
v401-pathology-pla2r,PLA2R,PLA2R,Tıbbi Patoloji,Renal patoloji,P0,Primer membranöz nefropatide hedeflenebilen podosit antijenidir.,Fosfolipaz A2 reseptörüne karşı antikorlar primer membranöz nefropatide subepitelyal immün depozit oluşumuna katkı verir. Anti-PLA2R pozitifliği primer formu destekleyebilir.,Membranöz nefropatide PLA2R primer form için yüksek değerli ipucudur.,"Sekonder membranöz nefropati malignite, enfeksiyon veya ilaçlarla ilişkili olabilir; PLA2R primer formu destekler.",Membranöz nefropati | Anti-PLA2R | Podosit,228,Podosit ayaksı çıkıntılarında yaygın silinme || Podosit ayaksı çıkıntılarında yaygın silinme
v401-pathology-mezangial-ga-birikimi,Mezangial IgA birikimi,mezangial IgA | IgA birikimi | Mezangial IgA birikimi,Tıbbi Patoloji,Renal patoloji,P0,Glomerül mezangiumunda IgA ağırlıklı immün depozit bulunmasıdır.,IgA nefropatisinde mukozal enfeksiyonlardan kısa süre sonra mezangial IgA depozitleri makroskopik hematüriye yol açabilir. İmmünfloresanda mezangial IgA boyanması beklenir.,ÜSYE’den 1-2 gün sonra hematüri + mezangial IgA = IgA nefropatisi.,Poststreptokoksik GN haftalar sonra ve düşük C3 ile; IgA nefropatisi daha erken/synpharyngitic hematüriyle ayrılır.,IgA nefropatisi | Mezangium | Synpharyngitic hematüri,102,IgA nefropatisi genellikle üst solunum yolu enfeksiyonunu izleyen makroskopik hematüri veya belirgin mikroskopik hematüri ile öne çıkar; bu vakada nefrotik proteinüri baskındır. || IgA nefropatisi genellikle üst solunum yolu enfeksiyonunu izleyen makroskopik hematüri veya belirgin mikroskopik hematüri ile öne çıkar; bu vakada nefrotik proteinüri baskındır.
v401-pathology-synpharyngitic-hematuri,Synpharyngitic hematüri,Synpharyngitic hematüri,Tıbbi Patoloji,Renal patoloji,P0,Üst solunum yolu enfeksiyonuyla eş zamanlı veya hemen sonrasında gelişen hematüridir.,IgA nefropatisinde mukozal IgA yanıtı nedeniyle hematüri enfeksiyondan 1-2 gün sonra veya eş zamanlı gelişebilir. Bu zamanlama poststreptokoksik GN’den ayırıcıdır.,Synpharyngitic hematüri IgA nefropatisinin zamanlama ipucudur.,PSGN genellikle enfeksiyondan haftalar sonra; IgA nefropatisi enfeksiyonla eş zamanlı/çok kısa arayla olur.,IgA nefropatisi | Mezangial IgA birikimi | Makroskopik hematüri,80,IgA nefropatisi genellikle üst solunum yolu enfeksiyonunu izleyen makroskopik hematüri veya belirgin mikroskopik hematüri ile öne çıkar; bu vakada nefrotik proteinüri baskındır. || IgA nefropatisi genellikle üst solunum yolu enfeksiyonunu izleyen makroskopik hematüri veya belirgin mikroskopik hematüri ile öne çıkar; bu vakada nefrotik proteinüri baskındır.
v401-pathology-mezangium,Mezangium,Mezangium,Tıbbi Patoloji,Renal patoloji,P1,Glomerül kapillerleri arasında destek ve matriks sağlayan hücresel-stromal bölgedir.,Mezangium immün komplekslerin birikebildiği glomerüler alandır. IgA nefropatisinde mezangial IgA birikimi ve mezangial proliferasyon tipiktir.,IgA nefropatisinde depozitlerin ana yeri mezangiumdur.,Subepitelyal depozit podosit tarafını; mezangial depozit kapiller arası destek bölgesini ifade eder.,IgA nefropatisi | Mezangial proliferasyon | İmmünfloresan,180,IgA nefropatisi genellikle üst solunum yolu enfeksiyonunu izleyen makroskopik hematüri veya belirgin mikroskopik hematüri ile öne çıkar; bu vakada nefrotik proteinüri baskındır. || IgA nefropatisi genellikle üst solunum yolu enfeksiyonunu izleyen makroskopik hematüri veya belirgin mikroskopik hematüri ile öne çıkar; bu vakada nefrotik proteinüri baskındır.
v401-pathology-granuler-immunfloresan,Granüler immünfloresan,granüler IF | immünfloresan | Granüler immünfloresan,Tıbbi Patoloji,Renal patoloji,P0,İmmün komplekslerin düzensiz tanecikli boyanma paterni oluşturmasıdır.,Poststreptokoksik GN gibi immün kompleks hastalıklarında IgG ve C3 glomerüllerde granüler paternle boyanır. Bu patern anti-GBM hastalığındaki lineer boyanmadan ayrılır.,Granüler IF immün kompleks; lineer IF anti-GBM hastalığı lehinedir.,Lineer boyanma bazal membran boyunca sürekli antikor bağlanmasını; granüler boyanma depozit tarzı immün kompleksi gösterir.,Poststreptokoksik GN | IgG C3 | Anti-GBM,173,Perilezyonel direkt immünfloresan || Perilezyonel direkt immünfloresan
v401-pathology-clear-cell-gorunumu,Clear cell görünümü,clear cell | Clear cell görünümü,Tıbbi Patoloji,Renal tümör patolojisi,P1,Hücre sitoplazmasının lipid/glikojen nedeniyle berrak izlenmesidir.,Berrak hücreli renal hücreli karsinomda sitoplazma lipid ve glikojenden zengin olduğu için clear cell görünümü oluşur. VHL kaybı ve HIF aracılı anjiyojenik sinyal artışıyla ilişkilidir.,Sarı-kahverengi böbrek kitlesi + clear cell + VHL = renal hücreli karsinom.,Onkositik hücre eozinofilik granüler sitoplazma; clear cell berrak sitoplazma ile ayrılır.,Renal hücreli karsinom | VHL kaybı | HIF,51,"Berrak hücreli renal hücreli karsinomun klinik, makroskopik ve mikroskobik ayırıcı özelliklerini diğer renal tümörlerden ayırt edebilme. || Berrak hücreli renal hücreli karsinom"
v401-pathology-vhl-kaybi,VHL kaybı,VHL | VHL kaybı,Tıbbi Patoloji,Moleküler tümör patolojisi,P0,VHL tümör baskılayıcı gen fonksiyonunun kaybıdır.,VHL kaybında HIF yıkılamaz ve anjiyogenezle ilişkili genlerin ekspresyonu artar. Berrak hücreli renal hücreli karsinom patogenezinde temel mekanizmadır.,Clear cell RCC’de VHL kaybı HIF stabilizasyonu üzerinden tümörleşmeyi destekler.,Wilms tümörü WT1 ile; clear cell RCC VHL-HIF aksıyla ilişkilidir.,Renal hücreli karsinom | HIF stabilizasyonu | Clear cell görünümü,49,"Berrak hücreli renal hücreli karsinomun klinik, makroskopik ve mikroskobik ayırıcı özelliklerini diğer renal tümörlerden ayırt edebilme. || Berrak hücreli renal hücreli karsinom"
v401-pathology-h-f-stabilizasyonu,HIF stabilizasyonu,HIF | HIF stabilizasyonu,Tıbbi Patoloji,Moleküler tümör patolojisi,P1,Hipoksi-indüklenebilir faktörün yıkılamayıp hücre içinde birikmesidir.,"Normalde VHL proteini HIF’i yıkıma yönlendirir. VHL kaybında HIF stabilize olur, VEGF gibi anjiyojenik sinyaller artar ve renal hücreli karsinom gelişimine katkı sağlar.",VHL kaybı → HIF stabilizasyonu → VEGF artışı → clear cell RCC.,Gerçek hipokside HIF fizyolojik olarak artar; VHL kaybında oksijen normal olsa da HIF yıkılamaz.,VHL kaybı | VEGF | Renal hücreli karsinom,49,"Berrak hücreli renal hücreli karsinomun klinik, makroskopik ve mikroskobik ayırıcı özelliklerini diğer renal tümörlerden ayırt edebilme. || Berrak hücreli renal hücreli karsinom"
v401-pathology-renal-ven-invazyonu,Renal ven invazyonu,Renal ven invazyonu,Tıbbi Patoloji,Renal tümör patolojisi,P1,Böbrek tümörünün renal vene ilerleyebilmesidir.,Renal hücreli karsinom renal vene ve hatta vena kavaya uzanma eğilimi gösterebilir. Hematolojik yayılım ve paraneoplastik bulgularla birlikte sınavda ipucu olabilir.,RCC’de renal ven invazyonu klasik yayılım özelliğidir.,Wilms tümörü çocukluk böbrek tümörü; erişkin clear cell RCC renal ven invazyonuyla öne çıkar.,Renal hücreli karsinom | Clear cell görünümü | Paraneoplastik sendrom,56,"Berrak hücreli renal hücreli karsinomun klinik, makroskopik ve mikroskobik ayırıcı özelliklerini diğer renal tümörlerden ayırt edebilme. || Berrak hücreli renal hücreli karsinom"
v401-pathology-nefroblastom,Nefroblastom,Nefroblastom,Tıbbi Patoloji,Pediatrik tümör patolojisi,P0,Wilms tümörünün diğer adı olan çocukluk çağı böbrek tümörüdür.,"Nefroblastom blastemal, epitelyal ve stromal komponentlerden oluşan triphasic histoloji gösterebilir. WT1 ilişkisi ve WAGR gibi sendromlarla bağlantısı sınav açısından önemlidir.",Çocuk böbrek kitlesi + triphasic histoloji = nefroblastom/Wilms tümörü.,Renal hücreli karsinom erişkin ve clear cell; nefroblastom çocukluk çağı böbrek tümörüdür.,Wilms tümörü | WT1 | Triphasic histoloji,38,"calretinin WT1 || Uzun latent dönem sonrası plevrada difüz kalınlaşma yapan, asbest maruziyetiyle ilişkili ve calretinin/WT1 pozitif olabilen tümör hangisidir?"
v401-pathology-triphasic-histoloji,Triphasic histoloji,triphasic histoloji | Triphasic histoloji,Tıbbi Patoloji,Pediatrik tümör patolojisi,P1,Bir tümörde üç farklı doku/komponent paterninin birlikte görülmesidir.,"Wilms tümöründe blastemal, epitelyal ve stromal komponentlerin birlikte bulunması triphasic histoloji olarak tanımlanır. Bu kombinasyon çocukluk böbrek kitlesi tanısında öğretici ipucudur.",Wilms tümörü triphasic histoloji: blastemal + epitelyal + stromal.,Tek tip clear cell görünümü RCC’ye; üçlü komponent Wilms tümörüne daha uygundur.,Wilms tümörü | Nefroblastom | WT1,38,"calretinin WT1 || Uzun latent dönem sonrası plevrada difüz kalınlaşma yapan, asbest maruziyetiyle ilişkili ve calretinin/WT1 pozitif olabilen tümör hangisidir?"
v401-pathology-wagr-sendromu,WAGR sendromu,WAGR | WAGR sendromu,Tıbbi Patoloji,Pediatrik tümör patolojisi,P1,"Wilms tümörü, aniridi, genitoüriner anomaliler ve gelişimsel gerilik birlikteliğidir.",WAGR sendromu WT1 bölgesi kaybıyla ilişkili olabilir ve Wilms tümörü riskini artırır. Çocuk böbrek kitlesiyle birlikte aniridi/genitoüriner anomali ipucu tanısal değer taşır.,Wilms + aniridi + GU anomali = WAGR sendromu.,Denys-Drash da WT1 ilişkili olabilir; WAGR’de aniridi ve genitoüriner anomaliler klasik akılda tutulur.,Wilms tümörü | WT1 | Aniridi,38,"calretinin WT1 || Uzun latent dönem sonrası plevrada difüz kalınlaşma yapan, asbest maruziyetiyle ilişkili ve calretinin/WT1 pozitif olabilen tümör hangisidir?"
v401-pathology-malign-osteoid,Malign osteoid,Malign osteoid,Tıbbi Patoloji,Kemik tümörü patolojisi,P0,Malign tümör hücreleri tarafından üretilen osteoid matrikstir.,Osteosarkom tanısında tümör hücrelerinin doğrudan malign osteoid üretmesi temel patolojik kriterdir. Genellikle adölesanda metafiz çevresinde görülür.,Kemik tümöründe malign osteoid üretimi osteosarkom lehinedir.,Ewing sarkomu küçük yuvarlak mavi hücreli tümördür ve malign osteoid üretmez.,Osteosarkom | Metafiz | Sunburst görünümü,164,Osteosarkom || Osteosarkom farklı bir klinik-patolojik paternle beklenir. Bu vakada belirleyici klinik bağlam ve doku bulguları İntestinal tip mide adenokarsinomu lehine olduğundan bu çeldirici doğru tanı/mekanizma değildir.
v401-pathology-sunburst-gorunumu,Sunburst görünümü,sunburst | Sunburst görünümü,Tıbbi Patoloji,Kemik tümörü patolojisi,P1,Agresif kemik tümörlerinde periost reaksiyonunun ışınsal görünümüdür.,Osteosarkomda hızlı büyüyen tümör periostu kaldırır ve ışınsal kemik yapımı sunburst görünümü oluşturabilir. Codman üçgeniyle birlikte agresif kemik lezyonunu destekler.,Adölesan metafiz tümörü + malign osteoid + sunburst = osteosarkom.,Onion-skin periost reaksiyonu Ewing sarkomu; sunburst osteosarkomla daha klasik eşleşir.,Osteosarkom | Malign osteoid | Codman üçgeni,147,Osteosarkom || Osteosarkom farklı bir klinik-patolojik paternle beklenir. Bu vakada belirleyici klinik bağlam ve doku bulguları İntestinal tip mide adenokarsinomu lehine olduğundan bu çeldirici doğru tanı/mekanizma değildir.
v401-pathology-codman-ucgeni,Codman üçgeni,Codman üçgeni,Tıbbi Patoloji,Kemik tümörü patolojisi,P1,Agresif kemik lezyonunda periostun kaldırılmasıyla oluşan üçgen periostal reaksiyondur.,Osteosarkom gibi hızlı büyüyen kemik tümörleri periostu kemikten ayırır ve kenarda üçgen yeni kemik görünümü oluşturur. Bu bulgu malign/agresif lezyonu düşündürür.,Codman üçgeni agresif kemik tümörü ipucudur; osteosarkomla sık sorulur.,Sunburst ışınsal periost reaksiyonu; Codman üçgeni periostun kaldırıldığı kenar görünümüdür.,Osteosarkom | Sunburst görünümü | Malign osteoid,145,Osteosarkom || Osteosarkom farklı bir klinik-patolojik paternle beklenir. Bu vakada belirleyici klinik bağlam ve doku bulguları İntestinal tip mide adenokarsinomu lehine olduğundan bu çeldirici doğru tanı/mekanizma değildir.
v401-pathology-ewsr1-fl-1-fuzyonu,EWSR1-FLI1 füzyonu,EWSR1-FLI1 | EWSR1-FLI1 füzyonu,Tıbbi Patoloji,Kemik tümörü patolojisi,P0,Ewing sarkomunda t(11;22) sonucu oluşan onkojenik füzyon genidir.,EWSR1-FLI1 füzyonu küçük yuvarlak mavi hücreli Ewing sarkomunun moleküler temelidir. Diafizer kemik tümörü ve onion-skin periost reaksiyonuyla birlikte tanısal değer taşır.,t(11;22) = EWSR1-FLI1 = Ewing sarkomu.,Osteosarkom malign osteoid; Ewing sarkomu EWSR1-FLI1 ve küçük yuvarlak mavi hücre morfolojisiyle ayrılır.,Ewing sarkomu | t(11;22) | Onion-skin periost reaksiyonu,55,"Malign tümör hücrelerinin doğrudan osteoid matriks üretmesini Ewing sarkomu, kondrosarkom, osteoblastom ve osteoid osteomdan ayırabilme. || Ewing sarkomu"
v401-pathology-onion-skin-periost-reaksiyonu,Onion-skin periost reaksiyonu,onion-skin | Onion-skin periost reaksiyonu,Tıbbi Patoloji,Kemik tümörü patolojisi,P1,Katmanlı periost reaksiyonu görünümüdür.,Ewing sarkomunda tümörün hızlı ama aralıklı büyümesi periostta soğan zarı benzeri katmanlanma oluşturabilir. Uzun kemik diafizindeki küçük yuvarlak mavi hücreli tümörle birlikte anlamlıdır.,Diafiz + küçük yuvarlak mavi hücre + onion-skin = Ewing sarkomu.,Sunburst/Codman daha çok osteosarkom; onion-skin Ewing sarkomu için klasik ipucudur.,Ewing sarkomu | EWSR1-FLI1 | Diafiz,64,"Malign tümör hücrelerinin doğrudan osteoid matriks üretmesini Ewing sarkomu, kondrosarkom, osteoblastom ve osteoid osteomdan ayırabilme. || Ewing sarkomu"
v401-pathology-flexner-wintersteiner-rozeti,Flexner-Wintersteiner rozeti,Flexner-Wintersteiner rozeti,Tıbbi Patoloji,Göz / pediatrik tümör patolojisi,P0,Retinoblastomda görülebilen gerçek lümenli tümör hücre rozeti yapısıdır.,Retinoblastomda tümör hücreleri merkezi lümen etrafında dizilerek Flexner-Wintersteiner rozetleri oluşturabilir. RB1 kaybı ve lökokori ile birlikte tanısal ipucu değerindedir.,Lökokori + RB1 + Flexner-Wintersteiner rozeti = retinoblastom.,Homer Wright rozeti nöroblastom gibi nöroektodermal tümörlerde; Flexner-Wintersteiner retinoblastomda daha klasiktir.,Retinoblastom | RB1 | Lökokori,58,"RB proteini G1 kontrol noktasının merkezi tümör baskılayıcılarından biridir. Normalde hipofosforile RB, E2F’yi bağlayarak S fazına geçiş için gerekli genlerin transkripsiyonunu engeller. Siklin D-CDK4/6 aracılı fosforilasyon RB’yi inaktive eder ve E2F kontr... || RB proteini G1 kontrol noktasının merkezi tümör baskılayıcılarından biridir. Normalde hipofosforile RB, E2F’yi bağlayarak S fazına geçiş için gerekli genlerin transkripsiyonunu engeller. Siklin D-CDK4/6 aracılı fosforilasyon RB’yi inaktive eder ve E2F kontr..."
v401-pathology-knudson-iki-vurus-hipotezi,Knudson iki vuruş hipotezi,Knudson | iki vuruş | Knudson iki vuruş hipotezi,Tıbbi Patoloji,Moleküler tümör patolojisi,P0,Tümör baskılayıcı genlerde iki alelin de işlev kaybıyla tümör gelişimini açıklayan modeldir.,Retinoblastomda RB1 geninin iki alelinin kaybı gerekir. Kalıtsal olgularda ilk vuruş germline olduğu için ikinci vuruş daha erken ve bilateral tümörlere yol açabilir.,Kalıtsal retinoblastom = germline ilk vuruş + erken/bilateral hastalık.,Onkogenlerde tek aktive edici vuruş yeterli olabilir; tümör baskılayıcı genlerde iki vuruş mantığı kullanılır.,RB1 | Retinoblastom | Germline mutasyon,64,APC geninde iki vuruşlu inaktivasyon — yaygın osteom ve epidermoid kist birlikteliği || APC geninde iki vuruşlu inaktivasyon — yaygın osteom ve epidermoid kist birlikteliği
v401-pathology-germline-rb1-mutasyonu,Germline RB1 mutasyonu,germline RB1 | Germline RB1 mutasyonu,Tıbbi Patoloji,Moleküler tümör patolojisi,P1,RB1 genindeki kalıtsal ilk vuruştur.,Germline RB1 mutasyonu taşıyan çocuklarda tüm hücrelerde bir alel kayıptır. Retinada ikinci alelin kaybı erken yaşta ve sıklıkla bilateral retinoblastoma neden olabilir.,Bilateral/erken retinoblastomda germline RB1 mutasyonu düşün.,Sporadik olguda iki somatik vuruş gerekir; kalıtsal olguda ilk vuruş germline olarak hazırdır.,Retinoblastom | Knudson iki vuruş hipotezi | Bilateral,66,"Periorbital ödem ve bilateral pretibial gode bırakan ödem mevcuttur. || Bilateral rijidite vardır, sağ üst ekstremitede dişli çark fenomeni daha belirgindir."
