id,term,aliases,category,subcategory,priority,shortDefinition,postAnswerExplanation,tusPearl,differentialPoint,safeNestedTerms,occurrenceCount,sourceTextExamples,answerLeakRisk,ambiguityRisk
v404-pediatrics-kernikterus,Kernikterus,Kernikterus,Çocuk Sağlığı ve Hastalıkları,Neonatoloji / Bilirubin ensefalopatisi,P0,Ağır indirekt hiperbilirubineminin bazal gangliyonlar başta olmak üzere beyinde nörotoksik hasar yapmasıdır.,"Bilirubin albümine bağlı kapasiteyi aşınca beyne geçebilir; letarji, hipotoni/hipertoni, tiz ağlama ve nörolojik sekel riski ortaya çıkar. Bu nedenle erken tanı, fototerapi ve gerekirse kan değişimi hayatîdir.",Ağır indirekt bilirubin + nörolojik bulgu kernikterus açısından acildir.,Direkt bilirubin beyne geçme açısından aynı klasik kernikterus riskini taşımaz; indirekt form nörotoksiktir.,İndirekt hiperbilirubinemi; Fototerapi; Kan değişimi,14,"Doğru cevap A’dır. Yenidoğanda indirekt bilirubin yüksekliği karaciğer konjugasyon kapasitesinin sınırlı olması ve bilirubin üretiminin artmış olabilmesiyle ilişkilidir. Fototerapi bilirubini toksik olmayan ve suda daha çözünür fotoizomerlere dönüştürür; böylece bilirubinin konjugasyona gerek kalmadan atılması kolaylaşır. Fototerapi bilirubin üretimini artırmaz, UDP-glukuronil transferazı inhibe etmez ve bilirubini hemoglobine geri çevi || Yanlıştır. Albümine bağlı olmayan indirekt bilirubinin beyne geçmesi kernikterus riskini oluşturur. Fototerapi bu riski artırmak için değil azaltmak için uygulanır.",low,low
v404-pediatrics-biloz-kusma,Bilöz kusma,Bilöz kusma,Çocuk Sağlığı ve Hastalıkları,Neonatoloji / Cerrahi alarm,P0,Safra içeren yeşil kusmadır ve yenidoğanda intestinal obstrüksiyon/volvulus açısından acil kabul edilir.,Yenidoğanda bilöz kusma malrotasyon-volvulus gibi barsak kanlanmasını bozabilecek acilleri düşündürür. Stabilizasyon sonrası üst GIS kontrast çalışması ve cerrahi değerlendirme geciktirilmez.,Yenidoğanda bilöz kusma cerrahi acildir; pilor stenozu tipik olarak safrasızdır.,Safrasız projektil kusma pilor stenozuna gider; yeşil bilöz kusma distal obstrüksiyon alarmıdır.,Malrotasyon-volvulus; Üst GIS pasaj grafisi; Pilor stenozu,52,Dış genital yapıda klitoromegali ve posterior labial füzyon izlenir; batın distansiyonu veya bilöz kusma bulgusu yoktur. || Bilöz kusma ve batın hassasiyeti,low,low
v404-pediatrics-pnomatozis-intestinalis,Pnömatozis intestinalis,Pnömatozis intestinalis,Çocuk Sağlığı ve Hastalıkları,Neonatoloji / Görüntüleme,P0,Bağırsak duvarı içinde gaz görülmesidir ve nekrotizan enterokolit için klasik radyolojik bulgudur.,Mukozal hasar ve bakteriyel gaz üretimi bağırsak duvarında gaz birikimine yol açar. Prematüre bebekte bu bulgu klinik kötüleşmeyle birleştiğinde NEK yönetimini hızlandırır.,Prematüre bebekte pnömatozis intestinalis NEK için yüksek verimli ipucudur.,Normal intestinal gaz lümen içindedir; pnömatozis duvar içi gazdır.,Nekrotizan enterokolit; Portal ven gazı; Batın distansiyonu,9,"Prematüre bebekte beslenme intoleransı, karın distansiyonu ve pnömatozis intestinalis ne düşündürür? || Pnömatozis intestinalis.",low,low
v404-pediatrics-hipoksik-iskemik-ensefalopati,Hipoksik iskemik ensefalopati,Hipoksik iskemik ensefalopati; HİE; HIE,Çocuk Sağlığı ve Hastalıkları,Neonatoloji / Perinatal nöroloji,P0,Perinatal asfiksi sonrası beyin oksijenlenme ve perfüzyon bozukluğuna bağlı ensefalopati tablosudur.,"Metabolik asidoz, düşük Apgar, nöbet, hipotoni ve bilinç etkilenimi görülebilir. Orta-ağır olgularda ilk saatlerde terapötik hipotermi nörolojik sekel riskini azaltmak için kullanılır.",Term yenidoğanda perinatal asfiksi + ensefalopati terapötik hipotermi endikasyonunu düşündürür.,Basit doğum depresyonu hızlı toparlayabilir; HİE’de nörolojik bulgular ve asidoz belirgindir.,Terapötik hipotermi; Perinatal asfiksi; Metabolik asidoz,24,Hipoksik iskemik ensefalopati ve hipotermi || Uygun term veya near-term yenidoğanda perinatal asfiksi sonrası orta-ağır HİE saptanırsa nöroprotektif hipotermi zaman penceresi kaçırılmamalıdır.,low,low
v404-pediatrics-ilk-24-saatte-sarilik,İlk 24 saatte sarılık,İlk 24 saatte sarılık; ilk gün sarılığı,Çocuk Sağlığı ve Hastalıkları,Neonatoloji / Sarılık alarmı,P0,Yaşamın ilk günü ortaya çıkan sarılıktır ve genellikle patolojik kabul edilir.,"Bu zamanlama fizyolojik sarılıktan çok hemoliz, kan grubu uygunsuzluğu, enfeksiyon veya eritrosit enzim/membran kusurlarını düşündürür. Bu yüzden bilirubin düzeyi ve yükselme hızı acil değerlendirilir.",İlk 24 saatte sarılık = fizyolojik deme; hemoliz ve ağır hiperbilirubinemi riski düşün.,Fizyolojik sarılık genellikle 24 saatten sonra belirir; ilk gün sarılığı alarmdır.,ABO hemolitik hastalık; Rh izoimmünizasyonu; Direkt Coombs testi,2,"İlk 24 saatte sarılık çoğunlukla hemoliz, enfeksiyon veya başka patolojik neden düşündürür. || İlk 24 saatte sarılık çoğunlukla hemoliz, enfeksiyon veya başka patolojik neden düşündürür.",low,low
v404-pediatrics-agir-dehidratasyon,Ağır dehidratasyon,Ağır dehidratasyon,Çocuk Sağlığı ve Hastalıkları,Pediatrik acil / Sıvı kaybı,P0,"Dolaşım bozukluğu, letarji, belirgin kapiller dolum uzaması veya zayıf nabızla seyreden ciddi sıvı kaybıdır.",Çocukta rezerv sınırlı olduğu için hızlı hipovolemik şoka ilerleyebilir. Oral tedavi yerine izotonik IV sıvı bolusu önceliklidir.,Ağır dehidratasyon ve şokta ORS değil IV izotonik sıvı gerekir.,Hafif dehidratasyonda çocuk uyanık ve perfüzyon iyidir; ağır tabloda dolaşım etkilenir.,Kapiller dolum süresi; Oral rehidratasyon tedavisi; Hipovolemik şok,15,Kapiller dolum yaklaşık 2 saniyedir; ağır dehidratasyon görünümü yoktur. || Akut gastroenterit sonrası ağır dehidratasyon ve hipovolemik şok bulgularını pediatrik yaşa göre tanıyıp ilk resüsitasyon basamağını seçme.,low,low
v404-pediatrics-pediatrik-septik-sok,Pediatrik septik şok,Pediatrik septik şok,Çocuk Sağlığı ve Hastalıkları,Pediatrik acil / Şok,P0,Enfeksiyona bağlı dolaşım yetmezliği ve doku hipoperfüzyonu tablosudur.,"Çocuklarda hipotansiyon geç bulgu olabilir; taşikardi, kapiller dolum uzaması, soğuk/sıcak ekstremite, oligüri ve laktat yüksekliği erken uyarıdır. İlk saat sıvı, kültür, antibiyotik ve vazopressör kararlarını içerir.",Çocukta hipotansiyon beklemeden hipoperfüzyon bulgularıyla septik şok tedavisine başla.,Dehidratasyonda enfeksiyon odağı olmayabilir; septik şokta sistemik inflamasyon ve laktat/perfüzyon bozukluğu vardır.,Kapiller dolum süresi; Laktat yüksekliği; İlk saat antibiyotik,4,"Pediatrik septik şokta hipoperfüzyon, hipotansiyon, oligüri, laktat yüksekliği ve hipoglisemiyi birlikte değerlendirerek ilk saat resüsitasyonunu seçme. || Pediatrik septik şokta ilk saat; oksijen, IV/IO erişim, perfüzyona göre izotonik sıvı, hipoglisemi düzeltmesi ve erken geniş spektrumlu IV antibiyotikten oluşur; tanısal işlemler tedaviyi geciktirmemelidir.",low,low
v404-pediatrics-semptomatik-hipoglisemi,Semptomatik hipoglisemi,Semptomatik hipoglisemi,Çocuk Sağlığı ve Hastalıkları,Pediatrik endokrinoloji / Acil glukoz,P0,"Düşük glukozun nöbet, letarji, bilinç değişikliği veya adrenerjik bulgularla seyretmesidir.",Çocuklarda beyin glukoza bağımlı olduğu için semptomatik hipoglisemi hızlı düzeltilmelidir. Bilinci kapalı veya nöbet geçiren çocukta oral besleme yerine intravenöz dekstroz bolusu gerekir.,"Nöbet/letarji + düşük glukoz = IV dekstroz, antiepileptik bekleme.",Febril nöbette glukoz normal olabilir; hipoglisemide nöbet metabolik acildir.,IV dekstroz bolusu; Ketotik hipoglisemi; Hipoketotik hipoglisemi,22,"Açlık ve kusma sonrası nöbet/letarji gelişen çocukta kapiller glukoz düşüklüğünü semptomatik hipoglisemi olarak tanıyıp oral beslenme veya antiepileptik yerine hızlı intravenöz dekstroz bolusunu seçme. || Semptomatik hipoglisemide ilk tedavi basamağını nöbet kontrolü, bilinç durumu ve güvenli glukoz replasmanı üzerinden belirleyebilme.",low,low
v404-pediatrics-tuz-kaybettiren-adrenal-kriz,Tuz kaybettiren adrenal kriz,Tuz kaybettiren adrenal kriz,Çocuk Sağlığı ve Hastalıkları,Pediatrik endokrinoloji / Adrenal acil,P0,"Aldosteron ve kortizol eksikliğine bağlı hiponatremi, hiperkalemi, dehidratasyon ve şok tablosudur.","Yenidoğanda 21-hidroksilaz eksikliğinde kusma, kilo kaybı, hipoglisemi, hiponatremi, hiperkalemi ve kız bebekte virilizasyon görülebilir. Tedavide hidrokortizon, sıvı, glukoz ve elektrolit yönetimi acildir.",Yenidoğan + kusma/şok + hiponatremi/hiperkalemi = tuz kaybettiren KAH krizi düşün.,Pilor stenozu hipokloremik alkaloz yapar; adrenal kriz hiponatremi-hiperkalemiyle gider.,21-hidroksilaz eksikliği; Ambigus genitalya; Hidrokortizon,18,"Yenidoğanda kusma, dehidratasyon, hipoglisemi, hiponatremi, hiperkalemi ve virilizasyon paterninde tuz kaybettiren adrenal krizi tanıyıp ilk acil tedavi kombinasyonunu seçme. || Hiponatremi ve hiperkalemi birlikteliği yenidoğanda tuz kaybettiren adrenal kriz için yüksek değerli objektif patern oluşturur.",low,low
v404-pediatrics-bruton-agammaglobulinemisi,Bruton agammaglobulinemisi,Bruton agammaglobulinemisi; X bağlı agammaglobulinemi,Çocuk Sağlığı ve Hastalıkları,Pediatrik immünoloji / B hücre yetmezliği,P0,BTK mutasyonuna bağlı B hücre olgunlaşma kusuru ve çok düşük immünoglobulin düzeyleriyle seyreden X’e bağlı hastalıktır.,Maternal IgG azaldıktan sonra tekrarlayan pyojenik sinopulmoner enfeksiyonlar başlar. Lenfoid dokular küçük olabilir; tedavide immünoglobulin replasmanı kullanılır.,6. aydan sonra tekrarlayan pyojenik enfeksiyon + düşük Ig + erkek bebek Bruton düşündürür.,SCID’de T hücre kusuru ve fırsatçı enfeksiyonlar daha erken/ağırdır.,BTK mutasyonu; İmmünoglobulin replasmanı; Pyojenik enfeksiyon,6,Bruton agammaglobulinemisi || Bruton agammaglobulinemisi.,low,low
v404-pediatrics-lokosit-adezyon-defekti,Lökosit adezyon defekti,Lökosit adezyon defekti; LAD,Çocuk Sağlığı ve Hastalıkları,Pediatrik immünoloji / Fagosit kusuru,P0,Nötrofillerin damar dışına göç edememesiyle giden adezyon molekül kusurudur.,"Gecikmiş göbek kordonu düşmesi, irin oluşmaması, tekrarlayan bakteriyel enfeksiyonlar ve belirgin nötrofili tipiktir. Problem nötrofil sayısı değil, dokulara geçememesidir.",Gecikmiş umblikal kord düşmesi + irin yokluğu + nötrofili LAD düşündürür.,Kronik granülomatöz hastalıkta fagositler gelir ama oksidatif öldürme bozulur.,Nötrofili; Gecikmiş göbek kordonu düşmesi; İrin yokluğu,70,"Annesi, bebeğin son 10 gündür emzirme veya mama sonrası kusmaya başladığını, son iki günde ise kusmanın hemen her beslenmeden sonra fışkırır tarzda olduğunu anlatmaktadır. Kusma safralı ya da kanlı değildir ve bebek kusmadan kısa süre sonra yeniden emmek istemektedir. Aile son haftada ıslak bez sayısının azaldığını, tartı alımının beklenen düzeyde olmadığını ve beslenme aralarında huzursuzluk geliştiğini fark etmiştir. Ateş, ishal, beli || Yakınmalar aynı gün içinde hızla başlamış; aile önce ateş ve boğaz ağrısı olduğunu, birkaç saat içinde çocuğun su içmek istemediğini ve tükürüğünü yutamadığını belirtmiştir. Sesinin giderek boğuklaştığı, yatınca nefesinin zorlaştığı ve kucakta öne eğilerek durunca nispeten rahatladığı fark edilmiştir. Evde belirgin havlar tarzda öksürük veya uzun süren nezle yakınması olmamıştır. Aşı kayıtları sorgulandığında Hib dozlarının eksik olduğu",low,low
v404-pediatrics-digeorge-sendromu,DiGeorge sendromu,DiGeorge sendromu,Çocuk Sağlığı ve Hastalıkları,Pediatrik immünoloji / Faringeal poş anomalisi,P0,"22q11 delesyonuna bağlı timus ve paratiroid gelişim bozukluğu, konotrunkal kalp defekti ve hipokalsemiyle seyreden sendromdur.","Üçüncü-dördüncü faringeal poş gelişim kusuru T hücre immün yetmezliği ve hipokalsemiye yol açar. Yenidoğanda tetani/nöbet, konjenital kalp hastalığı ve enfeksiyon eğilimi birlikte sorulabilir.",Konotrunkal defekt + hipokalsemi + timus hipoplazisi DiGeorge’dur.,Bruton B hücre/antikor kusurudur; DiGeorge T hücre/timus gelişim kusurudur.,22q11 delesyonu; Timus hipoplazisi; Hipokalsemi,8,DiGeorge sendromu || DiGeorge sendromu.,low,low
v404-pediatrics-wiskott-aldrich-sendromu,Wiskott-Aldrich sendromu,Wiskott-Aldrich sendromu,Çocuk Sağlığı ve Hastalıkları,Pediatrik immünoloji / Kombine immün yetmezlik,P0,"Egzama, trombositopeni ve tekrarlayan enfeksiyon triadıyla giden X’e bağlı immün yetmezliktir.","WAS protein kusuru aktin iskelet düzenini ve immün sinapsı bozar. Küçük trombositler, kanama eğilimi ve enfeksiyon birlikteliği klasik TUS ipucudur.",Egzama + tekrarlayan enfeksiyon + küçük trombositli trombositopeni Wiskott-Aldrich’tir.,ITP’de trombositler genellikle büyük olabilir; Wiskott-Aldrich’te küçük trombosit ve immün yetmezlik vardır.,Küçük trombosit; Egzama; X bağlı kalıtım,15,"Ağır kombine immün yetmezliği X’e bağlı agammaglobulinemi, Wiskott-Aldrich sendromu, selektif IgA eksikliği ve kronik granülomatöz hastalıktan klinik ve immünolojik verilerle ayırt etme. || Wiskott-Aldrich sendromu",low,low
v404-pediatrics-agir-kombine-immun-yetmezlik,Ağır kombine immün yetmezlik,Ağır kombine immün yetmezlik; SCID,Çocuk Sağlığı ve Hastalıkları,Pediatrik immünoloji / Primer immün yetmezlik,P0,"T ve B hücre fonksiyonlarının ağır bozulduğu, erken bebeklikte hayatı tehdit eden immün yetmezliktir.","Ağır tekrarlayan enfeksiyonlar, kronik ishal, oral kandidiyazis, gelişme geriliği ve lenfopeni ile gelir. Canlı aşılar tehlikeli olabilir; kesin tedavi hematopoetik kök hücre nakli gibi yaklaşımlardır.",Erken bebeklik + kandidiyazis/kronik ishal + lenfopeni SCID düşündürür.,Bruton’da T hücre fonksiyonu korunur ve enfeksiyonlar maternal IgG kaybolduktan sonra belirginleşir.,Lenfopeni; Canlı aşı kontrendikasyonu; Kök hücre nakli,57,"Doğru eşleştirme BTK mutasyonu ile pre-B hücre maturasyon bloğudur. IL2RG ağır kombine immün yetmezlik, WAS küçük trombositli ekzema-immün yetmezlik tablosu, AIRE otoimmün poliendokrinopati, CYBB ise kronik granülomatöz hastalık ile ilişkilidir. X’e bağlı agammaglobulinemi Bruton tirozin kinaz (BTK) mutasyonuna bağlıdır; pre-B hücre maturasyonu durur, periferik olgun B hücreleri ve tüm immünoglobulin düzeyleri belirgin azalır. Doğru cev || Yanlıştır; IL2RG mutasyonu X’e bağlı SCID ile ilişkilidir, lökosit adezyon defekti ise CD18/integrin kusuru ile düşünülür.",low,low
v404-pediatrics-duktus-bagimli-konjenital-kalp-hastaligi,Duktus bağımlı konjenital kalp hastalığı,Duktus bağımlı konjenital kalp hastalığı,Çocuk Sağlığı ve Hastalıkları,Pediatrik kardiyoloji / Yenidoğan kardiyak acil,P0,Sistemik veya pulmoner kan akımının açık duktus arteriozusa bağlı olduğu doğumsal kalp hastalıklarıdır.,"Duktus kapanınca şok, siyanoz, metabolik asidoz veya nabız farkı gelişebilir. Prostaglandin E1 duktusu açık tutarak cerrahi/girişimsel düzeltmeye kadar zaman kazandırır.",Yenidoğanda dirençli siyanoz/şok + duktal bağımlı lezyon şüphesinde PGE1 ver.,Akciğer hastalığında oksijenle düzelme olabilir; duktal lezyonda hiperoksi yanıtı zayıf kalabilir.,Prostaglandin E1; Preduktal-postduktal satürasyon farkı; Hiperoksi testi,1,"Yenidoğanda oksijene dirençli santral siyanoz, düşük pre/postduktal satürasyon, hiperoksi yanıtının zayıf olması ve perfüzyon bozulmasını birlikte yorumlayarak duktus bağımlı konjenital kalp hastalığında acil duktal açıklık desteğini seçme.",low,low
v404-pediatrics-febril-nobet,Febril nöbet,Febril nöbet,Çocuk Sağlığı ve Hastalıkları,Pediatrik nöroloji / Ateşli nöbet,P0,"6 ay-5 yaş arasında ateşle ilişkili, MSS enfeksiyonu veya metabolik neden olmadan gelişen nöbettir.","Basit febril nöbet kısa, jeneralize ve 24 saatte tek nöbettir; kompleks febril nöbet uzamış, fokal veya tekrarlayıcıdır. Gereksiz lomber ponksiyon/antiepileptik tuzaklarına dikkat edilir.","Kısa, jeneralize, tek ateşli nöbet basit febril nöbettir.","Menenjitte ense sertliği, toksik görünüm ve BOS bulguları nöbetin ateşten bağımsız ciddi nedenini düşündürür.",Basit febril nöbet; Kompleks febril nöbet; Menenjit,66,"Ateşle ilişkili kısa nöbet başvurusunda basit febril nöbet, komplike nöbet, menenjit ve metabolik nedenleri ayırma. || Febril nöbette yaş, nöbet süresi, fokal bulgu, tekrarlama ve nörolojik normale dönüş kriterleriyle güvenli klinik sınıflama yapabilme.",low,low
v404-pediatrics-duchenne-muskuler-distrofi,Duchenne musküler distrofi,Duchenne musküler distrofi; DMD,Çocuk Sağlığı ve Hastalıkları,Pediatrik nöromüsküler / Kas hastalığı,P0,Distrofin eksikliğine bağlı X’e bağlı progresif kas hastalığıdır.,"Erkek çocukta proksimal güçsüzlük, Gowers bulgusu, baldır psödohipertrofisi ve CK yüksekliğiyle gelir. Kardiyomiyopati ve solunum kas etkilenimi uzun dönem izlemde önemlidir.",Erkek çocuk + Gowers + baldır psödohipertrofisi Duchenne düşündürür.,Becker daha geç ve hafif seyreder; Duchenne distrofin yokluğu/ağır eksikliğiyle daha ağırdır.,Distrofin; Gowers bulgusu; Baldır psödohipertrofisi,33,"Erken çocuklukta progresif proksimal kas güçsüzlüğünü, Gowers bulgusu ve CK yüksekliğiyle birlikte değerlendirerek Duchenne musküler distrofisini ayırt etme. || Duchenne musküler distrofisinde yaş, cinsiyet, motor gecikme, baldır psödohipertrofisi, Gowers manevrası ve çok yüksek CK paternini benzer nöromüsküler hastalıklardan ayırabilme.",low,low
v404-pediatrics-spinal-muskuler-atrofi-tip-1,Spinal musküler atrofi tip 1,Spinal musküler atrofi tip 1; Werdnig-Hoffmann hastalığı; SMA tip 1,Çocuk Sağlığı ve Hastalıkları,Pediatrik nöromüsküler / Motor nöron hastalığı,P0,SMN1 gen kusuruna bağlı erken bebeklikte ağır hipotoni ve güçsüzlük yapan alt motor nöron hastalığıdır.,"Dil fasikülasyonu, arefleksi, kurbağa bacağı pozisyonu ve solunum/emme güçlüğü görülebilir. Duyusal fonksiyon ve biliş genellikle korunur.",Hipotonik bebek + dil fasikülasyonu + arefleksi SMA tip 1 düşündürür.,Duchenne daha geç çocuklukta yürüyen çocukta proksimal güçsüzlükle; SMA tip 1 erken bebeklikte hipotonik tabloyla gelir.,SMN1; Dil fasikülasyonu; Arefleksi,14,Werdnig-Hoffmann hastalığı || Werdnig-Hoffmann hastalığı.,low,low
v404-pediatrics-retinoblastom,Retinoblastom,Retinoblastom,Çocuk Sağlığı ve Hastalıkları,Pediatrik onkoloji / Göz tümörü,P0,Retinal hücrelerden gelişen çocukluk çağı malign göz tümörüdür.,"Lökokori, şaşılık ve asimetrik kırmızı refle ile saptanabilir. RB1 tümör baskılayıcı geninin iki vuruş kaybı klasik patogenezdir; bilateral/multifokal olgular germline riski düşündürür.",Fotoğrafta beyaz pupilla retinoblastom açısından acil değerlendirilmelidir.,Konjenital katarakt da lökokori yapabilir; retinoblastom malignite riski nedeniyle dışlanmalıdır.,Lökokori; RB1; Kırmızı refle,25,"Süt çocuğunda fotoğrafta beyaz pupilla, asimetrik kırmızı refle ve şaşılık paterninden retinoblastomu diğer lökokori nedenlerinden ayırt etme. || Lökokori ile başvuran çocukta retinoblastomu konjenital katarakt, persistan fetal vaskülarite, Coats hastalığı ve oküler toksokariazisten klinik ve görüntüleme bulgularıyla ayırt etme.",low,low
v404-pediatrics-pediatrik-astim-atagi,Pediatrik astım atağı,Pediatrik astım atağı; çocukta astım atağı,Çocuk Sağlığı ve Hastalıkları,Pediatrik pulmonoloji / Acil,P0,"Çocukta bronş hiperreaktivitesi ve hava yolu inflamasyonuna bağlı akut hışıltı, dispne ve solunum işi artışı tablosudur.","Ağır atakta konuşamama, yardımcı kas kullanımı, hipoksemi, sessiz akciğer ve PaCO2 normalleşmesi kötüleşme işaretidir. İlk tedavi oksijen, inhale kısa etkili beta agonist, ipratropium ve sistemik steroid kombinasyonudur.",Ağır astımda sessiz akciğer ve yükselen PaCO2 tükenme işaretidir.,Bronşiolit çoğu kez ilk viral hışıltı atağıdır; astımda tekrarlayan atak ve bronkodilatör yanıt daha belirgindir.,Status asthmaticus; Sessiz akciğer; Kısa etkili beta agonist,5,"Ağır pediatrik astım atağında hipoksemi, konuşma güçlüğü, yardımcı kas kullanımı ve obstrüksiyon bulgularını birlikte değerlendirerek başlangıç acil tedavi kombinasyonunu seçme. || Ağır pediatrik astım atağında tedavi klinik ciddiyete göre gecikmeden başlar; görüntüleme veya antibiyotik kararı bronkodilatör ve steroid başlangıcını ertelemez.",low,low
v404-pediatrics-sessiz-akciger,Sessiz akciğer,Sessiz akciğer,Çocuk Sağlığı ve Hastalıkları,Pediatrik pulmonoloji / Ağır obstrüksiyon,P0,Ağır hava yolu obstrüksiyonunda wheezing sesinin azalması veya kaybolmasıdır.,"Hava akımı çok azaldığında hışıltı duyulmayabilir; bu düzelme değil, solunum yetersizliği uyarısıdır. Ağır astım atağında hipoksemi/hiperkapniyle birlikte acil tedavi ve yakın izlem gerektirir.","Astımda wheezing kaybolması iyiye gidiş değil, hava akımının kritik azalması olabilir.",Hafif astımda belirgin wheezing duyulur; ağır tıkanmada ses azalabilir.,Status asthmaticus; Pediatrik astım atağı; Hiperkapni,1,Bilinç açık fakat anksiyetelidir; sessiz akciğer veya tükenme bulgusu gelişimi açısından yakın izlem gerekir.,low,low
v404-pediatrics-inspiratuvar-stridor,İnspiratuvar stridor,İnspiratuvar stridor,Çocuk Sağlığı ve Hastalıkları,Pediatrik pulmonoloji / Üst hava yolu bulgusu,P0,"İnspirasyon sırasında üst hava yolu darlığına bağlı duyulan kaba, tiz solunum sesidir.","Ekstratorasik hava yolu daralması inspirasyonda daha belirginleşir. Krup, epiglottit, laringomalazi, yabancı cisim ve subglottik stenoz gibi nedenlerde tanısal yönlendiricidir.",Stridor üst hava yolu obstrüksiyonunu gösterir; wheezing alt hava yolu obstrüksiyonudur.,Hışıltı genellikle ekspiratuvar ve bronşiyal daralmaya bağlıdır; stridor larenks/trakea düzeyini düşündürür.,Krup; Epiglottit; Laringomalazi,66,"Yüksek ateşle birlikte yutamama, salya akışı, boğuk ses ve istirahatte inspiratuvar stridor vardır. || İstirahatte inspiratuvar stridor duyulur; ajitasyonu artırmamak için dil basacağı ile orofarenks muayenesi yapılmamıştır.",low,low
v404-pediatrics-demir-toksisitesi,Demir toksisitesi,Demir toksisitesi,Çocuk Sağlığı ve Hastalıkları,Pediatrik toksikoloji / Zehirlenme,P0,"Aşırı demir alımına bağlı gastrointestinal irritasyon, şok, metabolik asidoz ve çoklu organ hasarı yapabilen zehirlenmedir.","Çocukta tekrarlayan kusma, kanlı ishal, letarji, anyon açıklıklı metabolik asidoz ve yüksek serum demiri ciddi zehirlenmeyi düşündürür. Spesifik antidot deferoksamindir.",Demir toksisitesinde ciddi asidoz/şok varsa deferoksamin düşünülür.,Basit gastroenteritte toksik doz öyküsü ve yüksek serum demiri yoktur.,Deferoksamin; Anyon açıklıklı metabolik asidoz; Serum demiri,41,"Ağır demir toksisitesinde tekrarlayan kusma, letarji, şok bulguları, anyon açıklıklı metabolik asidoz ve yüksek serum demirini değerlendirerek spesifik antidotu seçme. || Bu çocukta demir tabletine erişim öyküsü, alımdan birkaç saat sonra tekrarlayan kusma, letarji, hipotansiyon, uzamış kapiller dolum, anyon açıklıklı metabolik asidoz, radyopak tablet yükü ve serum demirinin 620 µg/dL olması ağır demir toksisitesini gösterir. Aktif kömür demiri etkili bağlamaz; diğer antidotlar farklı toksidromlara aittir. Sistemik toksisite ve yüksek serum demiri varlığında özgül tedavi IV deferoksamin ile şelasyondur; ",low,low
v404-pediatrics-hava-bronkogrami,Hava bronkogramı,Hava bronkogramı,Çocuk Sağlığı ve Hastalıkları,Neonatoloji / Akciğer grafisi,P1,Alveoller opaklaştığında hava dolu bronşların grafide belirginleşmesidir.,RDS gibi alveoler hastalıklarda çevre alveol kollabe/opak olduğu için bronş içindeki hava kontrast oluşturur. Klinik bağlama göre pnömoni veya atelektaziyle de ilişkilendirilebilir.,RDS’de retikülogranüler görünümle birlikte hava bronkogramı tanıyı destekler.,Tek başına spesifik değildir; klinik ve diğer grafi bulgularıyla yorumlanır.,Respiratuvar distres sendromu; Retikülogranüler görünüm; Atelektazi,7,Hava bronkogramı || Hava bronkogramı,low,low
v404-pediatrics-retikulogranuler-gorunum,Retikülogranüler görünüm,Retikülogranüler görünüm,Çocuk Sağlığı ve Hastalıkları,Neonatoloji / Akciğer grafisi,P1,Neonatal RDS’de yaygın ince granüler opasiteler ve düşük akciğer hacmi paternidir.,Alveoler kollaps ve diffüz atelektazi grafide bu görünümü oluşturur. Prematüre bebekte erken solunum sıkıntısıyla birlikte surfaktan eksikliğini destekler.,Prematüre RDS’de grafide retikülogranüler görünüm ve hava bronkogramları beklenir.,TTN’de hiperinflasyon ve fissürlerde sıvı daha tipiktir; RDS’de düşük hacim ve granüler görünüm ön plandadır.,Respiratuvar distres sendromu; Surfaktan; Hava bronkogramı,3,"29 haftalık prematüre yenidoğanda antenatal steroid kürünün tamamlanmamış olması, doğumdan dakikalar sonra başlayan takipne, inleme, retraksiyon ve oksijen ihtiyacı neonatal respiratuvar distres sendromunu düşündürür. Düşük akciğer hacmi, retikülogranüler görünüm ve hava bronkogramları surfaktan eksikliğine bağlı alveoler kollaps paternini destekler; temel mekanizma tip II pnömosit immatüritesine bağlı yetersiz surfaktan üretimidir. || 29 haftalık prematüre yenidoğanda antenatal steroid kürünün tamamlanmamış olması, doğumdan dakikalar sonra başlayan takipne, inleme, retraksiyon ve oksijen ihtiyacı neonatal respiratuvar distres sendromunu düşündürür. Düşük akciğer hacmi, retikülogranüler görünüm ve hava bronkogramları surfaktan eksikliğine bağlı alveoler kollaps paternini destekler; temel mekanizma tip II pnömosit immatüritesine bağlı yetersiz surfaktan üretimidir.",low,low
v404-pediatrics-kasai-portoenterostomi,Kasai portoenterostomi,Kasai portoenterostomi,Çocuk Sağlığı ve Hastalıkları,Neonatoloji / Cerrahi tedavi,P1,Biliyer atrezide safra drenajını sağlamak için yapılan portoenterostomi ameliyatıdır.,Erken dönemde uygulanması karaciğer hasarını azaltabilir ve transplantasyon ihtiyacını geciktirebilir. Pediatri sorusunda biliyer atrezi tanısının gecikmemesinin nedeni bu zaman duyarlı cerrahidir.,Biliyer atrezide tanı gecikirse Kasai başarısı azalır.,Fototerapi indirekt sarılığın tedavisidir; biliyer atrezi cerrahi kolestaz sorunudur.,Biliyer atrezi; Akolik dışkı; Direkt hiperbilirubinemi,3,Biliyer atrezide ekstrahepatik safra yollarının tıkanıklığı konjuge bilirubin artışı ve safra pigmentinin bağırsağa ulaşamamasıyla akolik dışkı yapar. Erken tanı önemlidir çünkü Kasai portoenterostomisi geciktikçe başarı azalır. Bu nedenle uzamış sarılıkta direkt bilirubin ölçümü zorunlu klinik basamaktır. || Kasai portoenterostomisinin başarısı erken dönemde daha yüksektir; gecikme ilerleyici fibrozis ve sirozu artırır.,low,low
v404-pediatrics-erken-baslangicli-yenidogan-sepsisi,Erken başlangıçlı yenidoğan sepsisi,Erken başlangıçlı yenidoğan sepsisi; erken neonatal sepsis,Çocuk Sağlığı ve Hastalıkları,Neonatoloji / Enfeksiyon,P1,İlk 72 saatte ortaya çıkan ve çoğunlukla maternal-genital yol kaynaklı yenidoğan sepsisidir.,"Grup B streptokok ve E. coli klasik etkenlerdir. Prematürite, uzamış membran rüptürü, maternal ateş ve koryoamniyonit risk artırır; klinik silik olabileceği için karar vital bulgu ve beslenme/perfüzyon üzerinden verilir.",İlk 72 saat sepsisinde maternal riskler ve GBS/E. coli düşünülür.,Geç başlangıçlı sepsis daha çok hastane/kateter veya çevresel temaslarla ilişkilidir.,Grup B streptokok; Koryoamniyonit; Ampirik antibiyotik,7,"Erken neonatal sepsise bağlı primer inflamatuvar alveolit || Erken neonatal sepsis solunum sıkıntısı yapabilir; ancak belirgin maternal enfeksiyon öyküsü, yüksek CRP veya sola kayma yoktur. Baskın tablo prematürite ve surfaktan eksikliğiyle açıklanır.",low,low
v404-pediatrics-akolik-diski,Akolik dışkı,Akolik dışkı,Çocuk Sağlığı ve Hastalıkları,Neonatoloji / Kolestaz bulgusu,P1,Safranın barsağa ulaşamaması nedeniyle dışkının açık/kil renginde olmasıdır.,Yenidoğanda akolik dışkı biliyer atrezi gibi kolestatik hastalıklar için güçlü alarmdır. Bu bulgu indirekt sarılıktan farklı olarak hepatobiliyer akımın bozulduğunu düşündürür.,Akolik dışkı yenidoğan sarılığında biliyer atrezi alarmıdır.,Normal sarı dışkı anne sütü sarılığıyla uyumlu olabilir; akolik dışkı obstrüktif/kolestatik süreci düşündürür.,Biliyer atrezi; Direkt hiperbilirubinemi; Kasai portoenterostomi,38,"Uzamış yenidoğan sarılığında akolik dışkı, koyu idrar ve direkt hiperbilirubinemi ile biliyer atreziyi tanıma. || Bu seçenek en uygundur; çünkü uzamış sarılık ile birlikte açık/akolik dışkı, koyu idrar, hepatomegali, direkt bilirubin yüksekliği ve yüksek GGT ekstrahepatik safra akımının bozulduğunu gösterir. Bu yaşta zamanında tanınması cerrahi değerlendirme açısından kritiktir.",low,low
v404-pediatrics-yenidogan-taramasi,Yenidoğan taraması,Yenidoğan taraması; neonatal tarama,Çocuk Sağlığı ve Hastalıkları,Pediatri / Koruyucu hekimlik,P1,Doğum sonrası belirli hastalıkları semptom gelişmeden yakalamayı amaçlayan tarama programıdır.,"Konjenital hipotiroidi ve fenilketonüri gibi tedavi edilebilir hastalıklar erken saptanırsa ağır nörogelişimsel sonuçlar önlenebilir. Tarama pozitifliği tanı değil, doğrulayıcı test gerektiren alarmdır.",Tarama testi pozitifse doğrulama yapılır; amaç geri dönüşsüz hasar olmadan tedavidir.,Tanısal test hastalığı kesinleştirir; tarama riskli bebekleri ayıklar.,Topuk kanı; Konjenital hipotiroidi; Fenilketonüri,65,Yenidoğan taramasında tiroid bozukluğu || Yenidoğan taramasında tiroid bozukluğu saptanan bebekte klinik bulguların TSH ve serbest T4 paterniyle birlikte yorumlanması.,low,low
v404-pediatrics-solunum-isi-artisi,Solunum işi artışı,Solunum işi artışı,Çocuk Sağlığı ve Hastalıkları,Pediatrik acil / Fizik muayene,P1,Çocuğun nefes almak için normalden fazla kas gücü kullanmasıdır.,"Taşipne, burun kanadı solunumu, retraksiyon, inleme ve yardımcı kas kullanımıyla anlaşılır. Pediatride vital bulgular kadar gözleme dayalı bu bulgular da solunum yetmezliği riskini belirler.",Retraksiyon ve burun kanadı solunumu çocukta solunum işinin arttığını gösterir.,Sadece hızlı solunum anksiyeteyle olabilir; retraksiyon/hipoksemi eklenirse organik solunum sıkıntısı güçlenir.,Retraksiyon; Burun kanadı solunumu; Hipoksemi,16,"Krupta istirahatte stridor, solunum işi artışı ve oksijen satürasyonunu birlikte değerlendirerek görüntüleme beklemeden acil tedavi basamağını seçme. || 1.37 - solunum işi artışıyla birlikte izlenmeli",low,low
v404-pediatrics-yardimci-kas-kullanimi,Yardımcı kas kullanımı,Yardımcı kas kullanımı,Çocuk Sağlığı ve Hastalıkları,Pediatrik acil / Fizik muayene,P1,"Solunumda boyun, interkostal veya abdominal kasların belirgin kullanılmasıdır.","Çocuklarda solunum rezervi sınırlı olduğu için yardımcı kas kullanımı solunum işinin arttığını ve yorulma riskini gösterir. Astım, bronşiolit, pnömoni ve üst hava yolu obstrüksiyonunda değerlendirilir.",Yardımcı kas kullanımı pediatrik solunum sıkıntısının klinik şiddet göstergesidir.,Sadece öksürük hafif olabilir; yardımcı kas kullanımı gerçek solunum yükünü gösterir.,Solunum işi artışı; Retraksiyon; Hipoksemi,12,"Ağır pediatrik astım atağında hipoksemi, konuşma güçlüğü, yardımcı kas kullanımı ve obstrüksiyon bulgularını birlikte değerlendirerek başlangıç acil tedavi kombinasyonunu seçme. || Hipoksemi, konuşma güçlüğü, yardımcı kas kullanımı ve yaygın hışıltı vardır.",low,low
v404-pediatrics-iv-dekstroz-bolusu,IV dekstroz bolusu,IV dekstroz bolusu,Çocuk Sağlığı ve Hastalıkları,Pediatrik acil / Hipoglisemi tedavisi,P1,Semptomatik hipoglisemide intravenöz glukozun hızlı verilmesidir.,Amaç nöroglikopeniyi hızla düzeltmek ve nöbet/bilinç bozukluğunu sonlandırmaktır. Bilinci açık çocukta oral karbonhidrat düşünülebilir; bilinç bozukluğu varsa aspirasyon riski nedeniyle IV yol tercih edilir.,Semptomatik hipoglisemide ilk düzeltme hızlı glukoz replasmanıdır.,Antiepileptik nöbeti baskılayabilir ama altta yatan hipoglisemiyi düzeltmez.,Semptomatik hipoglisemi; Nöroglikopeni; Hipoglisemi,2,Damar yolu mevcutsa IV dekstroz bolusu uygulanır. || Damar yolu mevcutsa IV dekstroz bolusu uygulanır.,low,low
v404-pediatrics-deksametazon,Deksametazon,Deksametazon,Çocuk Sağlığı ve Hastalıkları,Pediatrik acil / Krup tedavisi,P1,Krupta hava yolu inflamasyonunu azaltmak için kullanılan sistemik kortikosteroiddir.,Tek doz bile subglottik ödemi ve tekrar başvuru riskini azaltabilir. Krup şiddetinden bağımsız olarak sık kullanılan temel tedavidir.,Krupta steroid temel tedavidir; ağır/istirahat stridorunda nebülize adrenalin eklenir.,Antibiyotik viral krup tedavisinin rutini değildir; epiglottitte antibiyotik-hava yolu güvenliği gerekir.,Krup; Nebülize adrenalin; Subglottik ödem,42,"Nebülize adrenalin ve deksametazon verip serviste yanıt beklemek || Nebülize adrenalin ve deksametazon krup yönetiminde kullanılabilir; ancak bu olguda havlar tarzda öksürükten çok salya akışı, yutamama, tripod eğilimi ve toksik görünüm ön plandadır. Serviste yanıt beklemek üst hava yolu kapanması riskini artırır.",low,low
v404-pediatrics-kapiller-dolum-suresi,Kapiller dolum süresi,Kapiller dolum süresi,Çocuk Sağlığı ve Hastalıkları,Pediatrik acil / Perfüzyon bulgusu,P1,Cilde bası sonrası rengin geri dönme süresidir ve periferik perfüzyonu değerlendirir.,"Uzaması şok, dehidratasyon veya soğuk çevreyle ilişkili olabilir. Pediatride kan basıncı geç bozulduğu için kapiller dolum erken dolaşım ipucu sağlar.",Kapiller dolum uzaması çocukta hipoperfüzyon uyarısıdır.,"Tek başına tanı koydurmaz; nabız, bilinç, idrar ve ekstremite ısısıyla birlikte yorumlanır.",Pediatrik septik şok; Dehidratasyon; Şok indeksi,7,"Ekstremiteler soğuk, periferik nabızlar zayıf ve kapiller dolum süresi 5 saniyedir. || Bebekte dil ve dudaklarda belirgin santral siyanoz vardır; periferik soğukluk ve kapiller dolum süresi yaklaşık 4 saniyedir.",low,low
v404-pediatrics-nebulize-adrenalin,Nebülize adrenalin,Nebülize adrenalin,Çocuk Sağlığı ve Hastalıkları,Pediatrik acil / Üst hava yolu tedavisi,P1,Krupta üst hava yolu ödemini geçici olarak azaltan inhalasyon tedavisidir.,Alfa adrenerjik vazokonstriksiyon subglottik mukozal ödemi azaltır. Etkisi hızlı ama geçici olduğu için ağır olguda gözlem ve steroid tedavisiyle birlikte düşünülür.,Krupta istirahat stridoru varsa deksametazona nebülize adrenalin eklenir.,Beta agonistler alt hava yolu bronkospazmında; nebülize adrenalin krup üst hava yolu ödeminde öne çıkar.,Krup; İnspiratuvar stridor; Deksametazon,43,"Nebülize adrenalin ve deksametazon verip serviste yanıt beklemek || Nebülize adrenalin ve deksametazon krup yönetiminde kullanılabilir; ancak bu olguda havlar tarzda öksürükten çok salya akışı, yutamama, tripod eğilimi ve toksik görünüm ön plandadır. Serviste yanıt beklemek üst hava yolu kapanması riskini artırır.",low,low
v404-pediatrics-enema-reduksiyonu,Enema redüksiyonu,Enema redüksiyonu; pnömatik redüksiyon; hidrostatik redüksiyon,Çocuk Sağlığı ve Hastalıkları,Pediatrik cerrahi / Tedavi,P1,İnvajinasyonda hava veya kontrast lavmanla bağırsak segmentinin açılmasıdır.,"Peritonit veya perforasyon bulgusu yoksa tanı ve tedavi amacıyla kullanılabilir. Başarısızlık, perforasyon veya klinik instabilite cerrahi gerektirir.",İnvajinasyonda perforasyon yoksa pnömatik/hidrostatik enema redüksiyonu tedavi edici olabilir.,Volvulusta iskemi riski nedeniyle acil cerrahi değerlendirme önceliklidir.,İnvajinasyon; Target sign; Peritonit,13,İnvajinasyonda klasik kolik ağrı-dışkı-muayene-USG paternini tanıyıp perforasyon yoksa enema redüksiyonunu seçme. || İnvajinasyonda stabil hastada pnömatik/hidrostatik enema redüksiyonunun cerrahiden önceki tedavi olduğunu açıklayabilme.,low,low
v404-pediatrics-piloromiyotomi,Piloromiyotomi,Piloromiyotomi,Çocuk Sağlığı ve Hastalıkları,Pediatrik cerrahi / Tedavi,P1,Hipertrofik pilor stenozunda hipertrofik pilor kasının kesilmesi işlemidir.,Cerrahi tedavi kalıcı çözüm sağlar ancak öncesinde hipovolemi ve hipokloremik alkaloz düzeltilmelidir. Soru tuzağı doğrudan ameliyata gitmek değil önce stabilizasyonu seçmektir.,"Pilor stenozunda önce sıvı-elektrolit düzelt, sonra piloromiyotomi.",Volvulus acil cerrahidir; pilor stenozunda elektrolit stabilizasyonu ameliyat öncesi şarttır.,Pilor stenozu; Hipokloremik metabolik alkaloz; Sıvı resüsitasyonu,33,Ramstedt piloromiyotomi || Ramstedt piloromiyotomi,low,low
v404-pediatrics-kemik-yasi-ileriligi,Kemik yaşı ileriliği,Kemik yaşı ileriliği,Çocuk Sağlığı ve Hastalıkları,Pediatrik endokrinoloji / Büyüme-puberte,P1,Kemik maturasyonunun kronolojik yaştan ileri olmasıdır.,Erken seks steroid maruziyeti büyüme plaklarını hızlandırır; çocuk başlangıçta uzun görünebilir ama final boyu azalabilir. Puberte prekoks değerlendirmesinde kritik veridir.,Erken puberte + kemik yaşı ileriliği final boy kaybı riskini gösterir.,Konstitüsyonel gecikmede kemik yaşı geri olabilir; puberte prekoksunda genellikle ileridir.,Santral puberte prekoks; Büyüme hızı; GnRH stimülasyon testi,9,Prematür telarş izole ve genellikle ilerleyici değildir; kemik yaşı ileriliği ve pubertal LH yanıtı varsa santral puberte prekoks düşünülür. || Prematür telarş izole ve genellikle ilerleyici değildir; kemik yaşı ileriliği ve pubertal LH yanıtı varsa santral puberte prekoks düşünülür.,low,low
v404-pediatrics-ambigus-genitalya,Ambigus genitalya,Ambigus genitalya,Çocuk Sağlığı ve Hastalıkları,Pediatrik endokrinoloji / Cinsel gelişim,P1,Dış genital yapının tipik kız/erkek görünümüne net uymamasıdır.,"Yenidoğanda özellikle tuz kaybettiren konjenital adrenal hiperplaziyle birlikte kusma ve şok varsa acil endokrin değerlendirme gerekir. Genital muayene tanı değil, metabolik kriz riskini fark ettiren ipucudur.",Ambigus genitalya + tuz kaybı 21-hidroksilaz eksikliğini düşündürür.,İzole hipospadias farklıdır; ambigus genitalyada cinsel gelişim bozukluğu ve adrenal kriz araştırılır.,Tuz kaybettiren adrenal kriz; 21-hidroksilaz eksikliği; Virilizasyon,10,"Doğru cevap A’dır. 21-hidroksilaz, kortizol ve aldosteron sentez yollarında gereklidir. Enzim eksikliğinde kortizol üretimi azalır ve hipofizden ACTH salınımı artar; bu da adrenal hiperplaziye ve steroid prekürsörlerinin androjen sentezine yönelmesine neden olur. Bu nedenle virilizasyon, erken pubarş veya kız bebekte ambigus genitalya gibi bulgular gelişebilir. Ağır klasik formlarda aldosteron eksikliği tuz kaybı, hiponatremi, hiperkale || Doğru cevap A’dır. 21-hidroksilaz, kortizol ve aldosteron sentez yollarında gereklidir. Enzim eksikliğinde kortizol üretimi azalır ve hipofizden ACTH salınımı artar; bu da adrenal hiperplaziye ve steroid prekürsörlerinin androjen sentezine yönelmesine neden olur. Bu nedenle virilizasyon, erken pubarş veya kız bebekte ambigus genitalya gibi bulgular gelişebilir. Ağır klasik formlarda aldosteron eksikliği tuz kaybı, hiponatremi, hiperkale",low,low
v404-pediatrics-makroglossi,Makroglossi,Makroglossi,Çocuk Sağlığı ve Hastalıkları,Pediatrik endokrinoloji / Fizik muayene,P1,Dilin beklenenden büyük görünmesidir.,"Konjenital hipotiroidi, Down sendromu ve depo hastalıklarında görülebilir. Yenidoğanda uzamış sarılık, kabızlık ve hipotoniyle birlikte hipotiroidi ipucu olabilir.",Makroglossi + uzamış sarılık + kabızlık konjenital hipotiroidiyi düşündürür.,İzole büyük dil normal varyant olabilir; sistemik bulgular eşlik ederse anlam kazanır.,Konjenital hipotiroidi; Down sendromu; Hipotoni,37,"Bebekte hafif makroglossi, geniş ön fontanel, hafif hipotoni ve uzamış sarılık görünümü vardır. || Bu bebekte tarama sonrası doğrulanan yüksek TSH ve düşük serbest T4 paterni, uykuya eğilim, yavaş emme, kabızlık, makroglossi ve uzamış sarılıkla birlikte konjenital hipotiroidiyi destekler. Tanı gecikirse nörogelişimsel hasar riski arttığı için hormonal patern tanındığında tedavi planı hızla yapılmalıdır.",low,low
v404-pediatrics-antipseudomonal-antibiyotik,Antipseudomonal antibiyotik,Antipseudomonal antibiyotik,Çocuk Sağlığı ve Hastalıkları,Pediatrik enfeksiyon / Febril nötropeni tedavisi,P1,Pseudomonas aeruginosa dahil gram negatifleri kapsayan antibiyotik yaklaşımıdır.,Febril nötropenide erken ölüm riski gram negatif sepsisle ilişkili olduğundan ilk saat içinde antipseudomonal beta-laktam başlanır. Klinik instabilite ve direnç riski tedavi genişliğini belirler.,Febril nötropenide ilk ampirik tedavi Pseudomonas kapsamalıdır.,Basit ÜSYE’de dar tedavi yeterli olabilir; nötropenide geniş gram negatif kapsama gerekir.,Febril nötropeni; Pseudomonas aeruginosa; Kan kültürü,1,"Yanlıştır; viral tedavi belirli klinik/laboratuvar kanıt varsa eklenebilir, fakat febril nötropenide ilk ampirik omurga antipseudomonal antibiyotiktir. Bu vakada HSV/varisella bulgusu yoktur.",low,low
v404-pediatrics-rsv,RSV,RSV; respiratuvar sinsityal virüs,Çocuk Sağlığı ve Hastalıkları,Pediatrik enfeksiyon / Solunum virüsü,P1,"Respiratuvar sinsityal virüs, süt çocuklarında bronşiolitin en önemli viral etkenlerinden biridir.","Küçük hava yollarında inflamasyon, mukus ve ödem oluşturarak hışıltı, taşipne ve beslenme güçlüğüne neden olur. Prematüre ve kardiyopulmoner hastalığı olan bebeklerde ağır seyir riski artar.",Bronşiolit sorusunda RSV en klasik etkenlerden biridir; yönetim çoğu kez destekleyicidir.,Influenza daha sistemik ateş-myalgilerle; RSV bronşiolit bebekte hışıltı/taşipneyle öne çıkar.,Bronşiolit; Prematürite; Oksijen desteği,26,"RSV pozitifliği klinik bronşiolit paternini destekler; başlangıç yönetimi test sonucundan çok oksijenlenme, solunum işi ve hidrasyon durumuna göre belirlenir. || RSV pozitifliği klinik bronşiolit paternini destekler; başlangıç yönetimi test sonucundan çok oksijenlenme, solunum işi ve hidrasyon durumuna göre belirlenir.",low,low
v404-pediatrics-currant-jelly-diski,Currant jelly dışkı,Currant jelly dışkı,Çocuk Sağlığı ve Hastalıkları,Pediatrik gastroenteroloji / Dışkı bulgusu,P1,"Mukus ve kan içeren, kırmızı jöle görünümünde dışkı tarifidir.",İnvajinasyonda venöz konjesyon ve mukozal iskemi sonucu gelişir; genellikle geç bulgudur. Varlığı tanıyı destekler ancak yokluğu invajinasyonu dışlamaz.,Currant jelly dışkı invajinasyonun klasik ama geç bulgusudur.,Basit dizanteride enfeksiyöz ateş-ishal baskın olabilir; invajinasyonda kolik ağrı ve ataklar öne çıkar.,İnvajinasyon; Target sign; Kolik karın ağrısı,2,Aralıklı kolik ağrı ve currant jelly dışkı hangi pediatrik acili düşündürür? || Aralıklı kolik ağrı + currant jelly dışkı + süt çocuğu kombinasyonu invajinasyon için klasik sınav paternidir.,low,low
v404-pediatrics-mekonyum-ileusu,Mekonyum ileusu,Mekonyum ileusu,Çocuk Sağlığı ve Hastalıkları,Pediatrik gastroenteroloji / Kistik fibrozis,P1,Yenidoğanda koyu yapışkan mekonyumun ileumda tıkanıklık oluşturmasıdır.,"Kistik fibrozisin erken bulgusu olabilir; mekonyum çıkaramama, batın distansiyonu ve kusma ile gelir. Bu bulgu CFTR ilişkili ekzokrin salgı koyulaşmasını klinik olarak gösterir.",Yenidoğanda mekonyum ileusu varsa kistik fibrozis düşün.,Hirschsprung’da ganglion hücresi yokluğu ve geç mekonyum; mekonyum ileusunda yapışkan sekresyon tıkanıklığı vardır.,Kistik fibrozis; CFTR; Pankreatik yetmezlik,22,"Çölyak hastalığı kronik ishal, karın şişliği ve büyüme geriliği yapabilir; fakat tekrarlayan akciğer enfeksiyonu, mekonyum ileusu öyküsü, çomaklaşma ve ter klorürü yüksekliği çölyaktan uzaklaştırır. || Çölyak hastalığı kronik ishal, karın şişliği ve büyüme geriliği yapabilir; fakat tekrarlayan akciğer enfeksiyonu, mekonyum ileusu öyküsü, çomaklaşma ve ter klorürü yüksekliği çölyaktan uzaklaştırır.",low,low
v404-pediatrics-safrasiz-fiskirir-kusma,Safrasız fışkırır kusma,Safrasız fışkırır kusma; projektil kusma; fışkırır kusma,Çocuk Sağlığı ve Hastalıkları,Pediatrik gastroenteroloji / Kusma paterni,P1,"Safra içermeyen, güçlü ve projektil kusma paternidir.",Pilor stenozunda tıkanıklık safra kanalının proksimalinde olduğu için kusma safrasızdır. Bebek kusmasına rağmen aç görünür; elektrolit bozukluğu ve dehidratasyon gelişebilir.,Safrasız projektil kusma pilor stenozunu; bilöz kusma volvulusu düşündürür.,Regürjitasyon pasif ve hafiftir; projektil kusma çıkış obstrüksiyonu lehinedir.,Pilor stenozu; Hipokloremik metabolik alkaloz; Dehidratasyon,33,"Süt çocuğunda safrasız fışkırır kusma, açlık hissi, dehidratasyon ve hipokloremik metabolik alkaloz paterninden gastrik çıkış obstrüksiyonunu tanıma. || Klinik tablo safrasız fışkırır kusma, kusma sonrası açlık hissi, hipokloremik hipokalemik metabolik alkaloz ve ultrasonografide pilor kalınlaşmasıyla hipertrofik pilor stenozunu gösterir. Bu hastada önce dehidratasyon ve elektrolit/asit-baz bozukluğu düzeltilir; kesin tedavi bundan sonra Ramstedt piloromiyotomisidir.",low,low
v404-pediatrics-pankreatik-yetmezlik,Pankreatik yetmezlik,Pankreatik yetmezlik,Çocuk Sağlığı ve Hastalıkları,Pediatrik gastroenteroloji / Malabsorpsiyon,P1,Pankreas enzim salgısının yetersizliği nedeniyle yağ ve besin emiliminin bozulmasıdır.,"Kistik fibroziste pankreatik kanal sekresyonları koyulaşır, ekzokrin bez hasarı gelişir ve steatore/kilo alamama görülebilir. Tedavide pankreatik enzim desteği ve beslenme düzenlemesi önemlidir.",Kistik fibroziste solunum bulgularına steatore ve büyüme geriliği eşlik edebilir.,Çölyak hastalığında mukozal villus hasarı; pankreatik yetmezlikte enzim eksikliği malabsorpsiyon yapar.,Kistik fibrozis; Steatore; Pankreatik enzim replasmanı,16,Pankreatik yetmezlik || Pankreatik yetmezlik,low,low
v404-pediatrics-oral-rehidratasyon-tedavisi,Oral rehidratasyon tedavisi,Oral rehidratasyon tedavisi; ORS; oral rehidratasyon solüsyonu,Çocuk Sağlığı ve Hastalıkları,Pediatrik gastroenteroloji / Sıvı tedavisi,P1,Hafif-orta dehidratasyonda oral rehidratasyon solüsyonuyla sıvı-elektrolit yerine koyma tedavisidir.,"Sodyum-glukoz kotransportu sayesinde barsaktan su emilimi sürer. Şok, bilinç bozukluğu, persistan kusma veya ileus varsa IV tedavi gerekir.",Hafif-orta dehidratasyonda ORS çoğu çocukta IV sıvıdan önce gelir.,Ağır dehidratasyon/şokta oral yol yeterli değildir; IV resüsitasyon gerekir.,Dehidratasyon; ORS; Sodyum-glukoz kotransportu,66,"Gövdede polimorf makülopapüler döküntü ve el-ayak dorsumunda ödem/eritem izlenir. || Bu çocukta ateş ve toksik görünümle birlikte hipotansiyon, uzamış kapiller dolum, zayıf periferik nabız, oligüri, laktat yüksekliği ve hipoglisemi doku hipoperfüzyonu ile seyreden septik şok tablosunu oluşturur. İlk saat yaklaşımı tanısal kesinliği beklemek değil eş zamanlı resüsitasyondur: oksijen, IV/IO erişim, glukoz düzeltmesi, izotonik kristalloid boluslarla sık yeniden değerlendirme ve gecikmeden geniş spektrumlu IV antibiyotik. K",low,low
v404-pediatrics-hemartroz,Hemartroz,Hemartroz,Çocuk Sağlığı ve Hastalıkları,Pediatrik hematoloji / Kanama paterni,P1,Eklem içine kanamadır.,Hemofili gibi koagülasyon faktör eksikliklerinde tipiktir ve tekrarlarsa eklem hasarı yapabilir. Mukokutanöz peteşiden farklı olarak derin kanama paternidir.,Hemartroz faktör eksikliği/hemofili için klasik kanama paternidir.,Trombosit bozuklukları daha çok peteşi-purpura; faktör eksiklikleri derin doku/eklem kanaması yapar.,Hemofili A; Faktör VIII eksikliği; aPTT uzaması,27,"Doğru cevap A’dır. Hemofili A, X’e bağlı kalıtılan faktör VIII eksikliğiyle karakterizedir. Faktör VIII intrinsik koagülasyon yolunda görev aldığı için aPTT uzar, PT genellikle normal kalır. Trombosit sayısı normaldir çünkü sorun primer hemostaz değil koagülasyon faktörü eksikliğidir. Klinik olarak derin doku kanamaları, hemartroz ve kas içi kanamalar daha tipiktir. Trombositopenilerde ise mukokutanöz kanama ve peteşi/purpura daha ön pl || Hemofili A = faktör VIII eksikliği + uzamış aPTT + normal PT + normal trombosit; derin kanama/hemartroz beklenir.",low,low
v404-pediatrics-izole-trombositopeni,İzole trombositopeni,İzole trombositopeni,Çocuk Sağlığı ve Hastalıkları,Pediatrik hematoloji / Laboratuvar paterni,P1,Trombosit düşüklüğünün anemi veya lökosit bozukluğu olmadan görülmesidir.,Çocukta peteşi/ekimoz ve iyi genel durumla birlikte İTP’yi düşündürür. Diğer hücre serilerinde bozukluk veya organomegali varsa kemik iliği hastalığı düşünülmelidir.,İzole trombositopeni İTP lehine; pansitopeni lösemi/aplazi açısından alarmdır.,HÜS’te trombositopeniye hemolitik anemi ve böbrek yetmezliği eşlik eder.,İmmün trombositopeni; Peteşi; Pansitopeni,80,"İmmün trombositopeni genellikle izole trombositopeni ve mukokütanöz kanamayla düşünülür. Buradaki ağır anemi, büyük dalak ve perfüzyon bozukluğu ITP ile açıklanmaz; steroid tek başına dolaşım bozukluğunu düzeltmez. || İmmün trombositopeni genellikle izole trombositopeni ve mukokütanöz kanamayla düşünülür. Buradaki ağır anemi, büyük dalak ve perfüzyon bozukluğu ITP ile açıklanmaz; steroid tek başına dolaşım bozukluğunu düzeltmez.",low,low
v404-pediatrics-ataksi-telenjiektazi,Ataksi telenjiektazi,Ataksi telenjiektazi,Çocuk Sağlığı ve Hastalıkları,Pediatrik immünoloji / DNA tamir bozukluğu,P1,"ATM gen kusuruna bağlı serebellar ataksi, okülokutanöz telenjiektazi ve immün yetmezlikle giden hastalıktır.","DNA çift iplik kırığı yanıtı bozulur; sinopulmoner enfeksiyonlar, malignite riski ve AFP yüksekliği görülebilir. Radyasyon duyarlılığı önemli klinik noktadır.",Ataksi + telenjiektazi + yüksek AFP ATM kusurunu düşündürür.,Serebral palside statik motor bozukluk vardır; ataksi telenjiektazide ilerleyici nöro-immün tablo olur.,ATM geni; AFP yüksekliği; Serebellar ataksi,4,Ataksi telenjiektazi || Ataksi telenjiektazi.,low,low
v404-pediatrics-dihidrorodamin-testi,Dihidrorodamin testi,Dihidrorodamin testi; DHR testi,Çocuk Sağlığı ve Hastalıkları,Pediatrik immünoloji / Fagosit fonksiyon testi,P1,Nötrofillerin oksidatif patlama kapasitesini ölçen akım sitometri testidir.,Kronik granülomatöz hastalıkta NADPH oksidaz kusuru nedeniyle floresan sinyali bozulur. Nitroblue tetrazolium testinin modern karşılığı gibi düşünülebilir.,CGD tanısında DHR testi oksidatif patlamayı değerlendirir.,İmmünoglobulin düzeyi B hücre kusurunu; DHR fagosit oksidatif öldürmesini ölçer.,Kronik granülomatöz hastalık; NADPH oksidaz; Oksidatif patlama,4,NADPH oksidaz kusuru respiratuvar patlamayı bozar; DHR testi tanıda kullanılır. || DHR testi,low,low
v404-pediatrics-gecikmis-gobek-kordonu-dusmesi,Gecikmiş göbek kordonu düşmesi,Gecikmiş göbek kordonu düşmesi,Çocuk Sağlığı ve Hastalıkları,Pediatrik immünoloji / Klinik ipucu,P1,Umblikal kordun beklenenden geç ayrılmasıdır ve lökosit adezyon defekti için klasik ipucudur.,Nötrofiller enfeksiyon alanına göç edemediği için lokal inflamasyon ve ayrılma süreci bozulabilir. İrin azlığı ve nötrofiliyle birlikte değerlendirilir.,Geç düşen göbek kordonu + irin yokluğu LAD için yüksek verimli ipucudur.,Basit geç iyileşme tek başına tanı koydurmaz; nötrofili ve enfeksiyon paterni eşlik etmelidir.,Lökosit adezyon defekti; Nötrofili; İrin yokluğu,5,IL2RG mutasyonu – İzole nötrofil adezyon kusuru ve gecikmiş göbek kordonu düşmesi || IL2RG mutasyonu – İzole nötrofil adezyon kusuru ve gecikmiş göbek kordonu düşmesi,low,low
v404-pediatrics-pda-kapatma-tedavisi,PDA kapatma tedavisi,PDA kapatma tedavisi,Çocuk Sağlığı ve Hastalıkları,Pediatrik kardiyoloji / Duktus yönetimi,P1,Patent duktus arteriozusun farmakolojik veya girişimsel olarak kapatılmasıdır.,Prematürelerde prostaglandin sentezini azaltan indometazin veya ibuprofen duktus kapanmasını destekleyebilir. Duktus bağımlı lezyonlarda ise tam tersi PGE1 ile açık tutulur.,PDA kapatmak için indometazin/ibuprofen; duktus bağımlı lezyonda PGE1 verilir.,PDA tedavisi hemodinamik etkiye bağlıdır; her üfürüm acil kapatma gerektirmez.,PDA; İndometazin; Prostaglandin E1,2,PDA kapatma tedavisi || PDA kapatma tedavisinde prostaglandin sentezi inhibe edilir; duktus bağımlı lezyonda ise duktus açık tutulur.,low,low
v404-pediatrics-comelme-davranisi,Çömelme davranışı,Çömelme davranışı,Çocuk Sağlığı ve Hastalıkları,Pediatrik kardiyoloji / Klinik kompansasyon,P1,Siyanotik çocukta çömelerek sistemik vasküler direnci artırma davranışıdır.,Fallot tetralojisinde SVR artışı sağ-sol şantı azaltır ve pulmoner akımı görece artırarak siyanozu hafifletebilir. Bu davranış tanısal ipucu olarak değerlidir.,Çömelme siyanozu azaltıyorsa Fallot tetralojisi düşün.,Egzersiz sonrası dinlenmek nonspesifiktir; tekrarlayan çömelme davranışı şant fizyolojisini düşündürür.,Fallot tetralojisi; Hipoksik spell; Sistemik vasküler direnç,1,Siyanotik çocukta çömelme davranışı hangi kalp hastalığında hipoksiyi azaltabilir?,low,low
v404-pediatrics-sabit-cift-s2,Sabit çift S2,Sabit çift S2,Çocuk Sağlığı ve Hastalıkları,Pediatrik kardiyoloji / Oskültasyon,P1,Solunumla değişmeyen geniş çift ikinci kalp sesidir.,ASD’de sağ kalbe sürekli hacim yükü pulmoner kapak kapanmasını geciktirir ve S2 sabit çift duyulur. Çocukta üfürümden çok sabit çift S2 tanısal olabilir.,Sabit çift S2 ASD için klasik oskültasyon bulgusudur.,Fizyolojik çiftleşme inspiryumda artar; ASD’de sabit kalır.,ASD; Sağ kalp hacim yükü; Pulmoner akım,8,ASD sabit çift S2 || sabit çift S2,low,low
v404-pediatrics-propiyonik-asidemi,Propiyonik asidemi,Propiyonik asidemi,Çocuk Sağlığı ve Hastalıkları,Pediatrik metabolizma / Organik asidemi,P1,Propionil-CoA karboksilaz eksikliğine bağlı organik asidemi tablosudur.,"Protein alımı veya katabolizma sonrası kusma, letarji, metabolik asidoz, ketozis ve hiperamonyemi gelişebilir. Tedavide protein kısıtlaması, karnitin ve akut dönemde katabolizmayı durdurma önemlidir.","Ketotik asidoz + hiperamonyemi organik asidemi, özellikle propiyonik/metilmalonik asidemi düşündürür.",Üre döngüsü defektinde respiratuvar alkaloz ve asidozsuz hiperamonyemi daha tipiktir.,Organik asidemi; Propionil-CoA karboksilaz; Karnitin,11,Propiyonik asidemi || Propiyonik asidemi.,low,low
v404-pediatrics-cay-rengi-idrar,Çay rengi idrar,Çay rengi idrar,Çocuk Sağlığı ve Hastalıkları,Pediatrik nefroloji / Hematüri bulgusu,P1,Glomerüler kaynaklı hematüride idrarın koyu kahverengi/çay renginde görünmesidir.,Eritrositler glomerülden geçerken şekil değiştirir ve idrar rengi parlak kırmızıdan çok çay-kola rengine dönebilir. Poststreptokokal GN ve IgA nefropatisi gibi nefritik tabloları düşündürür.,Çay rengi idrar glomerüler hematüri ipucudur.,Alt üriner sistem kanamasında idrar daha parlak kırmızı ve pıhtılı olabilir.,Poststreptokokal glomerülonefrit; Eritrosit silendiri; Nefritik sendrom,8,"Ailesi, göz kapaklarındaki şişliğin üç gündür özellikle sabahları belirginleştiğini ve gün içinde ayak bileklerine doğru yayıldığını anlatır. Son bir haftada idrarın köpüklü fark edildiği, ancak çay rengi idrar, yanma, ateş veya belirgin karın ağrısı olmadığı öğrenilir. Yakınmalar, hafif üst solunum yolu enfeksiyonundan birkaç gün sonra başlamıştır. Çocuğun bilinen böbrek hastalığı, işitme sorunu veya ailede erken böbrek yetmezliği öykü || Ailesi, göz kapaklarındaki şişliğin üç gündür özellikle sabahları belirginleştiğini ve gün içinde ayak bileklerine doğru yayıldığını anlatır. Son bir haftada idrarın köpüklü fark edildiği, ancak çay rengi idrar, yanma, ateş veya belirgin karın ağrısı olmadığı öğrenilir. Yakınmalar, hafif üst solunum yolu enfeksiyonundan birkaç gün sonra başlamıştır. Çocuğun bilinen böbrek hastalığı, işitme sorunu veya ailede erken böbrek yetmezliği öykü",low,low
v404-pediatrics-shiga-toksin-iliskili-hus,Shiga toksin ilişkili HÜS,Shiga toksin ilişkili HÜS,Çocuk Sağlığı ve Hastalıkları,Pediatrik nefroloji / Post-diyareik HÜS,P1,EHEC veya Shigella sonrası Shiga toksininin endotel hasarıyla HÜS oluşturmasıdır.,"Toksin glomerüler endoteli zedeler, trombosit tüketimi ve eritrosit parçalanması gelişir. Kanlı ishalden günler sonra oligüri ve solukluk klasik zaman çizgisidir.",Kanlı ishalden 5-10 gün sonra HÜS gelişmesi Shiga toksin ilişkisini düşündürür.,İmmün trombositopenide böbrek yetmezliği ve şistosit beklenmez.,Hemolitik üremik sendrom; EHEC; Şistosit,2,"Shiga toksin ilişkili HÜS’te antibiyotik/antimotilite tuzaklarından kaçınarak sıvı dengesi, hipertansiyon kontrolü, elektrolit izlemi ve diyaliz endikasyonlarını açıklayabilme. || Shiga toksin ilişkili HUS gelişme riski olan kanlı ishalde antibiyotik ve antimotilite ilaçlarından neden kaçınılır?",low,low
v404-pediatrics-basit-febril-nobet,Basit febril nöbet,Basit febril nöbet,Çocuk Sağlığı ve Hastalıkları,Pediatrik nöroloji / Ateşli nöbet,P1,"Kısa süreli, jeneralize, 24 saat içinde tekrarlamayan febril nöbettir.",Nöbet sonrası çocuk hızla toparlar ve nörolojik defisit beklenmez. Tedavi çoğunlukla aile eğitimi ve ateş nedeninin değerlendirilmesidir; rutin uzun süreli antiepileptik gerekmez.,Basit febril nöbet benign seyreder; uzun süreli antiepileptik rutin değildir.,"Kompleks febril nöbet fokal, 15 dakikadan uzun veya 24 saatte tekrarlayan nöbettir.",Febril nöbet; Kompleks febril nöbet; Ateş,34,"Ateşle ilişkili kısa nöbet başvurusunda basit febril nöbet, komplike nöbet, menenjit ve metabolik nedenleri ayırma. || Basit febril nöbet",low,low
v404-pediatrics-katilma-nobeti,Katılma nöbeti,Katılma nöbeti,Çocuk Sağlığı ve Hastalıkları,Pediatrik nöroloji / Benign paroksismal olay,P1,"Ağlama veya korku sonrası soluk tutma, morarma/solukluk ve kısa bilinç kaybıyla giden benign çocukluk olayıdır.",Genellikle hızlı düzelir ve postiktal dönem belirgin değildir. Aile için korkutucu olsa da tipik öykü epileptik nöbetten ayırmada değerlidir.,Ağlama sonrası morarma ve hızlı düzelme katılma nöbetini düşündürür.,Epileptik nöbette tetikleyici ağlama şart değildir ve postiktal uyku/konfüzyon daha belirgin olabilir.,Siyanotik katılma nöbeti; Postiktal dönem; Aile eğitimi,11,Katılma nöbeti || Katılma nöbeti.,low,low
v404-pediatrics-arefleksi,Arefleksi,Arefleksi,Çocuk Sağlığı ve Hastalıkları,Pediatrik nöromüsküler / Muayene bulgusu,P1,Derin tendon reflekslerinin alınamamasıdır.,"Alt motor nöron, periferik sinir veya kas-sinir birimi hastalıklarında görülebilir. SMA tip 1 ve Guillain-Barré gibi tablolarla birlikte yorumlanır.",Arefleksi periferik/alt motor nöron etkilenimini düşündürür.,Üst motor nöron lezyonlarında hiperrefleksi beklenir.,Spinal musküler atrofi tip 1; Guillain-Barré sendromu; Alt motor nöron,14,"Guillain-Barré sendromu genellikle akut/subakut asendan güçsüzlük, arefleksi ve sıklıkla enfeksiyon sonrası hızlı ilerleyen tabloyla seyreder. Bu vakada yıllar içinde ilerleyen motor gecikme, psödohipertrofi ve kronik çok yüksek CK bu tanıyla uyumlu değildir. || Guillain-Barré sendromu genellikle akut/subakut asendan güçsüzlük, arefleksi ve sıklıkla enfeksiyon sonrası hızlı ilerleyen tabloyla seyreder. Bu vakada yıllar içinde ilerleyen motor gecikme, psödohipertrofi ve kronik çok yüksek CK bu tanıyla uyumlu değildir.",low,low
v404-pediatrics-baldir-psodohipertrofisi,Baldır psödohipertrofisi,Baldır psödohipertrofisi,Çocuk Sağlığı ve Hastalıkları,Pediatrik nöromüsküler / Muayene bulgusu,P1,Kas lifleri yerine yağ ve bağ dokusu artışına bağlı baldırların büyük görünmesidir.,"Duchenne musküler distrofide kas dejenerasyonu sonucu baldırlar güçlü değil, yalancı büyümüş görünür. Bu bulgu Gowers ile birlikte çok yüksek verimli ipucudur.","Baldır büyüklüğü güç değil, psödohipertrofi olabilir; DMD’yi düşündürür.",Atletik hipertrofi fonksiyonel güçle gider; psödohipertrofide güçsüzlük vardır.,Duchenne musküler distrofi; Gowers bulgusu; Distrofin,49,"Duchenne musküler distrofisinde yaş, cinsiyet, motor gecikme, baldır psödohipertrofisi, Gowers manevrası ve çok yüksek CK paternini benzer nöromüsküler hastalıklardan ayırabilme. || Proksimal güçsüzlük, Gowers manevrası ve baldır psödohipertrofisi distrofinopati paternini destekler; duyu kaybı veya üst motor nöron bulgusu olmaması bazı çeldiricileri zayıflatır.",low,low
v404-pediatrics-dil-fasikulasyonu,Dil fasikülasyonu,Dil fasikülasyonu,Çocuk Sağlığı ve Hastalıkları,Pediatrik nöromüsküler / Muayene bulgusu,P1,Dilde ince kas seğirmelerinin görülmesidir.,Alt motor nöron etkilenimini düşündürür; bebekte hipotoni ve arefleksiyle birlikte SMA tip 1 için güçlü ipucudur. Muayenede dikkatli gözlemle saptanır.,Hipotonik bebekte dil fasikülasyonu SMA lehinedir.,Santral hipotonide refleksler artabilir; SMA’da alt motor nöron bulguları vardır.,Spinal musküler atrofi tip 1; Arefleksi; Hipotoni,9,"Bebekte hipotoni, dil fasikülasyonu ve arefleksi hangi motor nöron hastalığını düşündürür? || dil fasikülasyonu",low,low
v404-pediatrics-gowers-bulgusu,Gowers bulgusu,Gowers bulgusu,Çocuk Sağlığı ve Hastalıkları,Pediatrik nöromüsküler / Muayene bulgusu,P1,Çocuğun yerden kalkarken elleriyle bacaklarına tırmanarak doğrulmasıdır.,Proksimal kas güçsüzlüğünü gösterir ve Duchenne musküler distrofi için klasik ipucudur. Kalça-kuadriseps güçsüzlüğü nedeniyle gövdeyi kaldırmak için üst ekstremiteler destek olarak kullanılır.,Gowers bulgusu proksimal kas güçsüzlüğünü gösterir.,Serebellar atakside dengesizlik baskın olabilir; Gowers kas güçsüzlüğü paternidir.,Duchenne musküler distrofi; Proksimal kas güçsüzlüğü; Distrofin,9,"Erken çocuklukta progresif proksimal kas güçsüzlüğünü, Gowers bulgusu ve CK yüksekliğiyle birlikte değerlendirerek Duchenne musküler distrofisini ayırt etme. || Becker musküler distrofisi aynı genetik spektrumda yer alabilir; ancak genellikle daha geç başlangıçlı ve daha yavaş seyirlidir. Beş yaşında belirgin Gowers bulgusu, sık düşme, merdiven çıkamama ve çok yüksek CK Duchenne formunu daha olası kılar.",low,low
v404-pediatrics-lokokori,Lökokori,Lökokori,Çocuk Sağlığı ve Hastalıkları,Pediatrik oftalmoloji / Göz bulgusu,P1,Pupillada normal kırmızı refle yerine beyaz refle görülmesidir.,"Retinoblastom, konjenital katarakt, prematüre retinopatisi gibi nedenleri olabilir. Fotoğrafta beyaz pupilla aile tarafından fark edilebilir ve malignite dışlanana kadar önemlidir.",Lökokori retinoblastom dışlanana kadar ciddi kabul edilir.,Şaşılık tek başına benign olabilir; lökokori malign göz tümörü alarmıdır.,Retinoblastom; Kırmızı refle; Konjenital katarakt,60,"Süt çocuğunda fotoğrafta beyaz pupilla, asimetrik kırmızı refle ve şaşılık paterninden retinoblastomu diğer lökokori nedenlerinden ayırt etme. || Lökokori ile başvuran çocukta retinoblastomu konjenital katarakt, persistan fetal vaskülarite, Coats hastalığı ve oküler toksokariazisten klinik ve görüntüleme bulgularıyla ayırt etme.",low,low
v404-pediatrics-kirmizi-refle,Kırmızı refle,Kırmızı refle,Çocuk Sağlığı ve Hastalıkları,Pediatrik oftalmoloji / Tarama muayenesi,P1,Oftalmoskopla pupilladan retinal yansımanın kırmızı-turuncu görülmesidir.,Asimetri veya beyaz refle lökokori nedenlerini düşündürür. Yenidoğan ve çocuk muayenesinde katarakt ve retinoblastom taramasında basit ama kritik bir bulgudur.,Kırmızı refle kaybı/lökokori retinoblastom ve katarakt açısından alarmdır.,Normal kırmızı refle göz içi opasite veya retinal kitle olasılığını azaltır.,Lökokori; Retinoblastom; Konjenital katarakt,39,"Süt çocuğunda fotoğrafta beyaz pupilla, asimetrik kırmızı refle ve şaşılık paterninden retinoblastomu diğer lökokori nedenlerinden ayırt etme. || Sağ kırmızı refle belirgin azalmış, sol kırmızı refle simetrik ve parlaktır.",low,low
v404-pediatrics-nazal-aspirasyon,Nazal aspirasyon,Nazal aspirasyon,Çocuk Sağlığı ve Hastalıkları,Pediatrik pulmonoloji / Destek tedavisi,P1,Bebeklerde üst hava yolu sekresyonlarının temizlenmesi işlemidir.,Bronşiolitte burun tıkanıklığı beslenmeyi ve solunumu zorlaştırabilir. Nazal aspirasyon özellikle küçük bebekte oksijenlenme ve beslenmeyi destekleyen basit ama etkili destek basamağıdır.,"Bronşiolitte spesifik antiviral değil, nazal aspirasyon-hidrasyon-oksijen gibi destek tedavisi ön plandadır.",Epiglottitte hava yolu manipülasyonundan kaçınılır; bronşiolitte nazal sekresyon temizliği destekleyicidir.,Bronşiolit; Oksijen desteği; Beslenme güçlüğü,18,"Bronşiolitte rutin bronkodilatör/steroid/antibiyotik yerine oksijenlenme, nazal aspirasyon ve hidrasyon önceliğini ayırt edebilme. || Oksijen desteği, nazal aspirasyon ve hidrasyonun sağlanması",low,low
v404-pediatrics-tek-tarafli-hisilti,Tek taraflı hışıltı,Tek taraflı hışıltı,Çocuk Sağlığı ve Hastalıkları,Pediatrik pulmonoloji / Fizik muayene,P1,Wheezing bulgusunun bir hemitoraksta belirgin olmasıdır.,Diffüz astımdan farklı olarak lokalize obstrüksiyon düşündürür; çocukta özellikle yabancı cisim aspirasyonu akla gelir. Tanıklı boğulma öyküsü tanıyı güçlendirir.,Fokal wheezing + ani başlangıç = yabancı cisim aspirasyonu.,Astımda wheezing çoğunlukla bilateral/diffüzdür.,Yabancı cisim aspirasyonu; Hava hapsi; Rijit bronkoskopi,22,"Ani başlayan tek taraflı hışıltı || Çocuk, fındık yerken ani öksürük ve sonrasında devam eden tek taraflı hışıltı nedeniyle acile getiriliyor.",low,low
v404-pediatrics-hava-hapsi,Hava hapsi,Hava hapsi,Çocuk Sağlığı ve Hastalıkları,Pediatrik pulmonoloji / Görüntüleme,P1,Obstrüksiyon nedeniyle havanın distal akciğer segmentinden çıkamamasıdır.,Yabancı cisim aspirasyonunda valf mekanizmasıyla özellikle ekspirasyon grafisinde etkilenen tarafta hiperinflasyon görülebilir. Bu bulgu fokal obstrüksiyonu destekler.,Yabancı cisimde ekspiratuvar filmde tek taraflı hava hapsi görülebilir.,Bronşiolitte hava hapsi daha diffüz olabilir; yabancı cisimde fokal/lokalize patern önemlidir.,Yabancı cisim aspirasyonu; Tek taraflı hışıltı; Ekspirasyon grafisi,68,"Mekonyum aspirasyonuna bağlı distal hava yolu tıkanıklığı ve hava hapsi || Mekonyum aspirasyonunda mekonyumlu amniyon, kaba infiltrasyonlar, hiperinflasyon ve hava hapsi beklenir. Bu bebekte amniyon sıvısı berraktır ve grafi düşük hacimli RDS paterni gösterir.",low,low
v404-pediatrics-palpabl-purpura,Palpabl purpura,Palpabl purpura,Çocuk Sağlığı ve Hastalıkları,Pediatrik romatoloji / Döküntü bulgusu,P1,Ciltte ele gelen mor-kırmızı purpurik döküntüdür.,"Damar duvarı inflamasyonu nedeniyle eritrosit ekstravazasyonu ve ödem oluşur. Çocukta alt ekstremite-kalça yerleşimi, karın ağrısı ve artralji ile IgA vaskülitini düşündürür.",Palpabl purpura trombositopeniden çok vaskülit düşündüren bir döküntüdür.,Peteşi/purpura trombositopenide düz olabilir; palpabl olması vasküliti destekler.,IgA vasküliti; Artralji; Karın ağrısı,129,"Palpabl purpura ve karın ağrısı || IgA vaskülitinde palpabl purpura, gastrointestinal yakınma, artralji ve renal bulguları trombositopenik purpuradan ayırma.",low,low
v404-pediatrics-ko-oksimetri,Ko-oksimetri,Ko-oksimetri,Çocuk Sağlığı ve Hastalıkları,Pediatrik toksikoloji / CO tanısı,P1,Karboksihemoglobin gibi dishemoglobinleri ölçebilen özel oksimetri yöntemidir.,Karbon monoksit zehirlenmesinde standart pulse oksimetre yanlış normal gösterebilir; çünkü oksihemoglobin ve karboksihemoglobini ayırt edemez. Ko-oksimetri tanısal doğrulama sağlar.,CO zehirlenmesinde normal SpO2 yanıltıcıdır; ko-oksimetri gerekir.,Arter kan gazı PaO2 normal olabilir; sorun hemoglobinin oksijen taşıyamamasıdır.,Karbonmonoksit zehirlenmesi; Karboksihemoglobin; Pulse oksimetre yanılsaması,25,"Karbon monoksit maruziyetinde ortak çevresel öykü, normal pulse oksimetre yanılsaması, ko-oksimetri bulgusu ve acil oksijen tedavisi kararını ayırt etme. || Ko-oksimetri",low,low
v404-pediatrics-hiperbarik-oksijen,Hiperbarik oksijen,Hiperbarik oksijen,Çocuk Sağlığı ve Hastalıkları,Pediatrik toksikoloji / CO tedavisi,P1,Seçilmiş ağır karbon monoksit zehirlenmelerinde yüksek basınç altında oksijen verilmesidir.,"CO’nun hemoglobinden ayrılmasını hızlandırır ve doku oksijenlenmesini artırır. Bilinç kaybı, ciddi nörolojik bulgu, kardiyak iskemi veya gebelik gibi durumlarda gündeme gelir.",Ağır CO zehirlenmesinde hiperbarik oksijen düşünülür.,Tüm baş ağrılı olgularda gerekmez; ağırlık kriterleri ve klinik risk belirleyicidir.,Karbonmonoksit zehirlenmesi; Karboksihemoglobin; Ko-oksimetri,9,"Hiperbarik oksijen merkezine sevk planlayıp acil oksijen tedavisini ertelemek || Hiperbarik oksijen ağır nörolojik/kardiyak etkilenme, gebelik veya çok yüksek karboksihemoglobin gibi seçilmiş durumlarda ayrıca değerlendirilir; ancak değerlendirme süreci normobarik yüksek akımlı oksijeni geciktirmemelidir.",low,low
v404-pediatrics-karboksihemoglobin,Karboksihemoglobin,Karboksihemoglobin,Çocuk Sağlığı ve Hastalıkları,Pediatrik toksikoloji / Dishemoglobin,P1,Karbon monoksitin hemoglobine bağlanmasıyla oluşan formdur.,"CO oksijen bağlanmasını engeller ve oksijen ayrılmasını da zorlaştırır; doku hipoksisi gelişir. Baş ağrısı, bulantı, bilinç değişikliği ve aynı ortamda birden çok kişide yakınma önemli ipucudur.","CO zehirlenmesinde karboksihemoglobin artar, pulse oksimetre yanıltıcı olabilir.",Methemoglobinemide demir Fe3+ formuna oksitlenir; CO zehirlenmesinde CO-Hb oluşur.,Karbonmonoksit zehirlenmesi; Ko-oksimetri; Doku hipoksisi,40,"Pulse oksimetrede normal satürasyon görülmesi, karboksihemoglobini ayırt edemediği için karbon monoksit zehirlenmesini dışlamaz. || Pulse oksimetrede normal satürasyon görülmesi, karboksihemoglobini ayırt edemediği için karbon monoksit zehirlenmesini dışlamaz.",low,low
